,star,2MASS ID,source_id,AllWISE ID,GALEX ID,ra,dec,distance,vsini,VSX Period,Av,fe_h,m_G,Gaia G flux_over_error,m_BP,Gaia BP flux_over_error,m_RP,Gaia RP flux_over_error,2MASS J,2MASS J error,2MASS H,2MASS H error,2MASS K,2MASS K error,WISE W1,WISE W1 error,WISE W2,WISE W2 error,WISE W3,WISE W3 error,WISE W4,WISE W4 error,GALEX FUV,GALEX FUV Error,GALEX NUV,GALEX NUV Error,Li Profile,H-alpha Profile,Ca II H Profile,Ca II K Profile,2MASS_qph,ALLWISE_ccf,ALLWISE_qph,leiner_class,updated_class,P_orb,P_orb_err,ecc,ecc_err,K1,K1_err,K2,K2_err,orb_class,M2_min (M1=1.0Msun),M2_min (M1=1.1Msun),M2_min (M1=1.2Msun),M2_min (M1=1.3Msun),M2_min (M1=1.4Msun),M2_min (M1=1.5Msun)
0,HR Cet,2MASS 02423621+0717260,18910470421959808,WISEA J024236.23+071726.0,GALEX J024236.2+071726,40.65095558618673,7.290585245493459,506.38629111415224,,52.84,0.28,,8.409346,746.51624,9.2354555,193.07515,7.510871,230.17204,6.244,0.021,5.565,0.047,5.245,0.021,5.004,0.234,4.642,0.135,2.719,0.011,1.669,0.017,19.606800079345703,0.1267,16.569900512695312,0.0176999997347593,,,,,AAA,0000,BBAA,cut,RS,,,,,,,,,,,,,,,
1,DG Ari,2MASS 02552105+1539229,34148700855166720,WISEA J025521.06+153922.8,GALEX J025521.0+153923,43.83780066505116,15.656337721802666,796.0927283924646,,34.02,0.31,,10.65428,399.68048,11.333716,115.44541,9.84941,278.77017,8.904,0.046,8.22,0.047,8.061,0.018,7.946,0.026,8.015,0.021,7.907,0.022,7.797,0.211,21.556900024414062,0.3671,18.81760025024414,0.0688999965786933,,,,,AAA,0000,AAAB,RS,RS,,,,,,,,,,,,,,,
2,CSS J032403.3+152821,2MASS 03240338+1528212,54254958891842816,WISEA J032403.38+152821.1,GALEX J032403.3+152821,51.01410355127157,15.47253974991323,1472.8915722474003,,1.07,0.48,-0.4777,14.858748,266.46628,15.42184,76.83865,14.137844,103.00868,13.238,0.022,12.669,0.026,12.534,0.026,12.465,0.024,12.468,0.025,12.21,0.387,8.776,,,,21.83769989013672,0.4056000113487243,,,,,AAA,0000,AACU,RS,SSG,,,,,,,,,,,,,,,
3,ZTF J035347.19+235007.6,2MASS 03534721+2350075,65719566637012992,WISEA J035347.19+235007.5,,58.44664614163716,23.83542417189985,1220.3011867091086,,3.88,0.42,-1.4311,14.168001,708.316,14.704685,228.09103,13.454412,237.6548,12.346,0.021,11.793,0.021,11.658,0.02,11.62,0.024,11.574,0.022,11.368,0.21,8.918,,,,,,,,,,AAA,0000,AABU,RS,SSG,,,,,,,,,,,,,,,
4,[WM2007] 85,2MASS 03473679+2806253,71640436752289408,WISEA J034736.79+280625.2,GALEX J034736.7+280625,56.90332442047046,28.10701870991814,1842.175344779815,,2.68,0.37,-0.3814,15.004778,241.51671,15.640956,67.421196,14.22789,87.206116,13.108,0.024,12.483,0.025,12.381,0.025,12.319,0.024,12.285,0.024,12.426,0.528,9.034,,,,21.42569923400879,0.4990000128746032,,,,,AAA,0000,AACU,RS,SSG,,,,,,,,,,,,,,,
5,ZTF J024245.02+161819.8,2MASS 02424501+1618200,81709523719057536,WISEA J024245.01+161819.9,GALEX J024245.0+161820,40.68759334849107,16.305496512913244,1351.144096922206,,6.33,0.26,-0.5055,14.471627,249.56714,15.016265,77.809166,13.771362,83.05427,12.942,0.021,12.341,0.023,12.22,0.017,12.193,0.023,12.144,0.023,11.828,0.323,8.834,,,,21.0802001953125,0.2273000031709671,,,,,AAA,0000,AABU,RS,SSG,,,,,,,,,,,,,,,
6,ZTF J024731.34+171605.8,2MASS 02473134+1716060,83339790224838784,WISEA J024731.34+171605.8,,41.88059999692063,17.268300455125537,873.4968667903837,,17.06,0.27,-0.1972,13.467905,504.08838,13.982082,124.87865,12.686893,146.92624,11.698,0.021,11.163,0.022,11.023,0.018,10.993,0.023,11.027,0.02,11.165,0.174,8.704,,,,,,,,,,AAA,0h00,AABU,RS,SSG,,,,,,,,,,,,,,,
7,ZTF J025103.05+181249.5,2MASS 02510303+1812493,83540210579216128,WISEA J025103.04+181249.3,,42.762736423881336,18.213725388984724,1676.2340494171262,,7.59,0.4,-0.3595,14.571105,339.07236,15.16605,99.456696,13.823861,123.65431,12.899,0.022,12.285,0.031,12.152,0.027,12.101,0.023,12.076,0.023,12.272,0.431,8.908,,,,,,,,,,AAA,0000,AACU,RS,SSG,,,,,,,,,,,,,,,
8,CSS J024155.4+212754,2MASS 02415544+2127546,88480659920272384,WISEA J024155.44+212754.5,,40.48102885387232,21.465145206309856,1655.076198672108,,3.65,0.44,-0.4395,14.69115,403.51285,15.296303,91.68432,13.938282,110.800964,13.031,0.03,12.386,0.035,12.247,0.02,12.226,0.023,12.206,0.023,11.809,,8.881,,,,,,,,,,AAA,0000,AAUU,RS,SSG,,,,,,,,,,,,,,,
9,ZTF J014501.53+220645.6,2MASS 01450153+2206455,98294935069481344,WISEA J014501.53+220645.5,GALEX J014501.7+220646,26.25641264890611,22.11264950238823,1451.2639973257697,,1.16,0.26,-0.4334,14.552032,590.29266,15.048642,173.06062,13.835389,217.2508,13.004,0.027,12.518,0.034,12.379,0.022,12.284,0.024,12.313,0.023,12.097,0.315,9.242,,,,20.6387996673584,0.241799995303154,,,,,AAA,0000,AABU,cut,SSG,,,,,,,,,,,,,,,
10,ZTF J015049.98+234731.1,2MASS 01505000+2347310,99014050033715456,WISEA J015049.99+234731.0,GALEX J015049.9+234731,27.708308585009036,23.791956013712788,1572.681856875207,,24.59,0.33,,14.402518,546.7881,14.95536,174.37068,13.679481,212.74777,12.573,0.023,12.072,0.021,11.957,0.02,11.983,0.022,11.991,0.022,11.831,0.239,9.094,,,,21.04780006408692,0.2342000007629394,,,,,AAA,0000,AABU,RS,RS,,,,,,,,,,,,,,,
11,BK Ari,2MASS 01593557+2348527,104747552200480256,WISEA J015935.58+234852.6,GALEX J015935.5+234852,29.898274929205545,23.814618108691676,506.88724386075,,5.56,0.26,-1.4707,12.091827,430.35242,12.711226,58.364365,11.373419,75.32989,10.268,0.021,9.702,0.024,9.56,0.018,9.532,0.022,9.544,0.02,9.465,0.036,8.424,,21.99720001220703,0.3692,19.10300064086914,0.050500001758337,,,,,AAA,0000,AAAU,RS,SSG,,,,,,,,,,,,,,,
12,ZTF J020642.67+253155.3,2MASS 02064268+2531555,105419839137199360,WISEA J020642.68+253155.3,,31.677830099851665,25.532028797336345,1279.5788379252572,,10.93,0.21,,14.118724,1284.3351,14.688123,194.01038,13.405693,387.22617,12.559,0.021,11.948,0.028,11.85,0.023,11.766,0.024,11.767,0.022,11.515,,8.438,,,,,,,,,,AAA,0000,AAUU,RS,RS,,,,,,,,,,,,,,,
13,ZTF J020011.95+255028.4,2MASS 02001195+2550283,105632766435603072,WISEA J020011.95+255028.3,GALEX J020011.9+255028,30.049806998655388,25.841204074838135,886.0268450548604,,13.87,0.26,-0.3445,13.254127,217.70937,13.793588,72.764404,12.551006,82.22828,11.552,0.022,10.982,0.02,10.869,0.018,10.741,0.023,10.745,0.021,10.67,0.085,9.234,,,,19.643199920654297,0.0834999978542327,,,,,AAA,0000,AAAU,RS,SSG,,,,,,,,,,,,,,,
14,ZTF J021028.44+282114.3,2MASS 02102845+2821144,107501352087467904,WISEA J021028.45+282114.3,GALEX J021028.4+282115,32.61854831893716,28.35397308243828,1724.060196129482,,16.29,0.19,-0.1225,14.869945,465.49313,15.470162,126.82088,14.111479,133.43423,13.153,0.023,12.57,0.024,12.425,0.023,12.376,0.023,12.405,0.026,12.379,0.523,8.7,,,,22.4025993347168,0.4377000033855438,,,,,AAA,0000,AACU,RS,SSG,,,,,,,,,,,,,,,
15,ZTF J025246.52+272242.4,2MASS 02524652+2722424,116312254157211904,WISEA J025246.52+272242.5,,43.193852386753335,27.378459802760315,1584.1163126894903,,14.92,0.37,-0.0426,15.043416,708.6968,15.606098,206.41798,14.330304,195.64557,13.444,0.024,12.909,0.024,12.841,0.023,12.72,0.024,12.737,0.026,11.991,0.346,8.949,,,,,,,,,,AAA,0000,AABU,RS,SSG,,,,,,,,,,,,,,,
16,CSS J025922.3+283913,2MASS 02592236+2839136,116862731528003456,WISEA J025922.35+283913.5,GALEX J025922.1+283913,44.8431996097237,28.653749312134902,1551.5113213522625,,1.03,0.43,-0.1047,14.097484,598.6693,14.699867,157.5615,13.36816,218.52182,12.431,0.019,11.883,0.016,11.773,0.02,11.669,0.024,11.688,0.023,11.477,0.213,8.67,,,,21.548200607299805,0.3368000090122223,,,,,AAA,0000,AABU,RS,SSG,,,,,,,,,,,,,,,
17,CE Tri,2MASS 02252914+3041505,132377527788307200,WISEA J022529.14+304150.5,GALEX J022529.1+304151,36.37144135445574,30.69734951464733,553.590801039278,,5.1,0.24,-0.8476,11.243911,178.02983,11.757038,56.469208,10.549461,54.71218,9.575,0.023,8.94,0.024,8.812,0.02,8.757,0.023,8.738,0.021,8.619,0.026,8.852,0.491,21.12159919738769,0.2094,16.566099166870117,0.0146000003442168,,,,,AAA,0000,AAAC,cut,SSG,,,,,,,,,,,,,,,
18,ZTF J023510.45+344050.0,2MASS 02351045+3440502,134948873172378112,WISEA J023510.45+344050.0,GALEX J023510.5+344051,38.79358263187713,34.680562210514246,1440.1250009617931,,6.14,0.19,-0.1345,14.1819,301.94794,14.821293,79.337654,13.4134035,114.10262,12.396,0.021,11.76,0.024,11.62,0.02,11.541,0.023,11.534,0.022,11.314,0.166,8.891,,,,21.792299270629883,0.4260999858379364,,,,,AAA,hh00,AABU,SSG,SSG,,,,,,,,,,,,,,,
19,ZTF J025506.83+340101.8,2MASS 02550682+3401017,136779147712330624,WISEA J025506.83+340101.8,,43.77845900062539,34.01716743617684,1697.8401279627426,,11.44,0.27,-0.2821,14.996784,296.62283,15.528442,81.58762,14.30668,115.87285,13.446,0.021,12.958,0.026,12.812,0.024,12.746,0.024,12.762,0.026,11.804,,8.994,0.54,,,,,,,,,AAA,0000,AAUC,RS,SSG,,,,,,,,,,,,,,,
20,ZTF J031013.78+343336.7,2MASS 03101378+3433367,137804438010183424,WISEA J031013.79+343336.6,GALEX J031013.7+343336,47.55746229432442,34.560201349180254,1663.6557703145988,,20.22,0.34,-0.2146,13.692106,483.5576,14.167344,145.4834,13.036135,162.89653,12.217,0.021,11.729,0.022,11.561,0.018,11.451,0.023,11.473,0.02,11.408,0.171,8.265,,,,18.934600830078125,0.0812000036239624,,,,,AAA,0000,AABU,RS,RS,,,,,,,,,,,,,,,
21,ZTF J024900.29+334724.2,2MASS 02490026+3347240,139724533205093248,WISEA J024900.27+334724.0,,42.2512101941871,33.790020521328685,1639.3580122355684,,1.11,0.25,-1.6488,16.094147,376.20715,16.701561,91.33406,15.331283,115.51648,14.287,0.028,13.706,0.033,13.51,0.033,13.436,0.026,13.404,0.031,12.208,,9.048,,,,,,,,,,AAA,0000,AAUU,SSG,SSG,,,,,,,,,,,,,,,
22,ZTF J030044.26+370341.1,2MASS 03004425+3703412,142092606373337728,WISEA J030044.25+370341.1,GALEX J030044.1+370341,45.18441989155537,37.06143223723209,1013.5345125306908,,17.1,0.32,,13.877181,269.1389,14.505027,80.81704,13.109886,99.25322,12.185,0.02,11.556,0.019,11.394,0.019,11.258,0.022,11.296,0.021,10.889,0.109,8.946,,,,21.230100631713867,0.4104999899864197,,,,,AAA,0000,AABU,RS,SSG,,,,,,,,,,,,,,,
23,ZTF J025704.57+374527.2,2MASS 02570458+3745272,142282203409545728,WISEA J025704.56+374527.1,,44.26908459834938,37.75754199599284,1576.3132890051363,,3.57,0.29,-0.19,14.105307,336.42172,14.703745,91.30305,13.353995,102.399635,12.331,0.026,11.714,0.024,11.579,0.024,11.354,0.023,11.366,0.022,11.376,0.18,9.105,,,,,,,,,,AAA,0h00,AABU,RS,SSG,,,,,,,,,,,,,,,
24,ZTF J030554.64+372911.0,2MASS 03055464+3729109,142439811529529856,WISEA J030554.64+372910.9,,46.4777091632763,37.48637224169556,1775.8621716801483,,12.35,0.5,-0.162,15.075676,608.7229,15.7009535,135.22704,14.313924,265.47238,13.321,0.023,12.744,0.024,12.599,0.021,12.482,0.041,12.535,0.025,12.212,,8.825,,,,,,,,,,AAA,0000,AAUU,RS,SSG,,,,,,,,,,,,,,,
25,ZTF J030428.88+391018.3,2MASS 03042886+3910183,142919713995622656,WISEA J030428.87+391018.2,,46.12034132433511,39.17174185098628,1628.072117362759,,1.23,0.33,-0.1096,13.724305,762.7495,14.20884,205.48589,13.07706,228.50311,12.27,0.022,11.831,0.026,11.725,0.023,11.655,0.023,11.676,0.021,11.818,0.273,9.109,,,,,,,,,,AAA,h000,AABU,RS,RS,,,,,,,,,,,,,,,
26,ZTF J025453.07+401337.3,2MASS 02545308+4013373,143926935366385792,WISEA J025453.07+401337.3,GALEX J025453.0+401338,43.72116090259876,40.22702979784043,1603.4566201157052,,11.19,0.27,-0.0088,13.946555,426.38843,14.490312,126.86643,13.251465,157.93065,12.378,0.022,11.863,0.019,11.771,0.016,11.64,0.022,11.668,0.022,11.843,0.265,8.681,,,,21.0841007232666,0.2897000014781952,,,,,AAA,0000,AABU,RS,RS,,,,,,,,,,,,,,,
27,ZTF J025742.34+404728.1,2MASS 02574233+4047281,143968476290098688,WISEA J025742.34+404728.0,GALEX J025742.2+404729,44.42643301087537,40.79113124153276,1413.532680691717,,2.82,0.3,-0.1588,14.132895,308.94873,14.74202,89.02935,13.372243,103.509445,12.417,0.03,11.802,0.03,11.659,0.028,11.59,0.025,11.581,0.024,11.521,0.275,8.664,,,,21.26160049438477,0.3501000106334686,,,,,AAA,0000,AABU,RS,SSG,,,,,,,,,,,,,,,
28,ZTF J025924.81+405801.7,2MASS 02592481+4058017,144055440787909760,WISEA J025924.81+405801.6,GALEX J025924.7+405801,44.853383443250216,40.967136217380826,1522.3765124031354,,4.88,0.33,-0.2538,13.20972,358.92276,13.668423,105.02034,12.578575,142.97163,11.784,0.02,11.372,0.022,11.262,0.022,11.16,0.024,11.172,0.021,11.008,0.121,8.821,,,,19.33550071716309,0.1071999967098236,,,,,AAA,dd00,AABU,RS,RS,,,,,,,,,,,,,,,
29,ZTF J035621.50+352021.5,2MASS 03562150+3520216,218967126495227520,WISEA J035621.51+352021.5,,59.089592778620506,35.339296746301905,1092.0476493081323,,3.31,0.44,-0.2496,14.01102,519.73816,14.826603,151.48262,13.117713,205.13078,11.89,0.024,11.171,0.021,10.951,0.02,10.76,0.023,10.708,0.022,10.551,0.087,8.699,,,,,,,,,,AAA,0000,AAAU,SSG,SSG,,,,,,,,,,,,,,,
30,ZTF J032132.75+404033.9,2MASS 03213274+4040339,236322127264797696,WISEA J032132.73+404033.8,,50.38647801534466,40.67609759099549,1355.707831986113,,1.2,0.43,0.1387,14.249374,423.0028,14.903082,120.534035,13.468466,132.77843,12.468,0.023,11.859,0.023,11.69,0.018,11.406,0.023,11.47,0.022,11.376,0.158,8.79,,,,,,,,,,AAA,dd00,AABU,RS,SSG,,,,,,,,,,,,,,,
31,ZTF J032905.29+402440.1,2MASS 03290529+4024402,236822851732043520,WISEA J032905.29+402440.1,,52.27206164403996,40.41113723892769,1114.4271371538457,,9.07,0.5,0.0316,13.946113,319.93704,14.610958,92.42087,13.15843,120.42953,12.039,0.022,11.445,0.021,11.29,0.02,11.263,0.023,11.272,0.021,11.322,0.2,8.145,,,,,,,,,,AAA,0000,AABU,RS,SSG,,,,,,,,,,,,,,,
32,ZTF J031428.02+404910.8,2MASS 03142802+4049108,238966555807400832,WISEA J031428.02+404910.8,,48.61677911443467,40.81966459500411,1488.920255992478,,11.15,0.4,-0.0578,13.7164955,380.4974,14.343319,103.81585,12.953337,116.689835,11.936,0.022,11.366,0.023,11.217,0.02,11.07,0.023,11.074,0.023,11.126,0.148,8.866,,,,,,,,,,AAA,0000,AABU,RS,SSG,,,,,,,,,,,,,,,
33,ZTF J031438.22+414833.9,2MASS 03143823+4148339,239593139997785856,WISEA J031438.21+414833.7,,48.659289214112306,41.8094086316236,1580.9553568323552,,16.18,0.42,-0.3738,15.04498,260.7848,15.854382,72.782616,14.161413,110.14926,12.547,0.02,11.877,0.023,11.696,0.022,11.645,0.025,11.601,0.022,11.444,0.186,8.995,,,,,,,,,,AAA,hh00,AABU,SSG,SSG,,,,,,,,,,,,,,,
34,ZTF J030624.81+405354.6,2MASS 03062481+4053547,239870285646809600,WISEA J030624.81+405354.8,,46.603395935580096,40.89851520296752,1571.2451748456258,,9.38,0.46,-0.6071,13.90187,437.86423,14.477113,148.79718,13.1587515,127.59063,11.779,0.022,11.195,0.021,11.07,0.019,11.051,0.117,11.034,0.021,10.836,0.11,8.546,,,,,,,,,,AAA,0000,BABU,RS,SSG,,,,,,,,,,,,,,,
35,ZTF J030617.16+405826.0,2MASS 03061717+4058258,239871419518155776,WISEA J030617.17+405825.8,,46.571520248427795,40.973880235006014,1893.3807645187244,,5.19,0.49,0.3767,15.680771,114.01592,16.415949,30.547403,14.828714,39.442043,13.758,0.027,13.123,0.024,12.949,0.025,12.716,0.024,12.714,0.025,12.447,0.485,8.815,,,,,,,,,,AAA,0000,AACU,SSG,SSG,,,,,,,,,,,,,,,
36,ZTF J055509.57+584040.1,2MASS 05550954+5840404,269822528574842624,WISEA J055509.55+584040.2,,88.78987123063048,58.67782856692611,1579.225043474496,,7.56,0.4,-0.1258,15.153428,399.28134,15.800842,103.44812,14.358806,117.9755,13.299,0.021,12.674,0.022,12.523,0.023,12.495,0.024,12.43,0.023,12.201,0.387,8.629,,,,,,,,,,AAA,0000,AACU,RS,SSG,,,,,,,,,,,,,,,
37,ZTF J055813.86+590550.1,2MASS 05581388+5905501,269860977121844608,WISEA J055813.88+590550.0,,89.55781733528389,59.09723939999252,1689.2610781674268,,9.24,0.37,-0.1578,14.806494,272.4684,15.434581,76.10735,14.0339365,98.42629,13.093,0.025,12.493,0.024,12.313,0.022,12.144,0.023,12.123,0.024,12.097,0.356,8.386,,,,,,,,,,AAA,0000,AABU,RS,SSG,,,,,,,,,,,,,,,
38,ZTF J013443.74+224801.8,2MASS 01344374+2248016,289315048668115584,WISEA J013443.74+224801.7,GALEX J013443.7+224802,23.682296421205148,22.8004927608888,1734.1469933635256,,2.34,0.29,-0.4863,13.075592,1304.7493,13.455751,544.6262,12.518091,391.0375,11.8,0.023,11.367,0.021,11.23,0.022,11.146,0.023,11.173,0.021,11.075,0.118,8.77,,22.279199600219727,0.3311,18.01749992370605,0.0237000007182359,,,,,AAA,0000,AABU,RS,RS,,,,,,,,,,,,,,,
39,ZTF J012941.41+223314.4,2MASS 01294142+2233146,289951867766346624,WISEA J012941.41+223314.3,GALEX J012941.4+223315,22.42260564640423,22.55400692420456,768.9220821347043,,4.64,0.21,-0.3044,12.806674,552.8828,13.285591,143.52217,12.126156,179.51772,11.218,0.026,10.787,0.034,10.656,0.024,10.563,0.023,10.569,0.02,10.5,0.075,9.35,,,,19.05929946899414,0.0653000026941299,,,,,AAA,0000,AAAU,RS,SSG,,,,,,,,,,,,,,,
40,ZTF J014520.28+243937.0,2MASS 01452028+2439371,291388517144516736,WISEA J014520.29+243937.0,GALEX J014520.3+243937,26.33454872141414,24.660261987455872,1091.9817416217331,,10.47,0.27,-0.278,12.950889,822.7253,13.399733,248.16968,12.333908,279.38974,11.552,0.022,11.101,0.022,10.991,0.02,10.928,0.023,10.957,0.02,10.867,0.089,9.106,,,,18.72089958190918,0.0516000017523765,,,,,AAA,0000,AAAU,RS,RS,,,,,,,,,,,,,,,
41,HR Psc,2MASS 01362781+2508355,292071455599507456,WISEA J013627.81+250835.4,GALEX J013627.7+250835,24.115887668124593,25.143127799763693,218.84259597691243,24.63181818181818,3.93,0.26,-0.3501,10.079236,328.50607,10.79165,110.356125,9.259404,131.76997,8.326,0.029,7.664,0.031,7.459,0.021,7.174,0.036,7.161,0.02,7.057,0.016,6.899,0.077,19.54389953613281,0.0847,17.31329917907715,0.017400000244379,Yes,Emission,Normal Emission,Normal Emission,AAA,0000,AAAA,SSG,SSG,3.9324,0.0173,0.0601,0.0073,21.485,0.665,,,Asymmetric,0.16881147,0.17951018,0.18988137,0.1999614,0.20978013,0.21936244
42,CSS J012354.1+234255,2MASS 01235417+2342552,293321802183315584,WISEA J012354.17+234255.1,GALEX J012354.1+234254,20.975721260707285,23.71537202645105,913.8867355643608,,4.52,0.2,0.0744,13.501377,160.07655,14.044191,40.7915,12.550528,45.76211,11.396,0.019,10.728,0.021,10.593,0.018,10.497,0.022,10.486,0.021,10.319,0.062,8.438,,,,19.858299255371097,0.0920000001788139,,,,,AAA,0000,AAAU,SSG,SSG,,,,,,,,,,,,,,,
43,GZ Psc,2MASS 01213926+2517473,293812978938542592,WISEA J012139.27+251747.2,GALEX J012139.2+251747,20.413638293686063,25.296445339366993,735.3363059493581,,12.99,0.25,,9.262263,843.0789,9.959974,281.9231,8.453365,293.04047,7.427,0.02,6.782,0.026,6.586,0.021,6.455,0.073,6.473,0.024,6.437,0.016,6.318,0.052,20.633899688720703,0.1921,17.27519989013672,0.0164000000804662,,,,,AAA,hh00,AAAA,RS,RS,25.94729423889719,0.0023836768,0.0075049708888384,0.005072466,24.8232769257456,0.11478841,,,SB1,0.44012424,0.46526524,0.48958582,0.5131793,0.53612226,0.5584781
44,ZTF J013551.33+274231.0,2MASS 01355133+2742311,295998120859979008,WISEA J013551.33+274231.0,,23.963910056682447,27.70861103370895,1553.043083834065,,16.84,0.23,-0.0094,14.554413,621.43304,15.1443205,168.30339,13.81052,168.27515,12.809,0.024,12.249,0.03,12.133,0.024,12.142,0.022,12.167,0.023,11.937,0.251,9.068,,,,,,,,,,AAA,0000,AABU,RS,SSG,,,,,,,,,,,,,,,
45,CSS J020202.8+274204,2MASS 02020284+2742043,299561191369018624,WISEA J020202.85+274204.3,GALEX J020202.8+274205,30.511906410113408,27.7011969707084,1403.628091495865,,71.28,0.17,,13.134493,357.74823,13.718535,105.365234,12.402423,135.32007,11.568,0.023,10.97,0.023,10.836,0.02,10.708,0.022,10.763,0.022,10.71,0.114,8.506,,,,21.32320022583008,0.2014999985694885,,,,,AAA,0000,AABU,RS,RS,,,,,,,,,,,,,,,
46,GSC 01764-01367,2MASS 02041871+2935515,300027483083207296,WISEA J020418.72+293551.4,GALEX J020418.7+293551,31.078015002642076,29.59760344653795,744.3639178631511,,28.7,0.14,,12.124837,4562.022,12.611382,1097.6464,11.4773035,2584.0403,10.66,0.022,10.219,0.021,10.109,0.019,10.052,0.022,10.128,0.02,10.024,0.058,8.338,,,,19.893299102783203,0.0975999981164932,,,,,AAA,0000,AAAU,RS,RS,,,,,,,,,,,,,,,
47,CSS J013749.2+292133,2MASS 01374926+2921334,302917897289491968,WISEA J013749.25+292133.3,GALEX J013749.2+292134,24.455217241824258,29.359215588429556,1222.1207266628508,,0.16,0.14,0.0501,13.243844,7381.7905,13.752926,1654.6667,12.580298,2157.18,11.751,0.022,11.243,0.032,11.134,0.02,11.08,0.023,11.147,0.02,10.976,0.104,9.362,0.517,,,20.91110038757324,0.1708000004291534,,,,,AAA,0000,AAAC,RS,RS,,,,,,,,,,,,,,,
48,CSS J015645.8+323602,2MASS 01564591+3236017,304874684389709696,WISEA J015645.92+323601.6,GALEX J015645.8+323558,29.19137771988975,32.60045393251566,1859.0876328890008,,2.15,0.14,-0.2206,15.902084,166.28958,16.657114,68.280464,15.019375,60.133495,13.543,0.026,12.865,0.032,12.671,0.019,12.681,0.024,12.637,0.026,12.412,0.538,8.485,,,,22.603900909423828,0.4023999869823456,,,,,AAA,0000,AACU,SSG,SSG,,,,,,,,,,,,,,,
49,ZTF J010532.48+255930.9,2MASS 01053248+2559309,306586177317208064,WISEA J010532.48+255930.9,GALEX J010532.4+255931,16.385369973087435,25.991911238886463,1666.909151667753,,10.1,0.21,-0.1424,13.80786,459.6201,14.4124775,130.51407,13.057585,170.13057,12.008,0.021,11.4,0.022,11.28,0.02,11.29,0.022,11.261,0.02,11.337,0.146,9.144,,,,20.820499420166016,0.1037999987602233,,,,,AAA,0000,AABU,RS,SSG,,,,,,,,,,,,,,,
50,ZTF J010958.97+263546.7,2MASS 01095896+2635468,306713686306257280,WISEA J010958.97+263546.7,GALEX J010958.9+263544,17.49571703851453,26.59630486959725,1770.080101174693,,7.64,0.2,-0.4556,15.12132,689.6043,15.634414,133.58731,14.444343,201.55165,13.467,0.024,12.981,0.025,12.885,0.025,12.91,0.024,12.904,0.025,12.578,0.415,9.091,,,,21.476900100708008,0.3420000076293945,,,,,AAA,0000,AACU,RS,SSG,,,,,,,,,,,,,,,
51,ZTF J010458.35+265629.7,2MASS 01045833+2656300,307525881801872896,WISEA J010458.34+265629.8,,16.24314400801906,26.941588910560256,1339.358836338175,,16.9,0.22,-0.5949,14.899554,604.8353,15.482209,143.28307,14.141292,148.59663,13.2,0.023,12.616,0.024,12.491,0.023,12.494,0.023,12.461,0.024,12.154,0.28,9.246,,,,,,,,,,AAA,0000,AABU,cut,SSG,,,,,,,,,,,,,,,
52,CSS J010707.4+273628,2MASS 01070740+2736290,307953935422377216,WISEA J010707.40+273629.0,GALEX J010707.4+273631,16.780856193171758,27.608054578711293,1586.951482942029,,10.14,0.16,-0.3916,14.731172,590.86584,15.275013,181.16783,14.026221,235.98328,13.142,0.024,12.64,0.022,12.454,0.026,12.453,0.023,12.421,0.023,12.421,0.369,9.22,,,,22.12070083618164,0.435699999332428,,,,,AAA,0000,AACU,RS,SSG,,,,,,,,,,,,,,,
53,ZTF J012101.11+294516.8,2MASS 01210112+2945168,309366155029176320,WISEA J012101.12+294516.9,,20.25469700124693,29.754690436535515,1830.5245862717384,,1.82,0.2,-0.32,14.92478,775.1395,15.447867,181.5255,14.239732,260.7438,13.476,0.024,12.935,0.026,12.79,0.028,12.739,0.023,12.762,0.025,12.574,0.38,9.169,,,,,,,,,,AAA,0000,AACU,RS,SSG,,,,,,,,,,,,,,,
54,CSS J011221.9+294955,2MASS 01122194+2949556,309942054308852224,WISEA J011221.96+294955.5,,18.09151515104274,29.83212958360922,1250.0110431676023,,1.7,0.18,-0.3711,14.534878,325.34064,15.070581,92.11201,13.834418,108.11584,12.999,0.024,12.464,0.029,12.322,0.025,12.136,0.023,12.162,0.022,12.098,0.264,8.822,,,,,,,,,,AAA,0000,AABU,RS,SSG,,,,,,,,,,,,,,,
55,V0507 And,2MASS 00470544+3018241,312280857275073536,WISEA J004705.41+301824.0,GALEX J004705.4+301824,11.772547333473758,30.306632367420427,394.6091946104704,,12.46,0.18,,10.83819,771.45013,11.296035,294.2587,10.199827,242.51622,9.214,0.022,8.721,0.018,8.535,0.017,8.639,0.023,8.619,0.021,8.508,0.024,8.421,,21.22620010375977,0.411,16.798200607299805,0.0310999993234872,,,,,AAA,0000,AAAU,RS,RS,,,,,,,,,,,,,,,
56,CSS J010007.3+311909,2MASS 01000737+3119096,312632941514507776,WISEA J010007.38+311909.5,GALEX J010007.3+311910,15.03079409597986,31.31931224385947,1059.0689371602002,,15.43,0.18,-0.13,13.6144,333.05426,14.178787,97.23863,12.900392,126.75318,12.025,0.024,11.439,0.033,11.321,0.019,11.195,0.022,11.203,0.02,10.899,0.085,8.812,,,,20.99760055541992,0.2073000073432922,,,,,AAA,0000,AAAU,RS,SSG,,,,,,,,,,,,,,,
57,ZTF J005638.31+313643.4,2MASS 00563831+3136434,312863495359022720,WISEA J005638.32+313643.3,GALEX J005638.2+313643,14.159667925278278,31.612042693326472,1946.1536212465803,,2.95,0.17,,12.978005,684.1631,13.2132845,223.75621,12.584318,193.92003,11.981,0.021,11.625,0.022,11.527,0.021,11.515,0.023,11.518,0.021,11.342,0.135,8.932,,19.389299392700195,0.1327,16.38960075378418,0.0219999998807907,,,,,AAA,0000,AABU,RS,RS,,,,,,,,,,,,,,,
58,ZTF J010453.07+311455.2,2MASS 01045304+3114551,313311855584792832,WISEA J010453.06+311455.1,,16.221157179674858,31.24865148760282,1359.782732831922,,0.93,0.16,0.0087,14.272667,703.47485,14.768216,145.90152,13.612403,262.36118,12.754,0.022,12.235,0.023,12.166,0.019,12.165,0.022,12.182,0.024,12.279,0.301,8.632,,,,,,,,,,AAA,0000,AABU,RS,RS,,,,,,,,,,,,,,,
59,ZTF J010110.96+314354.9,2MASS 01011095+3143547,314145835154465920,WISEA J010110.95+314354.8,,15.295673085688748,31.731903403299892,1303.6128617004438,,1.09,0.18,-0.1857,13.368575,488.03223,13.841497,146.67105,12.726023,167.10757,11.936,0.023,11.422,0.027,11.286,0.019,11.221,0.022,11.241,0.021,11.215,0.125,9.421,,,,,,,,,,AAA,0000,AABU,RS,RS,,,,,,,,,,,,,,,
60,ZTF J012602.39+334114.5,2MASS 01260239+3341146,316865099208797952,WISEA J012602.40+334114.5,GALEX J012602.4+334114,21.509989855539125,33.687355607707374,1020.0753421127416,,13.68,0.16,,13.5467825,570.0087,14.030429,178.57405,12.892234,185.02998,11.991,0.021,11.484,0.022,11.358,0.017,11.283,0.023,11.299,0.021,11.176,0.128,9.331,,,,19.7155990600586,0.0773999989032745,,,,,AAA,0000,AABU,RS,RS,,,,,,,,,,,,,,,
61,ZTF J013015.49+353653.4,2MASS 01301550+3536535,317502369276242688,WISEA J013015.50+353653.4,GALEX J013015.5+353654,22.564594978160017,35.61484320782882,1198.327840852648,,1.04,0.13,-0.1823,14.009544,652.0307,14.51372,202.40614,13.343989,246.5499,12.611,0.023,12.11,0.022,11.953,0.019,11.854,0.024,11.893,0.021,11.619,0.148,9.095,,,,21.011499404907227,0.1247999966144561,,,,,AAA,0000,AABU,RS,SSG,,,,,,,,,,,,,,,
62,V0535 And,2MASS 01314719+3848032,322950792990140672,WISEA J013147.21+384803.2,,22.94675988488766,38.80087225827852,450.7524079849188,,8.77,0.15,-0.0489,10.838518,666.2697,11.447217,180.029,10.087681,231.50467,9.204,0.022,8.625,0.024,8.431,0.024,8.312,0.024,8.333,0.02,8.23,0.02,8.167,0.182,,,,,,,,,AAA,0000,AAAB,RS,SSG,,,,,,,,,,,,,,,
63,GSC 02818-00259,2MASS 01342348+3953402,323872699129941120,WISEA J013423.48+395340.2,,23.59786247707869,39.89452533032748,1274.040033655764,,12.58,0.18,-0.2428,12.398722,501.77554,12.947702,157.71843,11.696556,171.45952,10.813,0.021,10.253,0.021,10.127,0.018,10.008,0.023,10.074,0.021,9.931,0.039,9.268,,,,,,,,,,AAA,0000,AAAU,RS,SSG,,,,,,,,,,,,,,,
64,CSS J021215.0+312123,2MASS 02121501+3121229,324575527577767680,WISEA J021215.01+312122.8,GALEX J021214.9+312123,33.06256841372984,31.35635762688352,1531.6781478532737,,14.5,0.22,0.108,14.6042,361.6032,15.217502,101.21491,13.86704,114.96493,12.96,0.023,12.395,0.021,12.221,0.021,12.116,0.023,12.155,0.023,11.686,0.184,9.2,,,,22.735700607299805,0.4517000019550323,,,,,AAA,0000,AABU,RS,SSG,,,,,,,,,,,,,,,
65,CSS J021559.5+314722,2MASS 02155955+3147224,324694412272480128,WISEA J021559.54+314722.3,,33.99810512530612,31.789515282117335,1696.3622420096194,,5.08,0.23,-0.1917,15.182803,735.8271,15.867278,138.46019,14.370389,299.7707,13.179,0.022,12.553,0.022,12.38,0.023,12.378,0.023,12.353,0.023,12.261,0.32,9.338,,,,,,,,,,AAA,0000,AABU,SSG,SSG,,,,,,,,,,,,,,,
66,CSS J020424.0+325248,2MASS 02042406+3252487,325762381660194944,WISEA J020424.06+325248.4,,31.10031115110559,32.880178759850864,1203.8217100119916,,15.72,0.21,-0.1601,14.319356,220.51115,14.94677,65.84057,13.539694,73.260544,12.416,0.025,11.851,0.024,11.735,0.023,11.669,0.023,11.68,0.022,11.526,0.201,8.891,,,,,,,,,,AAA,0000,AABU,SSG,SSG,,,,,,,,,,,,,,,
67,CG Tri,2MASS 02270842+3423205,326753999413912192,WISEA J022708.45+342320.4,GALEX J022708.4+342320,36.785301163356024,34.388980426335436,350.0381086240984,48.29183333333334,3.11,0.19,-0.3027,11.477059,252.3875,12.060361,69.91107,10.7212715,112.03937,9.717,0.023,9.145,0.023,8.994,0.02,8.923,0.023,8.904,0.02,8.767,0.028,8.398,0.313,21.52560043334961,0.4139,18.24740028381348,0.0498000010848045,No,Variable H-alpha,Normal Emission,Normal Emission,AAA,0000,AAAB,RS,SSG,3.1147,0.0492,0.0621,0.0152,39.033,0.572,,,Asymmetric,0.29796243,0.3162369,0.33394486,0.3511494,0.36790237,0.384247
68,BY Tri,2MASS 02213329+3404455,326868765236052992,WISEA J022133.30+340445.0,,35.38880000605015,34.079147283123845,204.28886604096553,,3.62,0.23,-0.1092,9.623117,396.3899,10.039456,124.386444,9.025792,136.54562,8.28,0.019,7.926,0.021,7.806,0.023,7.737,0.027,7.783,0.02,7.716,0.02,7.679,0.174,,,,,No,Absorption,No RV Data,Too Little Data,AAA,0000,AAAB,RS,RS,,,,,,,,,,,,,,,
69,ZTF J020047.82+355425.2,2MASS 02004782+3554254,330141908272815232,WISEA J020047.82+355425.3,,30.19929460997198,35.90701828878631,1837.505857923964,,12.33,0.27,-0.7667,14.92036,486.22205,15.425355,143.29808,14.240465,176.30835,13.218,0.023,12.715,0.023,12.588,0.026,12.552,0.023,12.525,0.025,12.289,0.302,9.101,,,,,,,,,,AAA,0000,AABU,RS,SSG,,,,,,,,,,,,,,,
70,ZTF J021118.32+364923.7,2MASS 02111832+3649238,331319107270709376,WISEA J021118.32+364923.6,GALEX J021118.3+364924,32.82635105989289,36.82323783033296,637.1840189614661,,1.51,0.14,0.0741,12.887628,299.7351,13.414917,84.728806,12.144689,116.62031,11.05,0.021,10.552,0.023,10.423,0.02,10.457,0.023,10.468,0.02,10.377,0.073,8.617,,22.41449928283692,0.4753,19.602500915527344,0.0838000029325485,,,,,AAA,0000,AAAU,RS,SSG,,,,,,,,,,,,,,,
71,TYC 2836-1816-1,2MASS 02340014+4019388,335323352522628480,WISEA J023400.14+401938.8,,38.50062017895887,40.32746168796618,1210.9208425198967,,35.51,0.18,0.1102,11.983283,215.49524,12.646596,59.726288,11.186688,73.0244,10.081,0.022,9.471,0.021,9.299,0.016,9.163,0.022,9.221,0.02,9.085,0.034,8.349,,,,,,,,,,AAA,0000,AAAU,RS,SSG,,,,,,,,,,,,,,,
72,ZTF J024515.29+401226.6,2MASS 02451529+4012265,335880912294085120,WISEA J024515.30+401226.6,,41.3137323283099,40.20738060132149,1393.8317558298402,,19.16,0.22,-0.1304,13.435417,571.3336,13.906196,161.28137,12.799649,230.48592,11.981,0.03,11.552,0.03,11.405,0.018,11.36,0.024,11.373,0.022,11.277,0.158,9.126,,,,,,,,,,AAA,0000,AABU,RS,RS,,,,,,,,,,,,,,,
73,[YWW2015]_S530 9886,2MASS 02562742+4139424,336301338052714368,WISEA J025627.42+413942.4,GALEX J025627.4+413942,44.11427485804112,41.66176277585515,1222.6744871922083,,7.07,0.31,-0.2522,13.376732,246.5138,13.94127,72.8784,12.653078,82.777985,11.534,0.02,10.908,0.019,10.816,0.018,10.803,0.023,10.777,0.02,10.79,0.105,8.704,,,,19.408100128173828,0.1142000034451484,,,,,AAA,0000,AAAU,RS,SSG,,,,,,,,,,,,,,,
74,CSS J023510.6+413301,2MASS 02351062+4133013,338502422893089536,WISEA J023510.63+413301.4,,38.79430803776344,41.550414260785296,1858.3530641039908,,6.96,0.18,0.0197,15.440624,226.34431,16.116486,64.91985,14.636092,86.13873,13.427,0.024,12.806,0.029,12.696,0.031,12.603,0.023,12.581,0.025,11.703,0.239,8.79,0.423,,,,,,,,,AAA,0000,AABC,SSG,SSG,,,,,,,,,,,,,,,
75,ZTF J024234.92+442725.2,2MASS 02423492+4427253,340694539840991488,WISEA J024234.92+442725.2,,40.645543904468255,44.456998006764664,1399.5060093756476,,15.21,0.35,,12.900484,701.2688,13.390359,273.19156,12.226644,281.31137,11.577,0.022,10.98,0.031,10.84,0.02,10.687,0.023,10.699,0.021,10.512,0.077,8.362,,,,,,,,,,AAA,0000,AAAU,RS,RS,,,,,,,,,,,,,,,
76,ZTF J015340.69+374837.9,2MASS 01534070+3748377,342738738114691712,WISEA J015340.70+374837.8,GALEX J015340.6+374838,28.41959346450536,37.81050661498925,1120.0407250431654,,13.62,0.18,-0.1811,13.376034,378.60516,13.847308,109.940796,12.742,136.74344,11.994,0.021,11.485,0.03,11.384,0.026,11.328,0.023,11.351,0.021,11.013,0.101,8.426,0.229,,,19.910200119018555,0.1299999952316284,,,,,AAA,0000,AAAB,RS,RS,,,,,,,,,,,,,,,
77,ZTF J020151.14+393916.2,2MASS 02015114+3939162,344628042689644032,WISEA J020151.14+393916.2,GALEX J020151.1+393916,30.463113445260255,39.654508299667384,1137.5923160252073,,0.91,0.18,,13.234666,645.1079,13.693973,192.21408,12.613895,263.82718,11.971,0.029,11.477,0.033,11.348,0.02,11.178,0.023,11.201,0.021,11.014,0.108,9.215,,,,19.54730033874512,0.0829000025987625,,,,,AAA,0000,AAAU,RS,RS,,,,,,,,,,,,,,,
78,ZTF J020653.31+431900.9,2MASS 02065332+4319013,346400352354230656,WISEA J020653.31+431901.0,,31.72216874072028,43.316937973340934,910.1609703658976,,14.75,0.2,,13.895212,596.2808,14.434544,141.8608,13.196952,225.17044,12.235,0.023,11.688,0.029,11.581,0.02,11.622,0.025,11.615,0.024,11.295,0.187,8.828,,,,,,,,,,AAA,0000,AABU,RS,SSG,,,,,,,,,,,,,,,
79,GSC 02841-00074,2MASS 02051133+4355154,346476871491286656,WISEA J020511.34+435515.3,,31.297246552042058,43.92093058411258,1318.7091079928914,,61.8,0.2,0.1373,12.4784565,190.05199,13.108362,54.364758,11.708233,70.757706,10.682,0.021,10.086,0.023,9.943,0.019,9.891,0.023,9.956,0.02,9.764,0.05,8.006,,,,,,,,,,AAA,0000,AAAU,RS,SSG,,,,,,,,,,,,,,,
80,ZTF J015804.40+430356.2,2MASS 01580441+4303563,346566309890795008,WISEA J015804.42+430356.2,,29.518378827332853,43.06562396917726,1941.9354455668677,,12.32,0.21,,15.001236,508.21332,15.619304,134.92929,14.244888,178.97379,13.162,0.025,12.583,0.026,12.437,0.024,12.414,0.024,12.42,0.024,11.817,0.238,8.371,,,,,,,,,,AAA,0000,AABU,RS,SSG,,,,,,,,,,,,,,,
81,TYC 2828-1943-1,2MASS 01591037+4330033,346601940939356288,WISEA J015910.36+433003.4,,29.793177478613845,43.5009617579768,1197.5711007456075,,21.36,0.27,-0.2349,11.13237,492.69955,11.811506,140.20389,10.337148,193.75632,9.264,0.023,8.741,0.084,8.504,0.019,8.397,0.022,8.495,0.019,8.375,0.022,8.524,0.379,,,,,,,,,AAA,0h00,AAAC,RS,SSG,,,,,,,,,,,,,,,
82,ZTF J013613.08+414414.6,2MASS 01361308+4144146,348133320118906368,WISEA J013613.08+414414.5,,24.054530202882297,41.73738015608271,1978.787376576158,,4.32,0.18,-0.162,15.226832,539.47107,15.7284775,170.83174,14.5381365,202.53441,13.808,0.028,13.31,0.026,13.115,0.031,13.061,0.023,13.091,0.028,12.493,0.344,9.297,0.511,,,,,,,,,AAA,0000,AABC,RS,SSG,,,,,,,,,,,,,,,
83,ZTF J013911.35+424118.8,2MASS 01391136+4241188,348552234048968832,WISEA J013911.35+424118.8,GALEX J013911.3+424118,24.797310078171048,42.68855383290637,1537.2626474295682,,13.52,0.18,-0.2422,14.105546,638.28284,14.577844,212.34987,13.468483,217.43785,12.543,0.023,12.011,0.03,11.898,0.024,11.895,0.023,11.901,0.022,11.57,0.208,9.075,,,,20.755699157714844,0.2194000035524368,,,,,AAA,0000,AABU,RS,RS,,,,,,,,,,,,,,,
84,ZTF J014913.61+435849.2,2MASS 01491361+4358492,349482794546280832,WISEA J014913.61+435849.2,GALEX J014913.6+435848,27.30675360403891,43.980337465221105,1308.608577089031,,30.69,0.18,-0.2028,13.786529,644.4817,14.290677,236.13977,13.089726,262.09525,12.23,0.023,11.653,0.03,11.563,0.025,11.493,0.023,11.532,0.021,11.359,0.117,9.002,,,,20.31629943847656,0.1942999958992004,,,,,AAA,0000,AABU,cut,SSG,,,,,,,,,,,,,,,
85,ZTF J021639.46+462550.1,2MASS 02163944+4625501,352404785352944384,WISEA J021639.45+462550.0,,34.164405034136976,46.4305845104773,1288.790314667394,,13.54,0.35,-0.4776,14.848055,392.48642,15.441471,112.45991,14.107752,156.58669,13.163,0.028,12.554,0.024,12.408,0.026,12.348,0.023,12.379,0.023,12.051,,8.804,,,,,,,,,,AAA,0h00,AAUU,RS,SSG,,,,,,,,,,,,,,,
86,ZTF J020426.22+443502.9,2MASS 02042617+4435029,352700347823236224,WISEA J020426.20+443502.9,GALEX J020426.2+443503,31.10924565364579,44.584136376348006,504.5327697883945,,12.18,0.2,0.0267,12.562258,340.8139,13.148602,95.90781,11.835036,126.887245,10.819,0.022,10.307,0.025,10.162,0.019,10.151,0.023,10.171,0.02,9.98,0.057,8.707,0.382,,,19.971900939941406,0.1539999991655349,,,,,AAA,0000,AAAC,RS,SSG,,,,,,,,,,,,,,,
87,ZTF J020258.46+451646.0,2MASS 02025846+4516460,352800987494410752,WISEA J020258.46+451645.9,GALEX J020258.4+451646,30.743618105424257,45.27942557966024,1522.7415538490916,,7.66,0.24,-0.3491,13.872165,299.7507,14.383482,95.27152,13.191178,101.50983,12.272,0.023,11.703,0.021,11.595,0.02,11.473,0.024,11.481,0.021,11.16,0.153,8.959,,,,19.940099716186523,0.1583999991416931,,,,,AAA,0000,AABU,RS,SSG,,,,,,,,,,,,,,,
88,ZTF J021209.83+472521.2,2MASS 02120982+4725209,353440078630585600,WISEA J021209.83+472521.0,,33.04097982130971,47.42253891040687,896.5477376591515,,4.86,0.48,-0.0774,12.860968,520.51263,13.476995,149.4872,12.10576,169.76538,11.098,0.022,10.474,0.022,10.356,0.017,10.272,0.022,10.288,0.02,10.213,0.069,8.828,,,,,,,,,,AAA,0000,AAAU,RS,SSG,,,,,,,,,,,,,,,
89,ZTF J022832.37+462646.7,2MASS 02283237+4626467,353717877114817152,WISEA J022832.37+462646.7,GALEX J022832.4+462647,37.13486895640399,46.44630627439452,1611.133495806486,,17.45,0.29,-0.1465,14.803894,591.5301,15.334001,174.07933,14.089433,238.21677,13.182,0.023,12.572,0.023,12.439,0.021,12.218,0.023,12.265,0.023,12.132,,8.94,,,,21.51919937133789,0.3650000095367431,,,,,AAA,hhh0,AAUU,cut,SSG,,,,,,,,,,,,,,,
90,ZTF J022311.21+470307.5,2MASS 02231121+4703074,353970691773084544,WISEA J022311.20+470307.4,,35.796703662811986,47.05206043327806,1993.0355335873269,,10.84,0.45,-0.0164,14.149326,474.5813,14.809705,129.95825,13.369649,176.52142,12.242,0.023,11.728,0.022,11.552,0.021,11.477,0.024,11.495,0.021,11.488,0.179,9.065,,,,,,,,,,AAA,0000,AABU,RS,SSG,,,,,,,,,,,,,,,
91,ZTF J015002.16+483005.6,2MASS 01500217+4830052,357343722866661248,WISEA J015002.15+483005.5,,27.50903649990192,48.50153457908792,1268.9937366848535,,19.1,0.47,-0.1587,14.264221,1036.5083,14.82599,331.04944,13.552112,384.43097,12.595,0.021,12.063,0.031,11.922,0.023,11.917,0.024,11.945,0.023,12.673,,8.679,,,,,,,,,,AAA,0000,AAUU,RS,SSG,,,,,,,,,,,,,,,
92,ZTF J020727.04+492019.8,2MASS 02072704+4920197,358156639916409856,WISEA J020727.04+492019.6,,31.862674126239828,49.33879767649159,1721.511588804591,,0.78,0.5,,13.291296,915.0985,13.60628,290.53857,12.809594,319.97327,12.259,0.023,12.008,0.022,11.977,0.019,11.931,0.023,11.931,0.023,12.3,0.418,8.926,,,,,,,,,,AAA,0000,AACU,cut,RS,,,,,,,,,,,,,,,
93,ZTF J004620.23+314058.9,2MASS 00462022+3140589,360533990211977600,WISEA J004620.23+314058.8,GALEX J004620.3+314100,11.584298722445409,31.683016234585025,1737.6128776847377,,3.46,0.21,-0.7679,15.404393,360.20166,15.957756,81.11596,14.66988,117.24975,13.637,0.024,13.095,0.027,12.918,0.026,12.926,0.024,12.906,0.03,12.515,0.463,8.995,,,,21.86429977416992,0.4316999912261963,,,,,AAA,0000,AACU,RS,SSG,,,,,,,,,,,,,,,
94,CSS J003601.9+343133,2MASS 00360194+3431330,365056522055419520,WISEA J003601.96+343133.1,,9.00823751033142,34.52589452440562,831.1198616828425,,10.54,0.26,,13.758858,484.82553,14.40761,140.11534,12.9766245,176.50105,11.975,0.022,11.322,0.022,11.196,0.018,11.093,0.023,11.088,0.02,11.006,0.115,9.196,,,,,,,,,,AAA,0000,AABU,SSG,SSG,,,,,,,,,,,,,,,
95,CSS J011312.7+374220,2MASS 01131274+3742207,369886401758693120,WISEA J011312.75+374220.7,,18.303149624131706,37.70575182453134,1753.6563746318243,,8.23,0.14,-0.0687,14.530802,362.3877,15.056335,93.44305,13.833193,105.90895,13.014,0.022,12.438,0.023,12.285,0.021,12.196,0.023,12.206,0.022,12.223,0.286,8.836,,,,,,,,,,AAA,0000,AABU,RS,SSG,,,,,,,,,,,,,,,
96,CSS J011353.7+375707,2MASS 01135378+3757072,369917634760833664,WISEA J011353.78+375707.2,,18.47407940060936,37.95203152695351,1561.2300383494817,,9.92,0.14,-0.0761,14.304511,154.2344,14.843372,46.890587,13.603673,56.161827,12.736,0.022,12.127,0.018,12.04,0.023,11.882,0.023,11.887,0.022,11.818,0.204,8.809,,,,,,,,,,AAA,0000,AABU,RS,SSG,,,,,,,,,,,,,,,
97,ZTF J010445.23+380711.8,2MASS 01044522+3807118,370565487627909760,WISEA J010445.23+380711.8,GALEX J010445.2+380712,16.188493583419838,38.11995378992001,1428.2733942588743,,13.82,0.18,-0.1307,13.151713,520.1152,13.715787,154.8466,12.441518,185.5238,11.463,0.025,10.953,0.029,10.794,0.02,10.738,0.023,10.763,0.02,10.608,0.063,8.891,,,,20.05940055847168,0.1392000019550323,,,,,AAA,0000,AAAU,RS,SSG,,,,,,,,,,,,,,,
98,ZTF J010319.53+384203.7,2MASS 01031954+3842037,370658602518809600,WISEA J010319.53+384203.7,,15.831431675902502,38.70103904331202,780.104419321265,,15.45,0.13,,12.739815,231.98792,13.32339,69.073524,12.010755,84.79463,10.893,0.021,10.352,0.027,10.208,0.021,10.296,0.023,10.311,0.021,10.197,0.057,8.649,,,,,,,,,,AAA,0000,AAAU,RS,RS,,,,,,,,,,,,,,,
99,GSC 02803-00408,2MASS 01003205+3946541,370948426911924992,WISEA J010032.05+394654.1,GALEX J010032.0+394654,15.133573748078012,39.78169378051879,846.5498846863558,,9.9,0.14,,12.086151,628.6705,12.635184,189.05443,11.382931,252.82997,10.509,0.027,9.944,0.028,9.832,0.019,9.724,0.023,9.771,0.021,9.65,0.04,9.108,0.427,,,19.385900497436523,0.1031000018119812,,,,,AAA,0000,AAAC,RS,RS,,,,,,,,,,,,,,,
100,TYC 2803-469-1,2MASS 01024112+3943319,370958459955665152,WISEA J010241.11+394331.9,GALEX J010241.0+394332,15.671306500116392,39.72552723974849,343.394098411437,,20.13,0.16,,10.235018,669.9273,10.639726,228.09294,9.664592,253.56335,8.912,0.021,8.463,0.044,8.406,0.02,8.34,0.022,8.369,0.019,8.32,0.022,8.003,0.162,21.09670066833496,0.3417,15.154899597167969,0.0124000003561377,,,,,AAA,0000,AAAB,RS,RS,,,,,,,,,,,,,,,
101,GSC 02807-01653,2MASS 01030893+4137118,374577983514606848,WISEA J010308.92+413711.8,GALEX J010308.8+413714,15.787210477751549,41.6199696218205,1225.4200946519368,,17.64,0.15,-0.2328,13.888263,719.1764,14.450174,223.34544,13.171812,259.9629,12.232,0.025,11.65,0.026,11.52,0.023,11.375,0.023,11.399,0.021,11.234,0.12,9.308,,,,21.02910041809082,0.2904999852180481,,,,,AAA,0000,AABU,RS,SSG,,,,,,,,,,,,,,,
102,ZTF J002214.69+370746.6,2MASS 00221467+3707466,378630267978670080,WISEA J002214.68+370746.6,,5.561214057882262,37.12961692575341,1658.8764085044563,,19.61,0.17,0.0221,14.722559,514.9298,15.31354,130.69672,13.9790945,150.14609,13.142,0.027,12.597,0.032,12.436,0.032,12.28,0.022,12.318,0.023,12.291,0.318,9.16,,,,,,,,,,AAA,0000,AABU,RS,SSG,,,,,,,,,,,,,,,
103,CSS J002142.3+381237,2MASS 00214241+3812373,378849070792390528,WISEA J002142.41+381237.2,GALEX J002142.3+381238,5.426769549139112,38.21034138111053,1567.7053038654813,,2.59,0.14,,15.097518,260.83496,15.684866,72.961136,14.349431,96.6977,13.423,0.027,12.746,0.034,12.656,0.028,12.595,0.023,12.585,0.024,12.713,0.524,9.333,,,,21.880300521850582,0.3907000124454498,,,,,AAA,hh00,AACU,SSG,SSG,,,,,,,,,,,,,,,
104,ZTF J001807.13+395030.0,2MASS 00180713+3950300,379967789515203456,WISEA J001807.13+395029.9,,4.5297367780595845,39.841658868744986,1759.3245355150652,,15.61,0.24,0.0037,15.576336,283.56744,16.276148,66.32003,14.750069,97.41103,13.651,0.026,12.996,0.022,12.834,0.023,12.788,0.024,12.811,0.026,12.697,0.419,9.318,,,,,,,,,,AAA,0000,AACU,SSG,SSG,,,,,,,,,,,,,,,
105,ZTF J002412.31+400759.8,2MASS 00241231+4007598,380209647712576768,WISEA J002412.31+400759.7,GALEX J002412.4+400759,6.051317729234224,40.13325824474611,1478.3409529186872,,11.79,0.17,-0.1363,14.741611,527.23816,15.336714,150.85892,13.996127,213.56654,12.899,0.023,12.323,0.028,12.203,0.032,12.157,0.025,12.181,0.024,11.951,0.249,8.347,,,,21.15010070800781,0.3070000112056732,,,,,AAA,hh00,AABU,RS,SSG,,,,,,,,,,,,,,,
106,ZTF J001830.98+394906.9,2MASS 00183098+3949069,380295821937244544,WISEA J001830.98+394906.8,GALEX J001830.9+394908,4.629120244488098,39.818569706381666,1389.7040751919571,,4.93,0.22,-0.3608,13.848064,509.7055,14.461907,142.27982,13.056,172.16516,11.993,0.023,11.397,0.024,11.253,0.018,11.164,0.023,11.176,0.021,10.937,0.095,9.209,,,,20.80120086669922,0.1615000069141388,,,,,AAA,0000,AAAU,cut,SSG,,,,,,,,,,,,,,,
107,ZTF J002213.86+402046.4,2MASS 00221385+4020464,380414912790328448,WISEA J002213.86+402046.2,,5.55775688797977,40.34620203376284,1508.0519651829177,,16.86,0.17,,14.782114,888.12616,15.345113,228.6189,14.0649605,346.4151,13.073,0.027,12.558,0.036,12.453,0.025,12.406,0.023,12.476,0.024,12.295,,8.851,,,,,,,,,,AAA,0000,AAUU,RS,RS,,,,,,,,,,,,,,,
108,ZTF J004154.90+413332.3,2MASS 00415491+4133323,381288852742127744,WISEA J004154.91+413332.5,,10.478790692525347,41.55896542726491,1770.6095335253435,,7.73,0.17,-0.3403,15.404845,249.6273,16.035488,65.87128,14.61301,87.889984,13.442,0.027,12.83,0.031,12.715,0.025,12.557,0.025,12.428,0.025,11.851,0.202,9.001,,,,,,,,,,AAA,0000,AABU,SSG,SSG,,,,,,,,,,,,,,,
109,V0494 And,2MASS 00363321+4305544,381661101844556928,WISEA J003633.20+430554.4,GALEX J003633.2+430555,9.138360838652003,43.09845029727251,320.87031982821077,,24.41,0.18,-0.0086,10.353789,320.77475,10.91042,89.17467,9.64732,117.522835,9.228,0.021,8.614,0.029,8.444,0.021,8.019,0.024,8.048,0.019,7.959,0.018,8.008,0.17,21.16080093383789,0.3315,17.91900062561035,0.0456999987363815,,,,,AAA,0000,AAAB,RS,SSG,18.57992235612444,0.0043299845,0.324479680466962,0.01613272,24.323415164827622,0.3210703,,,SB1,0.34948075,0.36998835,0.38983428,0.4090936,0.42782778,0.44608787
110,ZTF J002322.15+434108.1,2MASS 00232215+4341084,382627783020707072,WISEA J002322.14+434108.2,,5.842294397350134,43.68559557566418,1699.2430421502977,,7.47,0.2,,14.889175,694.0551,15.440881,164.36192,14.188344,267.9218,13.266,0.023,12.701,0.026,12.581,0.024,12.49,0.023,12.487,0.023,12.502,0.372,8.897,,,,,,,,,,AAA,0000,AACU,RS,RS,,,,,,,,,,,,,,,
111,ZTF J001326.17+411113.9,2MASS 00132617+4111138,383280858567817216,WISEA J001326.17+411113.8,GALEX J001326.1+411114,3.3590658708518704,41.18716327082816,1579.1636197269006,,12.94,0.18,-0.3099,13.971611,691.04333,14.481027,226.66124,13.2894535,248.63501,12.382,0.022,11.841,0.023,11.694,0.021,11.571,0.024,11.558,0.021,11.342,0.139,8.688,,,,19.57080078125,0.0935000032186508,,,,,AAA,0000,AABU,RS,SSG,,,,,,,,,,,,,,,
112,GSC 02789-01374,2MASS 00043646+4124062,384060304935385984,WISEA J000436.46+412406.2,GALEX J000436.4+412406,1.151904537797604,41.401722659926506,1024.482285116192,,5.68,0.23,-0.4143,12.371225,700.4783,12.811214,239.52377,11.729483,220.88574,10.896,0.022,10.379,0.022,10.253,0.021,10.053,0.023,10.053,0.021,9.891,0.044,8.601,,21.79409980773925,0.3437,17.16790008544922,0.0122999995946884,,,,,AAA,0000,AAAU,RS,RS,,,,,,,,,,,,,,,
113,ZTF J000139.60+442609.4,2MASS 00013964+4426094,385028910256998528,WISEA J000139.63+442609.4,,0.4150860026631696,44.43593686803537,694.4927226054895,,3.31,0.27,-0.116,12.826003,582.0551,13.299815,182.58665,12.193153,181.7423,11.403,0.022,10.989,0.03,10.841,0.023,10.758,0.022,10.799,0.02,10.67,0.079,9.146,,,,,,,,,,AAA,0000,AAAU,RS,RS,,,,,,,,,,,,,,,
114,GSC 02790-00077,2MASS 00193971+4249532,385167208204218112,WISEA J001939.71+424953.1,GALEX J001939.7+424953,4.915483538846342,42.83143113218914,891.431876080044,,15.34,0.2,,12.359293,1350.4001,12.855211,446.3936,11.697965,475.0501,10.876,0.022,10.32,0.021,10.165,0.018,10.067,0.022,10.098,0.021,9.922,0.052,8.945,,,,18.75169944763184,0.0544999986886978,,,,,AAA,0000,AAAU,RS,RS,,,,,,,,,,,,,,,
115,ZTF J000723.64+443218.1,2MASS 00072365+4432181,386309154108776064,WISEA J000723.65+443218.0,,1.848531156674022,44.538355095654495,1840.3155301061147,,1.07,0.24,-0.3107,14.800917,370.90027,15.372111,107.69192,14.072,125.12494,13.12,0.023,12.57,0.026,12.424,0.022,12.416,0.023,12.421,0.023,12.398,0.413,9.23,,,,,,,,,,AAA,0000,AACU,RS,SSG,,,,,,,,,,,,,,,
116,ZTF J004533.87+424149.3,2MASS 00453384+4241496,387451130075951360,WISEA J004533.86+424149.4,GALEX J004533.8+424150,11.391137510847756,42.697026169483706,462.74441180914016,,0.8,0.17,-0.1064,12.508042,552.5181,13.023819,166.9906,11.83098,197.808,10.887,0.023,10.381,0.022,10.283,0.018,10.199,0.022,10.228,0.02,10.172,0.047,8.606,,21.34670066833496,0.455,19.332300186157227,0.1020999997854232,,,,,AAA,0000,AAAU,RS,SSG,5.2413501002547775,0.0011970537,0.1714830140543397,0.07456116,19.39565045779375,1.5475726,,,SB1,0.17342222,0.18416905,0.19457965,0.20469168,0.21453609,0.22413859
117,V498 And,2MASS 00402090+4343252,387742126997049728,WISEA J004020.88+434325.1,GALEX J004020.8+434325,10.087030928192831,43.72363254738681,126.62084559082072,9.050090909090908,10.78,0.22,-0.1542,9.544597,402.53677,10.108586,111.171974,8.826288,154.84666,7.896,0.02,7.343,0.021,7.225,0.034,7.007,0.045,7.052,0.019,6.989,0.016,6.809,0.063,19.738100051879883,0.1837,16.54330062866211,0.025399999693036,Yes,Variable H-alpha,Normal Emission,Normal Emission,AAA,hh00,AAAA,cut,SSG,9.329,0.1323,0.0226,0.0119,30.637,0.25,,,SB1,0.3436673,0.36448103,0.38464746,0.4042388,0.42331424,0.44192323
118,V0495 And,2MASS 00371190+4412594,387816996867409408,WISEA J003711.90+441259.4,GALEX J003711.8+441258,9.299598846530776,44.21651861147026,584.3840493435089,,16.71,0.2,-0.5211,10.222901,525.7714,10.638718,178.46214,9.61986,148.50395,8.719,0.041,8.166,0.018,8.037,0.036,7.999,0.024,7.981,0.019,7.879,0.018,7.885,0.146,18.09530067443848,0.0765,14.532299995422363,0.0103000001981854,,,,,AAA,0000,AAAB,RS,RS,,,,,,,,,,,,,,,
119,TYC 3249-136-1,2MASS 00373918+4506308,388241232259741056,WISEA J003739.19+450630.7,GALEX J003739.1+450630,9.413302820760304,45.108538789645195,875.9195448234061,,6.13,0.21,-0.1916,11.658045,615.4964,12.062886,191.00798,11.075152,256.64252,10.523,0.023,10.071,0.022,9.977,0.018,9.865,0.023,9.886,0.021,9.787,0.04,9.023,0.381,,,17.68269920349121,0.0425999984145164,,,,,AAA,0000,AAAC,RS,RS,,,,,,,,,,,,,,,
120,ZTF J003730.73+462635.9,2MASS 00373073+4626358,388434407005723136,WISEA J003730.73+462635.8,,9.37806416054264,46.443296865474366,1626.372207732691,,14.23,0.32,-0.1881,14.783156,310.34845,15.470737,96.64658,13.972892,141.08214,12.78,0.022,12.164,0.028,11.986,0.022,12.003,0.023,11.993,0.022,12.0,0.226,9.287,,,,,,,,,,AAA,0000,AABU,SSG,SSG,,,,,,,,,,,,,,,
121,ZTF J002643.15+471028.4,2MASS 00264313+4710284,389508595508128256,WISEA J002643.15+471028.3,GALEX J002643.1+471029,6.679828523401548,47.17454527921618,1044.6671610491785,,2.81,0.27,-0.0703,13.667238,429.215,14.215545,129.73483,12.96016,167.20284,11.9,0.022,11.379,0.021,11.238,0.018,11.289,0.023,11.304,0.021,11.146,0.095,9.229,,,,20.32799911499023,0.0842000022530555,,,,,AAA,0000,AAAU,RS,SSG,,,,,,,,,,,,,,,
122,GSC 03262-01653,2MASS 00451807+4609027,389680699138908800,WISEA J004518.07+460902.7,GALEX J004518.0+460903,11.325329781244484,46.150772879721266,1094.8981297546284,,86.8,0.28,-0.0404,11.90301,575.1907,12.438375,175.0069,11.219858,232.62311,10.357,0.022,9.866,0.022,9.73,0.018,9.688,0.023,9.731,0.021,9.622,0.034,9.13,0.465,,,18.874099731445312,0.0538000017404556,,,,,AAA,0000,AAAC,RS,RS,38.00642406249108,0.010249267,0.2762486869712031,0.018476402,30.259604898848657,0.5034215,,,SB1,0.6381275,0.6725847,0.70589834,0.7381989,0.7695932,0.80017006
123,ZTF J003942.84+462736.1,2MASS 00394284+4627360,389923214470480000,WISEA J003942.82+462735.9,,9.928526096411211,46.46003568875704,1862.660577994062,,1.72,0.3,-0.4962,15.805473,282.5693,16.52414,90.53119,14.9704275,102.30042,13.797,0.03,13.203,0.039,12.969,0.036,12.736,0.024,12.733,0.025,12.385,0.296,9.403,,,,,,,,,,AAA,0h00,AABU,SSG,SSG,,,,,,,,,,,,,,,
124,ZTF J003014.87+474815.5,2MASS 00301482+4748157,390995307028109312,WISEA J003014.85+474815.6,GALEX J003014.8+474815,7.561970613110004,47.804311629998935,1158.1226641292717,,15.04,0.43,,13.905215,2073.423,14.364626,469.0765,13.274613,675.809,12.505,0.022,12.087,0.029,11.968,0.02,11.921,0.024,11.942,0.022,12.197,0.274,8.76,,,,20.37619972229004,0.065600000321865,,,,,AAA,0000,AABU,RS,RS,,,,,,,,,,,,,,,
125,ZTF J002619.26+481803.5,2MASS 00261927+4818034,391070314336469632,WISEA J002619.27+481803.4,,6.580263970449683,48.30095616514532,1637.896273870887,,3.24,0.38,-0.6474,15.586886,257.63663,16.207994,73.67969,14.816523,91.43998,13.847,0.026,13.296,0.029,13.127,0.03,13.002,0.024,12.996,0.027,12.128,0.254,9.333,,,,,,,,,,AAA,0000,AABU,RS,SSG,,,,,,,,,,,,,,,
126,ZTF J001819.49+470844.1,2MASS 00181950+4708441,392273970330681856,WISEA J001819.47+470844.2,,4.581220258133882,47.145587421233046,1832.0720225020532,,10.71,0.32,,15.046851,449.93918,15.643787,113.26834,14.285374,170.59595,13.254,0.023,12.64,0.021,12.511,0.022,12.404,0.023,12.457,0.023,12.942,0.53,9.488,,,,,,,,,,AAA,hh00,AACU,RS,RS,,,,,,,,,,,,,,,
127,ZTF J001512.03+491712.5,2MASS 00151203+4917125,392918215425799552,WISEA J001512.03+491712.4,,3.8001607219413622,49.28679114183035,651.4815563397271,,2.24,0.38,,13.046691,299.74,13.729945,93.68277,12.231244,120.29065,11.018,0.021,10.367,0.021,10.231,0.018,10.177,0.023,10.136,0.019,10.019,0.048,8.772,,,,,,,,,,AAA,0000,AAAU,SSG,SSG,,,,,,,,,,,,,,,
128,ZTF J000445.27+482238.8,2MASS 00044528+4822387,393379013875213696,WISEA J000445.28+482238.7,,1.188641938174907,48.37743514347514,1268.8100623695448,,0.26,0.31,-0.7741,14.415985,451.73743,14.812091,146.38493,13.689625,172.35268,12.808,0.023,12.384,0.023,12.304,0.023,12.242,0.023,12.27,0.023,12.433,0.393,9.296,,,,,,,,,,AAA,0000,AACU,cut,SSG,,,,,,,,,,,,,,,
129,ZTF J000918.04+500109.4,2MASS 00091805+5001093,393758688987098240,WISEA J000918.04+500109.3,,2.32520973324883,50.019265058590555,1634.1536036524478,,4.33,0.35,-0.1304,15.515992,279.09622,16.217398,77.02927,14.670706,78.871315,13.456,0.025,12.778,0.027,12.622,0.027,12.595,0.023,12.545,0.023,12.613,0.357,9.206,,,,,,,,,,AAA,0000,AACU,SSG,SSG,,,,,,,,,,,,,,,
130,ZTF J000510.00+501158.6,2MASS 00051001+5011586,393941036121609344,WISEA J000510.00+501158.4,,1.2916944076855923,50.19959803583455,1784.2317241036226,,9.97,0.39,-0.5456,15.534313,678.74744,16.13064,210.03874,14.784864,236.47975,13.844,0.024,13.177,0.024,13.105,0.03,13.028,0.024,13.021,0.027,12.617,,8.943,,,,,,,,,,AAA,0000,AAUU,RS,SSG,,,,,,,,,,,,,,,
131,ZTF J012055.17+450752.0,2MASS 01205516+4507520,397690027169628672,WISEA J012055.15+450752.0,GALEX J012055.2+450751,20.22989802135057,45.13109930192633,1278.252760095554,,19.6,0.21,-0.1374,13.969478,465.75458,14.659923,131.78044,13.169201,181.62553,12.061,0.023,11.422,0.021,11.235,0.018,10.995,0.022,11.004,0.019,10.889,0.078,8.849,,19.787900924682617,0.1622,19.6560001373291,0.1186000034213066,,,,,AAA,0000,AAAU,SSG,SSG,,,,,,,,,,,,,,,
132,ZTF J013344.38+461450.9,2MASS 01334439+4614509,398700959391828992,WISEA J013344.39+461450.8,GALEX J013344.4+461450,23.43496126927043,46.24746629213609,1121.6515770852486,,6.33,0.2,-0.2198,13.7592125,254.37703,14.452383,76.48797,12.940427,95.238,11.603,0.027,10.933,0.03,10.794,0.022,10.833,0.022,10.788,0.021,10.492,0.063,9.474,,,,20.46739959716797,0.178299993276596,,,,,AAA,0000,AAAU,SSG,SSG,,,,,,,,,,,,,,,
133,CSS J012945.1+464719,2MASS 01294518+4647187,398959310264230912,WISEA J012945.17+464718.7,GALEX J012945.0+464717,22.438232154039316,46.78852894370556,999.4781978505972,,0.94,0.32,-0.2004,14.190217,213.21768,14.820413,78.28845,13.309675,87.458496,12.125,0.022,11.502,0.028,11.322,0.02,11.191,0.022,11.189,0.02,11.172,0.115,8.601,,,,21.315399169921875,0.2908999919891357,,,,,AAA,0000,AABU,cut,SSG,,,,,,,,,,,,,,,
134,ZTF J013742.89+473533.3,2MASS 01374289+4735333,399241266277481600,WISEA J013742.88+473533.3,GALEX J013742.8+473532,24.42870827536772,47.592575677335056,1161.5633060324535,,16.81,0.32,,13.307426,303.1156,13.888416,92.58113,12.56533,111.547104,11.461,0.026,10.903,0.032,10.757,0.02,10.765,0.023,10.764,0.021,10.605,0.071,9.445,,,,20.218900680541992,0.1121999993920326,,,,,AAA,0000,AAAU,RS,RS,,,,,,,,,,,,,,,
135,ZTF J013346.22+483542.5,2MASS 01334621+4835425,399625236353849088,WISEA J013346.21+483542.4,,23.442603075129387,48.595131359855465,1497.8998317988533,,5.92,0.43,-0.373,14.861111,163.75551,15.601883,47.904915,14.025619,51.69432,12.836,0.019,12.156,0.017,11.956,0.019,11.784,0.023,11.74,0.022,11.521,0.134,9.171,,,,,,,,,,AAA,h000,AABU,SSG,SSG,,,,,,,,,,,,,,,
136,ZTF J012322.54+485145.9,2MASS 01232255+4851459,400160080041821696,WISEA J012322.55+485145.8,,20.843960308184904,48.862738431656375,1079.040716130234,,25.21,0.43,-0.0651,12.922771,845.29877,13.469053,255.90479,12.224443,315.35992,11.448,0.024,10.928,0.033,10.732,0.021,10.556,0.022,10.603,0.02,10.657,0.099,8.571,,,,,,,,,,AAA,0000,AAAU,RS,RS,,,,,,,,,,,,,,,
137,ZTF J011437.26+471500.5,2MASS 01143725+4715005,401425961522479616,WISEA J011437.25+471500.5,,18.655260629264973,47.25014609795771,1242.9371873962662,,9.09,0.28,-0.2201,14.983716,576.85144,15.718601,91.339386,14.130087,231.72171,12.65,0.025,12.06,0.024,11.886,0.023,11.81,0.023,11.813,0.021,11.775,0.18,9.365,,,,,,,,,,AAA,Hd00,AABU,SSG,SSG,,,,,,,,,,,,,,,
138,ZTF J011337.02+480711.2,2MASS 01133700+4807114,401605869112440064,WISEA J011337.01+480711.3,,18.40427665969342,48.11978985766957,1869.2211665444236,,3.51,0.38,-0.6908,15.080579,347.40192,15.664531,99.25737,14.330394,129.85507,13.237,0.022,12.67,0.024,12.532,0.03,12.559,0.023,12.534,0.025,12.095,,9.459,,,,,,,,,,AAA,0000,AAUU,RS,SSG,,,,,,,,,,,,,,,
139,ZTF J010038.18+475149.3,2MASS 01003819+4751493,402159576296320128,WISEA J010038.19+475149.2,,15.159129918430772,47.86368880107015,1665.0421467821554,,5.37,0.41,-0.0731,15.219123,403.60876,15.945031,102.89537,14.384715,117.5836,13.39,0.023,12.704,0.021,12.504,0.022,12.347,0.022,12.343,0.023,12.322,0.31,9.498,,,,,,,,,,AAA,0000,AABU,SSG,SSG,,,,,,,,,,,,,,,
140,ZTF J005646.01+492525.9,2MASS 00564601+4925259,402815812937351424,WISEA J005646.01+492525.8,,14.19173012039476,49.423836100220704,1343.6783845527375,,17.13,0.41,-0.1965,14.970293,385.41986,15.53968,106.975555,14.1114435,153.37598,13.137,0.026,12.475,0.029,12.36,0.028,12.195,0.024,12.239,0.022,12.512,,9.493,,,,,,,,,,AAA,hh00,AAUU,cut,SSG,,,,,,,,,,,,,,,
141,ZTF J014709.97+542305.8,2MASS 01470998+5423057,408505716896029440,WISEA J014709.98+542305.7,,26.791588236229916,54.38493131709451,1553.9438775036724,,3.84,0.5,-0.2206,13.040064,436.60342,13.545937,114.22724,12.362337,171.69218,11.447,0.023,10.952,0.03,10.819,0.022,10.761,0.024,10.745,0.022,10.689,0.08,9.304,0.526,,,,,,,,,AAA,0000,AAAC,RS,RS,,,,,,,,,,,,,,,
142,ZTF J030105.11+432908.5,2MASS 03010512+4329083,432578630630375424,WISEA J030105.12+432908.4,GALEX J030105.0+432908,45.27133809526546,43.485683298311486,1977.1713116545843,,10.66,0.39,-0.4572,14.000295,628.24146,14.490052,218.54532,13.340809,221.62218,12.338,0.022,11.796,0.019,11.675,0.021,11.688,0.122,11.684,0.023,11.631,0.21,8.559,,,,19.26580047607422,0.1064999997615814,,,,,AAA,0000,BABU,RS,RS,,,,,,,,,,,,,,,
143,ZTF J025350.18+441113.9,2MASS 02535015+4411140,433553656925778304,,,43.459083561542776,44.18720222137507,1247.7301084458225,,8.48,0.4,,13.609823,619.0449,14.114303,221.47368,12.923273,192.62846,12.026,0.034,11.47,0.035,11.31,0.027,,,,,,,,,,,,,,,,,AAA,,,RS,RS,,,,,,,,,,,,,,,
144,ZTF J025513.31+443323.8,2MASS 02551331+4433239,433588222822424448,WISEA J025513.31+443323.8,,43.80546476171083,44.55661708822205,1782.2102757219805,,6.65,0.44,-0.0396,15.011176,424.5398,15.795009,107.01437,14.113258,138.40488,12.685,0.023,12.04,0.022,11.869,0.023,11.77,0.023,11.756,0.022,11.316,0.17,8.577,,,,,,,,,,AAA,0000,AABU,SSG,SSG,,,,,,,,,,,,,,,
145,ZTF J021728.40+532246.8,2MASS 02172841+5322468,455326632860518272,WISEA J021728.41+532246.8,,34.36837130996497,53.37967271790632,1898.861310824616,,5.33,0.45,-0.239,15.13464,886.40283,15.651257,220.61864,14.458479,340.4625,13.641,0.025,13.135,0.027,13.009,0.025,12.992,0.026,13.012,0.026,12.574,0.5,9.077,,,,,,,,,,AAA,0000,AACU,RS,SSG,,,,,,,,,,,,,,,
146,ZTF J021739.63+532644.4,2MASS 02173963+5326443,455328660084847360,WISEA J021739.63+532644.3,,34.41513999320639,53.44565400976727,1081.7118452284071,,31.13,0.48,-0.13,13.154875,705.2719,13.900168,204.2652,12.303953,272.94824,11.017,0.02,10.378,0.021,10.193,0.014,10.217,0.022,10.207,0.02,10.006,0.06,8.521,,,,,,,,,,AAA,0000,AAAU,SSG,SSG,,,,,,,,,,,,,,,
147,ZTF J054917.36+674338.4,2MASS 05491737+6743381,481535451011044096,WISEA J054917.36+674338.2,GALEX J054917.4+674338,87.32237295878727,67.72730896569549,1485.3496161862247,,12.17,0.44,-0.3991,14.613145,753.87616,15.272486,229.63304,13.812141,290.8122,12.792,0.025,12.209,0.03,12.059,0.024,11.868,0.023,11.845,0.023,11.687,0.195,9.214,,,,22.17930030822754,0.3156000077724457,,,,,AAA,hh00,AABU,RS,SSG,,,,,,,,,,,,,,,
148,V0411 Cam,2MASS 05491976+6744035,481538405945442048,WISEA J054919.76+674403.6,GALEX J054919.7+674404,87.33236812074693,67.73438127498069,591.8402950643588,,7.43,0.43,,11.826283,455.95746,12.385843,165.52794,11.090294,153.46999,10.101,0.025,9.584,0.03,9.47,0.021,9.279,0.023,9.271,0.02,9.172,0.032,8.597,,21.82390022277832,0.3691,18.499000549316406,0.0414999984204769,,,,,AAA,0000,AAAU,cut,RS,,,,,,,,,,,,,,,
149,ZTF J050149.64+673629.9,2MASS 05014962+6736300,483738700513787904,WISEA J050149.51+673630.0,,75.45683200296635,67.60830797166905,1840.4341527235429,,8.35,0.41,-0.253,15.033552,1158.1196,15.6269455,334.99728,14.281864,339.88806,13.296,0.026,12.72,0.033,12.597,0.029,11.905,0.156,11.874,0.168,10.296,,8.32,,,,,,,,,,AAA,dd00,BBUU,RS,SSG,,,,,,,,,,,,,,,
150,GSC 04344-01939,2MASS 05363429+6909215,485007055896412160,WISEA J053634.27+690921.5,,84.14285213027902,69.15597919580703,1266.155754423541,,13.91,0.38,0.0037,13.696336,311.3696,14.376736,90.34663,12.891109,112.59271,11.835,0.022,11.225,0.028,11.08,0.022,10.948,0.024,10.963,0.021,10.913,0.151,8.81,,,,,,,,,,AAA,hh00,AABU,RS,SSG,,,,,,,,,,,,,,,
151,ZTF J055633.99+704354.1,2MASS 05563398+7043544,486004656539467776,WISEA J055633.99+704354.1,GALEX J055633.9+704352,89.1416670172538,70.73170028854652,912.4648275914138,,2.17,0.43,-0.16,14.366876,410.68146,15.088605,114.67078,13.532337,144.95203,12.408,0.022,11.757,0.018,11.582,0.02,11.474,0.024,11.454,0.022,11.391,0.356,8.233,,,,21.897300720214844,0.3343999981880188,,,,,AAA,0000,AABU,SSG,SSG,,,,,,,,,,,,,,,
152,ZTF J055240.70+712759.1,2MASS 05524069+7127589,486277404142418176,WISEA J055240.69+712759.0,,88.16958743007706,71.46638986409565,1653.1835121453744,,9.59,0.36,-0.3018,15.093874,576.1826,15.760096,170.08487,14.300537,200.26932,13.317,0.027,12.655,0.031,12.554,0.03,12.429,0.024,12.412,0.026,11.875,0.346,8.243,,,,,,,,,,AAA,0000,AABU,SSG,SSG,,,,,,,,,,,,,,,
153,ZTF J050726.76+714120.4,2MASS 05072675+7141203,498859012619572224,WISEA J050726.75+714120.3,GALEX J050726.9+714120,76.86151499174694,71.68900250878418,1136.461833910719,,15.57,0.33,-0.1883,13.725596,412.39102,14.342512,113.016846,12.969858,144.69841,11.95,0.027,11.365,0.03,11.236,0.022,11.131,0.023,11.145,0.021,11.05,0.126,8.797,,,,21.129600524902344,0.2212000042200088,,,,,AAA,0000,AABU,RS,SSG,,,,,,,,,,,,,,,
154,Karachurin 10,2MASS 05150924+7218122,498912918751087104,WISEA J051509.23+721812.0,GALEX J051509.1+721812,78.78843103657898,72.30334203654876,876.400211567569,,28.65,0.34,-0.4512,9.984323,1894.884,10.618188,613.94086,9.220794,810.6517,8.251,0.021,7.646,0.016,7.507,0.024,7.352,0.033,7.443,0.02,7.366,0.017,7.374,0.124,,,17.962200164794922,0.0318999998271465,,,,,AAA,0000,AAAB,RS,SSG,29.033608999191006,0.0041520493,0.010591689880645,0.013180718,18.521249407559814,0.23346335,,,SB1,0.32200804,0.34106117,0.359502,0.37739986,0.3948116,0.41178447
155,ZTF J052515.76+731117.8,2MASS 05251577+7311178,499257860461520000,WISEA J052515.77+731117.8,,81.31571936201802,73.18828206184605,1238.2514257033508,,12.2,0.34,-0.4997,14.424738,964.88336,14.945273,297.90244,13.738757,343.42484,12.893,0.022,12.394,0.019,12.292,0.027,12.187,0.023,12.212,0.023,11.862,0.28,8.733,,,,,,,,,,AAA,0000,AABU,RS,SSG,,,,,,,,,,,,,,,
156,ZTF J052859.76+752826.8,2MASS 05285979+7528268,503097080187543424,WISEA J052859.78+752826.7,,82.24906692932224,75.47411134984202,809.3135882442704,,33.26,0.42,-0.0526,12.938486,460.66666,13.651441,124.53424,12.11973,165.04271,11.084,0.022,10.429,0.03,10.268,0.02,10.1,0.023,10.125,0.021,9.946,0.047,8.954,,,,,,,,,,AAA,0000,AAAU,SSG,SSG,,,,,,,,,,,,,,,
157,CL Cam,2MASS 05183111+7556491,503743867903761408,WISEA J051831.17+755649.4,,79.62969570638047,75.94703551888001,160.4272602208622,,41.5,0.49,-0.0566,7.1953106,565.3443,7.754092,167.77855,6.482728,187.39279,5.489,0.026,5.028,0.036,4.825,0.02,4.847,0.202,4.693,0.1,4.814,0.015,4.748,0.026,,,,,,,,,AEA,0000,BAAA,RS,RS,,,,,,,,,,,,,,,
158,ZTF J050858.75+784016.6,2MASS 05085868+7840166,553077889489341056,WISEA J050858.73+784016.5,GALEX J050858.4+784014,77.24479668662485,78.67126192129304,1960.4611240829977,,0.59,0.34,-0.1649,15.170326,283.98907,15.697494,73.13231,14.475261,94.81768,13.736,0.026,13.187,0.026,13.139,0.029,12.958,0.023,12.982,0.026,12.762,0.51,8.494,,,,22.159900665283203,0.3650999963283539,,,,,AAA,0000,AACU,RS,SSG,,,,,,,,,,,,,,,
159,ZTF J045525.09+795515.5,2MASS 04552512+7955155,556446380800482944,WISEA J045525.11+795515.4,GALEX J045524.8+795515,73.85463024740608,79.92096373218011,1674.3765524003138,,5.33,0.21,-0.0709,15.101256,314.78278,15.778289,88.70029,14.299582,115.978065,13.022,0.026,12.455,0.028,12.232,0.027,12.234,0.023,12.23,0.023,11.936,0.232,9.07,,,,22.447799682617188,0.3711000084877014,,,,,AAA,0000,AABU,SSG,SSG,,,,,,,,,,,,,,,
160,V0969 Cep,2MASS 04421270+8206076,557850830809118848,WISEA J044212.71+820607.5,GALEX J044212.6+820607,70.55303187587441,82.10211889876578,843.2962576931701,,4.46,0.3,-0.4071,11.677599,1148.5674,12.078438,445.49957,11.100779,375.6653,10.377,0.023,9.943,0.032,9.789,0.02,9.705,0.023,9.701,0.02,9.554,0.038,9.03,0.408,,,16.91990089416504,0.0271000005304813,,,,,AAA,0000,AAAC,RS,RS,,,,,,,,,,,,,,,
161,CSS J090038.6+004908,2MASS 09003859+0049084,576576377118644736,WISEA J090038.59+004908.3,GALEX J090038.6+004908,135.16081416686308,0.818988856089593,1389.5215460140994,,4.85,0.1,-0.2507,13.618241,306.644,14.198968,84.06268,12.882488,104.64728,11.936,0.023,11.291,0.023,11.138,0.021,11.068,0.023,11.025,0.02,10.801,0.104,8.636,,,,20.503999710083008,0.1407999992370605,,,,,AAA,0000,AAAU,RS,SSG,,,,,,,,,,,,,,,
162,UX Cnc,2MASS 09032951+0735376,584183485754518016,WISEA J090329.52+073537.7,GALEX J090329.5+073538,135.8730140632923,7.593801132017552,1490.9336442668912,,42.4,0.14,-0.0513,11.547606,497.84567,12.083836,174.06894,10.824408,238.62672,9.92,0.024,9.354,0.023,9.232,0.021,9.167,0.022,9.213,0.02,9.068,0.041,8.036,,,,18.862499237060547,0.0649000033736229,,,,,AAA,0000,AAAU,RS,RS,42.64663654440935,0.021059686,0.0356889083146555,0.016761802,29.38341393586556,0.50573623,,,SB1,0.6812497,0.71760285,0.7527465,0.7868186,0.8199323,0.8521814
163,ZTF J092456.33+060825.0,2MASS 09245633+0608250,585720293772621440,WISEA J092456.33+060825.0,,141.23474215140138,6.140266661205003,1803.2476151803128,,6.04,0.12,-0.2123,15.295142,383.53436,15.896223,120.004395,14.547657,144.18442,13.748,0.028,13.114,0.027,12.931,0.033,12.678,0.024,12.663,0.026,12.364,0.482,8.83,,,,,,,,,,AAA,0000,AACU,SSG,SSG,,,,,,,,,,,,,,,
164,HT Leo,2MASS 09220508+0700018,586026881422197248,WISEA J092205.09+070001.6,GALEX J092205.1+070001,140.52123860241616,7.000447571364494,482.65234201339615,,1.72,0.13,-0.4064,11.880354,258.8546,12.354277,77.71123,11.227584,97.507835,10.322,0.023,9.834,0.026,9.743,0.025,9.688,0.023,9.713,0.021,9.63,0.048,8.944,,21.99810028076172,0.2969,17.98509979248047,0.0309999994933605,,,,,AAA,0000,AAAU,RS,SSG,,,,,,,,,,,,,,,
165,ASAS J091750+0756.9,2MASS 09175084+0756458,587083378953094784,WISEA J091750.83+075645.8,GALEX J091750.8+075645,139.4617527701528,7.946067973391171,196.83965614377624,,74.9,0.09,-0.0808,6.8480644,4159.2837,7.2998233,965.45557,6.2281504,1099.6968,5.548,0.027,5.135,0.036,4.954,0.017,4.904,0.215,4.647,0.11,4.917,0.016,4.866,0.033,19.603200912475582,0.1183,13.933600425720217,0.0054999999701976,,,,,AAA,0000,BBAA,RS,RS,,,,,,,,,,,,,,,
166,ZTF J093107.39+104940.5,2MASS 09310740+1049403,589748801297449344,WISEA J093107.39+104940.4,GALEX J093107.4+104940,142.7807978267757,10.827891008900965,1652.9289916119126,,5.21,0.09,-0.6445,13.854044,1518.1289,14.280383,470.3788,13.243993,464.37048,12.314,0.029,11.836,0.027,11.708,0.027,11.751,0.022,11.717,0.022,11.708,0.322,8.321,,,,18.93079948425293,0.0573000013828277,,,,,AAA,0000,AABU,RS,RS,,,,,,,,,,,,,,,
167,ASAS J090535+0915.1,2MASS 09053552+0915123,591211564078882176,WISEA J090535.50+091512.4,GALEX J090535.5+091513,136.39791533894757,9.253460059178632,550.9604414446405,,3.55,0.14,-0.1557,12.586122,350.2223,13.169943,98.58242,11.862575,121.28008,10.861,0.022,10.294,0.022,10.185,0.025,10.057,0.022,10.065,0.02,9.968,0.057,8.646,,,,19.54290008544922,0.0621000006794929,,,,,AAA,0000,AAAU,RS,SSG,,,,,,,,,,,,,,,
168,CSS J090207.0+092647,2MASS 09020703+0926473,591458090906310784,WISEA J090207.02+092647.2,GALEX J090206.9+092647,135.52927639090512,9.446452282101884,1713.9938986643565,,23.43,0.14,-0.16,13.866507,501.01523,14.448539,142.35959,13.136458,191.30006,12.284,0.024,11.695,0.027,11.528,0.024,11.344,0.023,11.341,0.021,11.217,0.188,9.053,,,,20.92970085144043,0.2308000028133392,,,,,AAA,0000,AABU,RS,SSG,,,,,,,,,,,,,,,
169,CSS J091541.0+120849,2MASS 09154102+1208493,593694841154573184,WISEA J091541.00+120849.3,GALEX J091540.9+120848,138.92082229092597,12.147009106232616,791.4938744165884,,6.41,0.09,,13.779621,212.55978,14.443804,60.74318,12.975698,83.14922,11.714,0.027,11.173,0.035,10.968,0.02,10.981,0.023,10.939,0.02,10.751,0.108,8.42,,,,21.09970092773437,0.2071000039577484,,,,,AAA,0000,AAAU,SSG,SSG,,,,,,,,,,,,,,,
170,ASAS J091554+1212.5,2MASS 09155397+1212314,593696288558989312,WISEA J091553.97+121231.3,GALEX J091554.0+121231,138.97489637641405,12.208687917414732,761.3127006455569,,10.66,0.07,,11.10884,822.7132,11.4971285,296.9692,10.541577,296.99054,9.811,0.025,9.361,0.034,9.263,0.019,9.243,0.023,9.247,0.02,9.12,0.032,8.4,,21.789899826049805,0.3962,16.234899520874023,0.0157999992370605,,,,,AAA,0000,AAAU,RS,RS,,,,,,,,,,,,,,,
171,ZTF J092024.40+125855.0,2MASS 09202441+1258549,594209279453058304,WISEA J092024.41+125854.9,GALEX J092024.4+125855,140.10169333980653,12.981931187263736,1417.5988352011052,,9.66,0.07,-0.0927,13.208831,991.4729,13.711751,276.34814,12.54423,354.42038,11.793,0.021,11.247,0.021,11.129,0.02,11.006,0.023,11.023,0.022,10.914,0.133,8.953,,,,19.504600524902344,0.0766000002622604,,,,,AAA,0000,AABU,RS,RS,,,,,,,,,,,,,,,
172,ZTF J084539.24+064814.4,2MASS 08453925+0648144,595186878433890944,WISEA J084539.24+064814.5,,131.4135416190842,6.804012470220827,1165.0415602725725,,15.99,0.12,-0.4058,13.478045,245.41649,14.040137,70.23485,12.758142,93.96194,11.74,0.022,11.16,0.031,11.051,0.019,10.949,0.023,10.963,0.02,10.828,0.119,8.27,,,,,,,,,,AAA,0000,AABU,RS,SSG,,,,,,,,,,,,,,,
173,CSS J083058.5+064644,2MASS 08305858+0646442,595725295534806912,WISEA J083058.56+064644.1,,127.7440270678982,6.7789406279336415,1849.2620012869163,,10.61,0.09,0.0721,14.884254,390.45258,15.484464,108.21922,14.140673,145.31342,13.291,0.026,12.686,0.028,12.475,0.026,12.407,0.023,12.409,0.026,11.639,,8.522,,,,,,,,,,AAA,0000,AAUU,SSG,SSG,,,,,,,,,,,,,,,
174,ZTF J083526.66+110419.9,2MASS 08352667+1104198,601628234162151936,WISEA J083526.67+110419.8,GALEX J083526.6+110420,128.8611241264722,11.072165138618551,1190.1539261354758,,5.83,0.09,-0.2202,14.1310215,257.4047,14.7659025,64.088295,13.347574,90.65264,12.245,0.021,11.646,0.031,11.472,0.021,11.52,0.024,11.455,0.022,11.545,0.38,8.504,,,,21.468599319458008,0.2148000001907348,,,,,AAA,0000,AACU,SSG,SSG,,,,,,,,,,,,,,,
175,ZTF J084232.10+110722.1,2MASS 08423210+1107222,601814773181311488,WISEA J084232.10+110722.1,,130.6337828342548,11.122801796260129,1060.0221143518484,,2.03,0.1,0.0497,14.512657,585.6236,15.145291,153.17915,13.731914,233.50952,12.483,0.029,11.9,0.022,11.745,0.023,11.775,0.022,11.805,0.023,11.552,0.199,8.94,,,,,,,,,,AAA,0000,AABU,cut,SSG,,,,,,,,,,,,,,,
176,CSS J083845.8+141031,2MASS 08384584+1410314,603458921022437760,WISEA J083845.85+141031.2,GALEX J083845.8+141031,129.69105610656658,14.175284007933222,1975.5272085009192,,15.11,0.1,-0.4125,14.882321,468.5436,15.376422,119.52265,14.201612,192.32527,13.397,0.024,12.856,0.023,12.714,0.024,12.674,0.023,12.695,0.028,11.532,,8.675,,,,22.065099716186523,0.3028999865055084,,,,,AAA,0000,AAUU,RS,SSG,,,,,,,,,,,,,,,
177,CSS J090456.0+111419,2MASS 09045589+1114217,604071555157004416,WISEA J090455.89+111421.5,,136.2329111585531,11.239317056136612,1492.7393233310231,,4.68,0.07,-0.4915,15.145929,248.90674,15.839213,70.0419,14.316244,90.838905,12.954,0.023,12.318,0.026,12.119,0.024,12.012,0.023,11.963,0.022,12.129,0.39,8.781,,,,,,,,,,AAA,0000,AACU,SSG,SSG,,,,,,,,,,,,,,,
178,LR Cnc,2MASS 09034770+1218263,604443701187446784,WISEA J090347.70+121826.1,GALEX J090347.7+121826,135.94877552414422,12.307241544486976,522.0664341983904,,5.17,0.06,-0.3072,11.935602,322.06155,12.473754,96.44046,11.217705,114.770424,10.163,0.022,9.572,0.026,9.462,0.023,9.52,0.023,9.491,0.02,9.361,0.036,8.74,,22.214799880981445,0.2799,18.560300827026367,0.0310999993234872,,,,,AAA,0000,AAAU,RS,SSG,,,,,,,,,,,,,,,
179,AG Cnc,2MASS 08512530+1202563,604972089540120832,WISEA J085125.29+120256.4,,132.85538541143225,12.049013154771265,865.6869685052648,,2.83,0.09,-0.2234,13.385247,266.86572,13.942224,78.818306,12.662985,101.80506,11.671,0.021,11.123,0.023,10.971,0.022,10.854,0.023,10.83,0.02,10.685,0.1,8.792,,,,,,,,,,AAA,0000,AAAU,RS,SSG,,,,,,,,,,,,,,,
180,CSS J090346.8+150516,2MASS 09034683+1505166,607373663452712320,WISEA J090346.82+150516.4,,135.94514077039523,15.087883914806662,1888.8787654995783,,6.71,0.09,-0.2162,15.030247,544.65576,15.593986,138.08754,14.306903,186.42877,13.355,0.024,12.823,0.032,12.673,0.025,12.664,0.024,12.641,0.026,11.837,,8.843,,,,,,,,,,AAA,0000,AAUU,RS,SSG,,,,,,,,,,,,,,,
181,CSS J090107.3+144631,2MASS 09010738+1446315,610249573554425984,WISEA J090107.37+144631.5,,135.28073309315016,14.77544178881163,1336.241682358159,,27.95,0.18,-0.0288,14.043917,447.62924,14.66127,124.28689,13.285301,155.94626,12.242,0.024,11.661,0.023,11.537,0.021,11.464,0.023,11.515,0.022,11.501,0.207,8.482,,,,,,,,,,AAA,0000,AABU,RS,SSG,,,,,,,,,,,,,,,
182,CSS J085258.9+165751,2MASS 08525893+1657513,611706701339618816,WISEA J085258.93+165751.1,GALEX J085258.9+165752,133.2455482509366,16.964192547772885,1440.5925696700408,,12.59,0.06,,14.71392,642.19836,15.24951,173.48999,14.01489,194.94672,12.977,0.022,12.466,0.019,12.388,0.023,12.365,0.023,12.4,0.024,11.997,0.342,8.506,,,,21.828500747680664,0.398499995470047,,,,,AAA,0000,AABU,RS,RS,,,,,,,,,,,,,,,
183,CSS J095315.7+152655,2MASS 09531569+1526552,616739166059083392,WISEA J095315.69+152655.3,GALEX J095315.7+152655,148.31535586051046,15.448684736870128,1347.3620188293692,,2.02,0.09,-0.248,14.323421,296.87396,14.897101,86.183846,13.587245,98.73565,12.573,0.029,11.986,0.03,11.881,0.022,11.712,0.023,11.723,0.023,11.614,0.267,8.97,,,,20.6471004486084,0.1982000023126602,,,,,AAA,0000,AABU,cut,SSG,,,,,,,,,,,,,,,
184,CSS J100020.2+203800,2MASS 10002027+2037599,627872855161638912,WISEA J100020.26+203759.7,GALEX J100020.3+203800,150.08438539542098,20.63326608314623,1340.7373396462629,,5.13,0.07,-0.2821,14.288446,214.9224,14.853444,66.97954,13.545161,84.65997,12.643,0.022,12.041,0.024,11.946,0.021,11.801,0.023,11.765,0.023,11.481,0.179,9.137,,,,20.584800720214844,0.1923000067472458,,,,,AAA,0000,AABU,RS,SSG,,,,,,,,,,,,,,,
185,CSS J101122.4+204230,2MASS 10112246+2042301,628448277700651008,WISEA J101122.44+204229.9,,152.84349188509165,20.708334485549184,1440.3197958561786,,18.2,0.08,,13.715383,530.8316,14.130432,180.90773,13.115024,140.20898,12.301,0.022,11.816,0.018,11.743,0.02,11.701,0.023,11.683,0.021,11.807,0.283,8.946,,,,,,,,,,AAA,0000,AABU,RS,RS,,,,,,,,,,,,,,,
186,ZTF J092528.93+152022.1,2MASS 09252893+1520221,630652248758302720,WISEA J092528.93+152022.0,GALEX J092529.0+152023,141.37056136203498,15.33946465526396,1925.7626942079196,,3.67,0.07,-0.2803,14.820238,479.43042,15.447483,154.4642,14.050189,166.36351,12.877,0.023,12.298,0.025,12.139,0.022,12.065,0.023,12.057,0.023,11.751,0.265,8.916,,,,21.576400756835938,0.2282000035047531,,,,,AAA,0000,AABU,SSG,SSG,,,,,,,,,,,,,,,
187,CSS J091605.1+180023,2MASS 09160513+1800230,632183731016879616,WISEA J091605.14+180023.0,GALEX J091605.1+180024,139.02144038102998,18.006399533941618,1566.0693478856233,,16.99,0.1,-0.0116,14.863385,530.3322,15.440881,143.63408,14.134394,172.96234,13.127,0.023,12.649,0.024,12.544,0.026,12.454,0.023,12.487,0.025,12.311,0.492,8.24,,,,22.51440048217773,0.4596999883651733,,,,,AAA,0000,AACU,RS,SSG,,,,,,,,,,,,,,,
188,CSS J093011.0+175118,2MASS 09301109+1751187,633056777608799872,WISEA J093011.09+175118.4,GALEX J093011.1+175118,142.54624255783986,17.855112948165136,1759.4245360910782,,24.8,0.08,-0.1071,13.09787,350.81647,13.588744,87.94311,12.4253235,132.31395,11.681,0.02,11.104,0.017,10.994,0.016,10.856,0.022,10.864,0.02,10.724,0.115,8.463,,,,19.377899169921875,0.0593999996781349,,,,,AAA,0000,AABU,RS,RS,,,,,,,,,,,,,,,
189,CSS J092700.6+191010,2MASS 09270060+1910103,634010913183545856,WISEA J092700.60+191010.4,GALEX J092700.5+191010,141.75250312215678,19.169551613007197,1344.8122335217824,,10.56,0.11,-0.0402,13.349254,543.11816,13.853356,164.83421,12.679497,220.30084,11.887,0.021,11.302,0.022,11.191,0.021,11.111,0.023,11.117,0.02,11.131,0.16,9.208,,,,19.70989990234375,0.0879999995231628,,,,,AAA,0000,AABU,RS,RS,,,,,,,,,,,,,,,
190,ZTF J081207.54+135540.1,2MASS 08120755+1355401,653726874659433472,WISEA J081207.54+135540.1,GALEX J081207.5+135540,123.03143893199784,13.927796809742924,1917.51760088662,,9.43,0.08,-0.3872,14.983026,706.9486,15.484899,229.11342,14.29036,244.0586,13.495,0.024,12.921,0.023,12.801,0.027,12.753,0.024,12.767,0.027,12.162,0.408,8.312,,,,21.33340072631836,0.2962999939918518,,,,,AAA,0000,AACU,RS,SSG,,,,,,,,,,,,,,,
191,CSS J075410.6+141829,2MASS 07541070+1418284,654503129867566080,WISEA J075410.69+141828.5,GALEX J075410.6+141828,118.5445447633228,14.307919043848198,1446.344040984256,,5.6,0.1,-0.219,13.5673,125.816734,14.12602,38.804405,12.821387,50.025593,11.883,0.022,11.284,0.023,11.143,0.017,11.002,0.022,10.968,0.021,10.852,0.121,8.78,,17.534000396728516,0.0424,17.676700592041016,0.0287999995052814,,,,,AAA,d000,AABU,cut,SSG,,,,,,,,,,,,,,,
192,CSS J075520.4+145106,2MASS 07552047+1451058,654561781940678912,WISEA J075520.47+145105.7,GALEX J075520.3+145105,118.83529317681648,14.85159582677004,1484.0406775734184,,6.92,0.08,-0.3964,14.909366,159.414,15.569393,45.853172,14.078684,61.257465,12.791,0.026,12.16,0.022,12.01,0.021,11.973,0.022,11.961,0.023,11.937,0.354,8.648,,,,22.465700149536133,0.3691000044345855,,,,,AAA,0000,AABU,cut,SSG,,,,,,,,,,,,,,,
193,ASAS J081513+1644.6,2MASS 08151296+1644414,655828900372514688,WISEA J081512.96+164441.4,GALEX J081513.0+164442,123.80400435036748,16.744854706190814,1268.2387730883909,,36.33,0.09,-0.3983,11.20104,310.1799,11.782568,89.54725,10.454945,120.15689,9.516,0.022,8.921,0.016,8.766,0.018,8.686,0.022,8.743,0.019,8.631,0.025,8.197,,,,18.72909927368164,0.0520999990403652,,,,,AAA,0000,AAAU,RS,SSG,36.482222835296355,0.013687393,0.0413644026299404,0.022676397,30.20201526126183,0.5434858,,,SB1,0.6585896,0.693952,0.7281394,0.7612858,0.79350096,0.82487625
194,KP 201594,2MASS 08371867+1702529,659215911582235648,WISEA J083718.67+170252.9,GALEX J083718.7+170251,129.32783009249272,17.048040755263035,1574.3116599570983,,71.67,0.08,,12.957715,416.57425,13.544266,120.386,12.236398,156.71169,11.297,0.021,10.709,0.02,10.598,0.017,10.551,0.023,10.621,0.021,10.592,0.146,8.59,,,,20.708999633789062,0.1156999990344047,,,,,AAA,0000,AABU,RS,RS,,,,,,,,,,,,,,,
195,CSS J075129.1+185823,2MASS 07512915+1858235,668743214197037824,WISEA J075129.15+185823.5,,117.87148927903674,18.973193942849516,1340.971658579825,,15.2,0.14,-0.5986,14.678408,489.7501,15.286145,159.75667,13.91868,165.54134,12.925,0.022,12.321,0.026,12.171,0.02,12.048,0.024,12.032,0.023,11.454,0.214,8.859,,,,,,,,,,AAA,0000,AABU,SSG,SSG,,,,,,,,,,,,,,,
196,CSS J080627.1+181054,2MASS 08062714+1810544,668960299023416960,WISEA J080627.14+181054.4,GALEX J080627.1+181055,121.61307458632244,18.181762349210164,1201.516367877742,,0.13,0.14,-0.0401,13.766877,684.8441,14.304564,206.86523,13.075143,276.25912,12.275,0.024,11.766,0.032,11.626,0.019,11.511,0.024,11.545,0.021,11.528,0.198,8.476,,,,21.17849922180176,0.1415999978780746,,,,,AAA,0000,AABU,RS,SSG,,,,,,,,,,,,,,,
197,ZTF J074140.05+183131.4,2MASS 07414007+1831315,671472648733578752,WISEA J074140.06+183131.4,GALEX J074140.0+183131,115.4169139501883,18.525383539711164,1007.9237007440828,,4.16,0.11,-0.1577,13.323756,191.59445,13.924582,56.03529,12.575026,70.43738,11.498,0.021,10.927,0.022,10.798,0.02,10.697,0.022,10.693,0.021,10.529,0.085,8.708,,,,20.17180061340332,0.1177999973297119,,,,,AAA,0000,AAAU,RS,SSG,,,,,,,,,,,,,,,
198,ZTF J074607.10+201511.1,2MASS 07460710+2015112,672121154434948864,WISEA J074607.10+201511.2,,116.52960659545428,20.25309704476117,1312.5641356090764,,3.32,0.2,-0.0008,14.581138,329.38806,15.178501,94.62948,13.84814,122.45362,12.778,0.022,12.224,0.024,12.091,0.022,12.073,0.023,12.095,0.024,12.128,0.423,8.522,,,,,,,,,,AAA,0000,AACU,RS,SSG,,,,,,,,,,,,,,,
199,ZTF J074153.07+201752.4,2MASS 07415308+2017523,672839822722908672,WISEA J074153.08+201752.2,,115.47117571314608,20.29786966181978,1804.0789535026677,,4.82,0.15,-0.5027,14.385985,396.47562,14.8371935,125.20177,13.755113,133.33835,12.925,0.023,12.416,0.023,12.315,0.021,12.275,0.023,12.239,0.023,11.643,0.263,8.829,,,,,,,,,,AAA,0000,AABU,RS,SSG,,,,,,,,,,,,,,,
200,BD +201895,2MASS 07451638+2023166,672877103038407040,WISEA J074516.38+202316.3,,116.31828710121556,20.387857283719896,481.4909426225089,,12.13,0.14,-0.0671,9.551703,675.4245,10.09439,223.43758,8.850197,298.95865,7.914,0.027,7.348,0.016,7.239,0.017,7.1,0.038,7.195,0.021,7.112,0.017,7.095,0.095,,,,,Yes,Absorption,Normal Emission,Normal Emission,AAA,0000,AAAA,RS,RS,,,,,,,,,,,,,,,
201,CSS J073729.9+204345,2MASS 07372993+2043458,673091061129216256,WISEA J073729.93+204345.8,GALEX J073729.9+204346,114.37471555408028,20.729389083324545,1317.0680658153176,,6.39,0.13,-0.487,12.698164,576.8428,13.029933,197.83046,12.193425,199.00447,11.639,0.022,11.299,0.02,11.267,0.02,11.194,0.022,11.226,0.021,11.018,0.139,8.546,,,,17.627700805664062,0.0283000003546476,,,,,AAA,d000,AABU,RS,RS,,,,,,,,,,,,,,,
202,CSS J075229.8+232839,2MASS 07522988+2328396,675401375577988096,WISEA J075229.88+232839.6,GALEX J075229.9+232839,118.12451313190272,23.477664315310985,1354.9121237784618,,5.03,0.18,-0.3713,14.646453,162.79424,15.220138,46.523422,13.906622,60.18811,12.881,0.021,12.256,0.023,12.162,0.02,12.194,0.024,12.178,0.023,12.128,0.407,8.86,,,,22.11100006103516,0.4603999853134155,,,,,AAA,0000,AACU,RS,SSG,,,,,,,,,,,,,,,
203,ZTF J081647.55+212720.8,2MASS 08164756+2127210,676014181511336192,WISEA J081647.56+212720.8,GALEX J081647.5+212721,124.19814727707504,21.455769583452753,1665.3078928844416,,12.77,0.1,-0.4183,14.780974,390.6977,15.250883,88.238594,14.126427,148.81027,13.214,0.023,12.752,0.023,12.672,0.023,12.64,0.023,12.661,0.026,12.535,,8.938,,,,20.604900360107425,0.2520999908447265,,,,,AAA,0000,AAUU,RS,SSG,,,,,,,,,,,,,,,
204,ZTF J082512.91+224035.1,2MASS 08251290+2240351,677876960367321088,WISEA J082512.91+224035.0,GALEX J082512.9+224035,126.3038075269718,22.676407338422024,1518.6537475738946,,13.61,0.12,-0.2352,14.45527,371.0892,15.034538,123.07902,13.716682,128.81589,12.518,0.022,11.915,0.024,11.786,0.021,11.8,0.022,11.793,0.022,11.6,0.279,8.918,,,,21.585899353027344,0.3458000123500824,,,,,AAA,0000,AABU,RS,SSG,,,,,,,,,,,,,,,
205,ZTF J081658.68+261405.7,2MASS 08165867+2614057,682561223498419968,WISEA J081658.69+261405.6,,124.24452605017449,26.234874274305582,1973.4967487637111,,10.57,0.1,,15.498223,343.7477,16.07946,93.9297,14.751332,102.83937,13.801,0.025,13.205,0.026,13.055,0.027,12.98,0.023,12.972,0.029,12.037,,8.69,,,,,,,,,,AAA,0000,AAUU,SSG,SSG,,,,,,,,,,,,,,,
206,ZTF J082023.96+273147.3,2MASS 08202397+2731472,683288516080427264,WISEA J082023.95+273147.2,,125.0998346553163,27.52978063330357,1326.1268910239166,,9.27,0.08,-0.1669,14.047561,340.70544,14.633896,100.427086,13.309862,125.21575,12.404,0.024,11.83,0.03,11.668,0.022,11.599,0.023,11.596,0.022,11.434,0.214,8.892,,,,,,,,,,AAA,0000,AABU,RS,SSG,,,,,,,,,,,,,,,
207,KN Cnc,2MASS 08103525+2749283,683884863700181120,WISEA J081035.23+274928.0,GALEX J081035.2+274928,122.64676821139804,27.824426955220236,455.958612652884,12.318,17.74,0.08,-0.1901,11.541363,269.7408,12.170532,67.75545,10.749018,83.207214,9.686,0.018,9.078,0.019,8.925,0.018,8.792,0.022,8.781,0.02,8.63,0.025,8.437,0.43,21.944900512695312,0.2987,18.910499572753903,0.0549000017344951,Yes,Variable H-alpha,Normal Emission,Normal Emission,AAA,0000,AAAC,SSG,SSG,,,,,,,,,,,,,,,
208,ZTF J081506.76+294225.3,2MASS 08150676+2942252,684538592082012160,WISEA J081506.76+294225.2,,123.77820317483337,29.70700926667233,1748.936467903537,,3.92,0.1,-0.13,15.006868,310.87964,15.541846,104.00014,14.312972,120.21676,13.431,0.022,12.875,0.022,12.776,0.025,12.679,0.023,12.685,0.027,11.905,,8.864,,,,,,,,,,AAA,0000,AAUU,RS,SSG,,,,,,,,,,,,,,,
209,CSS J090921.0+265747,2MASS 09092099+2657475,692018775844248064,WISEA J090921.00+265747.3,,137.33757300138618,26.963144674340963,1561.906570842756,,1.65,0.09,-0.059,15.873151,106.91907,16.505808,19.571247,15.08027,31.636442,14.199,0.024,13.519,0.038,13.375,0.028,13.14,0.025,13.091,0.029,12.119,,8.794,,,,,,,,,,AAA,0000,AAUU,SSG,SSG,,,,,,,,,,,,,,,
210,CSS J085253.9+275021,2MASS 08525395+2750211,692928003241491200,WISEA J085253.95+275021.1,,133.2248051803715,27.83919466933424,1941.0108419804017,,27.51,0.1,-0.2841,14.485738,1420.2428,14.9484415,336.2073,13.84219,368.46683,13.042,0.022,12.544,0.02,12.452,0.022,12.402,0.023,12.415,0.026,11.806,,8.439,0.438,,,,,,,,,AAA,0000,AAUC,RS,RS,,,,,,,,,,,,,,,
211,MV Cnc,2MASS 09004238+2817313,693109388299433984,WISEA J090042.37+281731.3,GALEX J090042.4+281732,135.17656506030852,28.29204108898487,563.6623391560726,,6.26,0.08,-0.1709,11.202621,635.4792,11.734321,195.20866,10.506947,263.8387,9.623,0.023,9.127,0.057,8.953,0.023,8.881,0.022,8.929,0.02,8.822,0.034,8.336,,21.85429954528809,0.3382,18.41220092773437,0.0399000011384487,,,,,AAA,0000,AAAU,RS,SSG,,,,,,,,,,,,,,,
212,CSS J092636.5+253925,2MASS 09263654+2539249,693730608073643776,WISEA J092636.52+253924.9,GALEX J092636.5+253925,141.65215875414074,25.65691922869597,1021.1325229308584,,2.7,0.07,-0.1006,12.637413,629.7717,13.134996,199.01166,11.980971,192.32976,11.133,0.022,10.622,0.021,10.496,0.016,10.398,0.023,10.429,0.02,10.184,0.071,8.493,,,,18.71969985961914,0.034800000488758,,,,,AAA,0000,AAAU,RS,RS,,,,,,,,,,,,,,,
213,CSS J085202.5+284637,2MASS 08520254+2846370,705062454084270464,WISEA J085202.53+284637.0,GALEX J085202.5+284637,133.01054796786346,28.776917622441538,1578.7380272669943,,4.4,0.08,-0.13,13.764465,479.6216,14.328423,141.13345,13.045006,172.48705,12.276,0.022,11.672,0.025,11.552,0.024,11.364,0.023,11.381,0.023,11.173,0.209,8.425,,,,20.98080062866211,0.1685999929904937,,,,,AAA,0000,AABU,RS,SSG,,,,,,,,,,,,,,,
214,CSS J082235.4+285518,2MASS 08223545+2855187,707471754641398144,WISEA J082235.44+285518.7,GALEX J082235.4+285518,125.64771768284336,28.921861527598303,775.627733329682,,8.83,0.09,-0.0123,12.463797,211.5481,13.12118,61.468506,11.667196,73.14028,10.624,0.024,10.015,0.028,9.814,0.02,9.725,0.023,9.721,0.02,9.568,0.05,8.423,,21.93000030517578,0.3833,19.45359992980957,0.0732999965548515,,,,,AAA,0000,AAAU,SSG,SSG,,,,,,,,,,,,,,,
215,CSS J083108.3+310838,2MASS 08310836+3108387,708181768570906240,WISEA J083108.35+310838.7,GALEX J083108.4+310839,127.7848074689176,31.14407433823764,1092.210707388612,,5.16,0.15,-0.4106,14.256871,579.51465,14.922886,161.50284,13.456619,176.87395,12.373,0.02,11.77,0.016,11.587,0.019,11.493,0.024,11.454,0.022,11.552,0.172,9.096,,,,21.343900680541992,0.2018000036478042,,,,,AAA,0000,AABU,SSG,SSG,,,,,,,,,,,,,,,
216,CSS J083946.1+311904,2MASS 08394614+3119038,709537810006379392,WISEA J083946.15+311904.0,GALEX J083946.2+311903,129.94228292086015,31.31775681325962,1242.8227997073184,,7.11,0.12,,13.912857,506.17642,14.442668,171.3832,13.2145405,206.8712,12.244,0.019,11.73,0.029,11.622,0.021,11.655,0.023,11.643,0.022,11.408,0.197,8.438,,,,20.54910087585449,0.1307000070810318,,,,,AAA,0000,AABU,RS,RS,,,,,,,,,,,,,,,
217,CSS J084341.6+320513,2MASS 08434170+3205138,709937826080574336,WISEA J084341.71+320513.6,GALEX J084341.7+320513,130.9237927797456,32.08709808378486,1718.5771203478473,,5.01,0.1,-0.6052,14.481103,639.70557,14.980363,199.09396,13.801887,229.78703,12.91,0.023,12.31,0.019,12.248,0.023,12.189,0.023,12.142,0.024,12.432,0.507,9.06,,,,20.436500549316406,0.1124999970197677,,,,,AAA,0000,AACU,RS,SSG,,,,,,,,,,,,,,,
218,HAT 224-0007605,2MASS 08570191+3209106,712836516688390144,WISEA J085701.90+320910.6,,134.25798517956872,32.15295457987304,1298.627882300435,,7.66,0.08,-0.3397,14.358304,354.05026,15.015385,114.65682,13.560645,131.21233,12.424,0.024,11.799,0.022,11.657,0.021,11.487,0.023,11.456,0.022,11.304,0.203,8.152,,,,,,,,,,AAA,0000,AABU,SSG,SSG,,,,,,,,,,,,,,,
219,ZTF J090913.74+371947.9,2MASS 09091375+3719479,715852133485183232,WISEA J090913.74+371948.0,,137.30727234203982,37.32997423524534,1746.2660422763945,,8.94,0.06,-0.0843,14.083667,564.21375,14.61876,159.91795,13.385885,215.20963,12.362,0.02,11.818,0.017,11.711,0.019,11.751,0.022,11.771,0.023,11.651,0.286,8.364,,,,,,,,,,AAA,hh00,AABU,RS,SSG,,,,,,,,,,,,,,,
220,CSS J090704.1+365731,2MASS 09070415+3657310,715863334759918976,WISEA J090704.13+365731.0,GALEX J090704.1+365732,136.76721852219438,36.95861270693842,878.2640132720195,,15.88,0.06,-0.16,14.451353,249.32246,15.161343,65.62475,13.61688,98.30442,12.425,0.019,11.784,0.022,11.543,0.019,11.54,0.022,11.517,0.021,11.075,0.18,8.111,,,,21.9596004486084,0.3799999952316284,,,,,AAA,0000,AABU,SSG,SSG,,,,,,,,,,,,,,,
221,ZTF J103700.01+252752.5,2MASS 10370001+2527527,724444095300650112,WISEA J103700.01+252752.6,GALEX J103700.0+252753,159.25006194265643,25.46457552590034,838.3133947425606,,11.95,0.06,-0.7415,13.708085,523.3176,14.213181,132.30641,13.028012,212.41338,12.058,0.021,11.519,0.019,11.411,0.018,11.384,0.023,11.377,0.021,11.214,0.164,8.586,,,,20.210399627685547,0.1125999987125396,,,,,AAA,0000,AABU,RS,SSG,,,,,,,,,,,,,,,
222,AH LMi,2MASS 10455672+2629584,730789376904481408,WISEA J104556.71+262958.3,GALEX J104556.7+262958,161.48628901871467,26.49951257280288,595.2283546838897,,2.51,0.09,-0.1539,11.828333,522.0049,12.310262,173.05565,11.1803875,179.3632,10.291,0.02,9.745,0.019,9.653,0.021,9.614,0.023,9.608,0.021,9.467,0.037,8.53,,21.04080009460449,0.3247,17.469900131225586,0.0255999993532896,,,,,AAA,0000,AAAU,RS,RS,,,,,,,,,,,,,,,
223,ZTF J111010.59+292108.3,2MASS 11101063+2921086,732457404763596160,WISEA J111010.60+292108.3,GALEX J111010.6+292109,167.54416825283982,29.352301239562824,915.8210384191204,,10.76,0.06,,13.425992,560.0986,13.99748,164.66849,12.697095,198.931,11.719,0.022,11.12,0.022,10.99,0.019,10.922,0.022,10.91,0.021,11.057,0.135,8.389,,,,20.442800521850582,0.1206000000238418,,,,,AAA,0000,AABU,RS,SSG,,,,,,,,,,,,,,,
224,ZTF J104837.81+320704.0,2MASS 10483780+3207041,737514574135581440,WISEA J104837.80+320704.1,GALEX J104837.7+320704,162.1575639336658,32.11779108372685,1852.0214350598485,,8.17,0.08,-1.0319,13.242479,167.10228,13.644696,90.93744,12.447957,102.96506,11.429,0.024,10.863,0.028,10.753,0.023,10.76,0.023,10.759,0.021,10.671,0.091,8.9,,,,19.452699661254883,0.0962999984622001,,,,,AAA,0000,AAAU,cut,SSG,,,,,,,,,,,,,,,
225,ZTF J103418.19+315203.3,2MASS 10341818+3152036,748232647842794752,WISEA J103418.19+315203.3,GALEX J103418.1+315203,158.57580230445035,31.8675884187869,1072.232700759162,,15.24,0.06,,13.997333,349.05435,14.537094,98.45606,13.296894,130.44138,12.464,0.019,11.953,0.021,11.804,0.022,11.72,0.022,11.755,0.022,11.498,0.225,8.912,,,,21.80039978027344,0.3860999941825866,,,,,AAA,0000,AABU,RS,RS,,,,,,,,,,,,,,,
226,AD LMi,2MASS 10262277+3745128,755517221614519808,WISEA J102622.67+374513.2,GALEX J102622.6+374513,156.59430088264716,37.753687957518295,186.41787379244332,,17.8,0.03,-0.0754,9.442951,851.0721,10.001666,266.85303,8.726802,353.1219,7.742,0.023,7.221,0.017,7.099,0.018,6.987,0.053,7.028,0.023,6.941,0.02,6.79,0.088,16.09950065612793,0.0311,15.799400329589844,0.0175000000745058,,,,,AAA,hH00,AAAA,cut,SSG,,,,,,,,,,,,,,,
227,RX J1112.4+3950,2MASS 11122561+3950562,765345000140899584,WISEA J111225.61+395056.0,GALEX J111225.6+395056,168.10672919002346,39.84888435585051,428.60855962010345,48.07742857142858,5.25,0.05,-0.0403,11.208754,269.68527,11.848512,66.81035,10.42236,90.38668,9.538,0.022,8.913,0.016,8.722,0.014,8.605,0.023,8.574,0.021,8.433,0.023,8.399,0.361,21.03059959411621,0.2239,18.54899978637696,0.0456999987363815,Yes,Variable H-alpha,Normal Emission,Normal Emission,AAA,0000,AAAC,SSG,SSG,5.2533,0.0779,0.0866,0.0061,51.697,0.669,,,Asymmetric,0.50830597,0.5376323,0.5660419,0.5936366,0.62050015,0.64670235
228,AK LMi,2MASS 10530502+3813335,775157243770309760,WISEA J105304.98+381332.8,,163.27093593358092,38.225841131947554,302.94693615508606,,9.77,0.04,0.0019,10.816634,292.58243,11.349288,97.23167,10.108127,123.37826,8.992,0.027,8.348,0.02,8.41,0.025,8.102,0.023,8.114,0.02,8.088,0.024,7.863,0.16,,,,,,,,,EAE,000P,AAAB,RS,SSG,,,,,,,,,,,,,,,
229,ZTF J104130.25+385904.6,2MASS 10413025+3859046,779130127174163200,WISEA J104130.25+385904.5,GALEX J104130.2+385904,160.37605190930313,38.984607162334896,1268.1418514816537,,0.95,0.04,-0.0725,13.561981,460.89874,14.132111,132.97783,12.844291,171.15741,12.002,0.021,11.405,0.021,11.243,0.02,11.053,0.023,11.058,0.021,10.695,0.103,8.888,,,,20.85120010375977,0.2252999991178512,,,,,AAA,0000,AAAU,RS,SSG,,,,,,,,,,,,,,,
230,V0376 UMa,2MASS 10341796+4101041,780333675795064960,WISEA J103417.97+410104.1,,158.57495265090375,41.01779893901281,518.5180451779752,,6.37,0.04,-0.0089,12.306073,263.4143,12.847659,84.05615,11.604843,98.32645,10.489,0.022,9.956,0.021,9.809,0.018,9.735,0.022,9.734,0.02,9.591,0.039,8.41,,,,,,,,,,AAA,0000,AAAU,RS,SSG,,,,,,,,,,,,,,,
231,ZTF J114107.96+493417.4,2MASS 11410796+4934173,790599854521430656,WISEA J114107.97+493417.3,GALEX J114108.0+493418,175.2831977700072,49.57147902067134,1498.4881730097893,,16.82,0.05,-0.0635,14.312542,367.32565,14.836051,96.81772,13.628977,148.06523,12.867,0.026,12.275,0.03,12.167,0.023,12.011,0.023,12.041,0.021,12.063,0.271,8.862,,,,21.005699157714844,0.1033999994397163,,,,,AAA,0000,AABU,RS,SSG,,,,,,,,,,,,,,,
232,GSC 03454-00008,2MASS 11494516+5133050,791350717883920768,WISEA J114945.16+513304.8,GALEX J114945.1+513305,177.4382100776426,51.55130856513825,660.9373567817846,,10.02,0.05,-0.0776,13.057553,514.494,13.665358,155.72997,12.303996,198.48312,11.202,0.023,10.643,0.028,10.486,0.021,10.515,0.023,10.52,0.02,10.375,0.065,8.783,,,,19.858800888061523,0.0864000022411346,,,,,AAA,0000,AAAU,SSG,SSG,,,,,,,,,,,,,,,
233,ZTF J115121.94+523739.6,2MASS 11512198+5237396,792208435738219904,WISEA J115121.96+523739.6,,177.84145980445285,52.62765761417283,935.2084270222716,,1.42,0.05,,15.024395,618.5616,15.589696,318.71793,14.09791,478.84897,13.109,0.026,12.464,0.032,12.34,0.022,12.254,0.022,12.297,0.023,11.906,0.272,9.137,,,,,,,,,,AAA,0000,AABU,cut,SSG,,,,,,,,,,,,,,,
234,ZTF J094054.35+324036.8,2MASS 09405437+3240367,793977382442200064,WISEA J094054.36+324036.7,GALEX J094054.4+324037,145.2265043066674,32.676860908112076,1499.3374460438954,,8.17,0.05,-0.1301,13.855991,1241.7396,14.373224,353.7771,13.171503,440.59845,12.448,0.026,11.873,0.03,11.718,0.023,11.532,0.023,11.569,0.022,11.254,0.164,9.213,,,,20.5762996673584,0.1281999945640564,,,,,AAA,0000,AABU,RS,SSG,,,,,,,,,,,,,,,
235,ZTF J093912.50+344538.9,2MASS 09391251+3445386,797731523158972416,WISEA J093912.50+344538.7,GALEX J093912.5+344539,144.8020874332526,34.76076958961011,551.3326297907878,,2.98,0.03,,11.963718,271.78885,12.465697,80.273186,11.278365,104.24889,10.383,0.022,9.856,0.023,9.716,0.016,9.694,0.022,9.701,0.02,9.562,0.042,8.556,,21.208499908447266,0.368,18.382200241088867,0.060199998319149,,,,,AAA,0000,AAAU,RS,RS,,,,,,,,,,,,,,,
236,ZTF J093902.91+375508.2,2MASS 09390290+3755079,800597095276090752,WISEA J093902.90+375508.1,GALEX J093902.9+375508,144.76212305124417,37.91892022839374,1793.4000861416698,,5.71,0.05,,14.31628,761.5898,14.736452,286.67636,13.690954,249.66737,12.995,0.023,12.515,0.023,12.374,0.022,12.201,0.023,12.213,0.023,11.842,0.292,8.944,,,,20.020299911499023,0.0728999972343444,,,,,AAA,0000,AABU,RS,RS,,,,,,,,,,,,,,,
237,ZZ LMi,2MASS 09311267+3802306,811353892407658752,WISEA J093112.67+380230.7,GALEX J093112.6+380231,142.80286609764735,38.041907050865255,347.3913165414643,,5.5,0.04,-0.9646,11.875213,208.88504,12.4660225,62.016632,11.093896,77.58164,10.007,0.027,9.347,0.031,9.255,0.025,9.135,0.022,9.138,0.02,9.071,0.031,8.658,,20.899599075317383,0.2783,18.68149948120117,0.0648000016808509,,,,,EAA,0000,AAAU,SSG,SSG,,,,,,,,,,,,,,,
238,NSV 18175,2MASS 09211548+3939593,812437319381558528,WISEA J092115.45+393959.2,GALEX J092115.4+394000,140.3142113470798,39.666404691132094,174.0307573289821,,24.3,0.04,-0.1125,6.431945,2009.5868,6.9133286,512.5663,5.7793455,664.51575,4.986,0.037,4.655,0.216,4.381,0.018,4.333,0.289,4.031,0.159,4.313,0.014,4.252,0.025,16.308900833129883,0.0355,13.19200038909912,0.0054999999701976,,,,,ECA,0000,BBAA,RS,RS,,,,,,,,,,,,,,,
239,ZTF J090843.16+401425.5,2MASS 09084317+4014254,815491526461879296,WISEA J090843.17+401425.4,GALEX J090843.2+401425,137.1798646468521,40.24037716830324,986.3853376927212,,22.95,0.05,,13.865608,486.669,14.427503,150.53612,13.154024,206.37474,12.14,0.018,11.605,0.016,11.492,0.02,11.472,0.023,11.493,0.021,11.46,0.189,8.783,,,,21.247699737548828,0.1816000044345855,,,,,AAA,d000,AABU,RS,RS,,,,,,,,,,,,,,,
240,MY Lyn,2MASS 09072926+4228055,816739094201996928,WISEA J090729.23+422805.5,GALEX J090729.3+422805,136.87178950408602,42.46818947219781,498.211478451584,,24.7,0.05,-0.0701,11.796938,340.39047,12.294189,103.647484,11.1139965,142.17903,10.331,0.018,9.827,0.016,9.715,0.013,9.632,0.022,9.678,0.02,9.574,0.039,9.03,,,,19.08880043029785,0.0847000032663345,,,,,AAA,0000,AAAU,cut,SSG,,,,,,,,,,,,,,,
241,V0450 UMa,2MASS 09420518+4722034,824813357840532480,WISEA J094205.18+472203.3,GALEX J094205.1+472203,145.52156649154915,47.36758044751804,657.6664173824339,,40.7,0.03,0.0199,9.988413,390.80194,10.532569,113.4446,9.288569,154.03134,8.463,0.024,7.881,0.018,7.732,0.013,7.666,0.029,7.746,0.02,7.635,0.018,7.635,0.17,20.77949905395508,0.3083,17.225299835205078,0.0351999998092651,,,,,AAA,0000,AAAB,RS,RS,,,,,,,,,,,,,,,
242,ZTF J110423.55+505341.5,2MASS 11042356+5053417,833146178509865856,WISEA J110423.56+505341.5,GALEX J110423.6+505343,166.09815167197803,50.89484769165608,1131.8078949626276,,4.03,0.02,,13.864786,276.31573,14.497545,79.72681,13.089202,101.40573,11.941,0.02,11.32,0.021,11.183,0.018,11.146,0.023,11.135,0.021,11.045,0.116,8.838,,,,20.924999237060547,0.1167000010609626,,,,,AAA,0000,AABU,SSG,SSG,,,,,,,,,,,,,,,
243,ZTF J102049.42+475259.4,2MASS 10204940+4752591,834590490112062592,WISEA J102049.42+475259.2,GALEX J102049.4+475259,155.20593162717824,47.88314994001029,942.1990643585256,,2.73,0.02,-0.7212,14.5979805,399.31152,15.143717,248.60442,13.789531,397.61102,12.812,0.023,12.253,0.021,12.111,0.02,12.082,0.023,12.097,0.022,12.144,0.276,8.908,,,,21.703100204467773,0.2065999954938888,,,,,AAA,0000,AABU,cut,SSG,,,,,,,,,,,,,,,
244,ZTF J111009.78+533931.6,2MASS 11100978+5339313,842690592274696576,WISEA J111009.78+533931.5,GALEX J111009.8+533932,167.54077964212797,53.6587712041422,1328.065452280803,,7.29,0.03,,13.653323,1438.7415,14.056119,511.79733,13.065362,435.24042,12.284,0.025,11.827,0.028,11.691,0.022,11.587,0.023,11.583,0.021,11.468,0.161,9.03,,,,18.45949935913086,0.0604999996721744,,,,,AAA,0000,AABU,RS,RS,,,,,,,,,,,,,,,
245,ZTF J112248.74+560536.7,2MASS 11224875+5605365,844293027392692096,WISEA J112248.74+560536.6,,170.70311983666917,56.09350535815614,1219.7129880990362,,0.91,0.03,0.0184,13.603515,441.20206,14.243419,124.66029,12.829248,148.4016,11.673,0.021,11.087,0.023,10.931,0.021,10.878,0.023,10.895,0.021,10.732,0.072,8.703,,,,,,,,,,AAA,0000,AAAU,SSG,SSG,,,,,,,,,,,,,,,
246,V0340 UMa,2MASS 10343958+5139205,847500680768187776,WISEA J103439.52+513920.4,GALEX J103439.6+513921,158.66456094614458,51.65562377766416,292.96569334703514,,12.11,0.05,0.1081,10.658421,341.80124,11.204783,103.82687,9.949206,130.75789,8.897,0.027,8.37,0.018,8.2,0.023,8.179,0.022,8.182,0.02,8.074,0.019,7.807,0.17,20.7101993560791,0.3285,17.56760025024414,0.0392999984323978,,,,,AAA,0000,AAAB,RS,SSG,,,,,,,,,,,,,,,
247,ZTF J104527.27+570131.6,2MASS 10452728+5701317,854115342720715776,WISEA J104527.27+570131.7,,161.3636276816308,57.025470231871815,1448.2179684754688,,2.7,0.02,-0.1185,14.71536,212.70346,15.373359,64.36755,13.907411,74.57682,12.638,0.024,12.051,0.031,11.86,0.026,11.82,0.022,11.788,0.022,11.851,0.226,9.112,,,,,,,,,,AAA,0000,AABU,SSG,SSG,,,,,,,,,,,,,,,
248,ZTF J111554.94+610103.3,2MASS 11155497+6101030,861246912577399296,WISEA J111554.94+610103.3,GALEX J111554.9+610104,168.9789341925195,61.01758557718801,1904.5509985428096,,14.32,0.03,-0.0401,14.559069,537.46106,15.059773,168.99852,13.884924,206.26491,13.085,0.025,12.537,0.021,12.47,0.029,12.327,0.023,12.343,0.023,12.001,0.256,8.81,,,,21.76889991760254,0.3447000086307525,,,,,AAA,0000,AABU,RS,SSG,,,,,,,,,,,,,,,
249,TYC 4156-1375-1,2MASS 11442390+6258099,863106873934915200,WISEA J114423.90+625809.8,GALEX J114423.9+625809,176.0996071259216,62.96938005552898,679.9470262418167,,30.4,0.04,-0.1299,12.171349,219.70615,12.724139,61.008026,11.454438,85.52022,10.42,0.021,9.872,0.021,9.749,0.019,9.743,0.022,9.763,0.021,9.602,0.041,8.579,,,,18.9734001159668,0.0740000009536743,,,,,AAA,0000,AAAU,RS,SSG,23.02326876731767,0.016611401,0.3265154468991051,0.031052066,19.728751446714895,0.5581901,,,SB1,0.29617527,0.31383848,0.33093628,0.3475327,0.3636801,0.379422
250,CSS J074030.0+245545,2MASS 07403009+2455449,868651504915627776,WISEA J074030.09+245545.0,,115.12541032547006,24.929170023753915,1857.768913084523,,2.91,0.11,-0.518,15.35339,285.6328,15.868443,79.25218,14.658073,101.889755,13.813,0.023,13.252,0.022,13.101,0.026,13.041,0.024,13.017,0.029,11.751,,8.558,,,,,,,,,,AAA,0000,AAUU,RS,SSG,,,,,,,,,,,,,,,
251,CSS J074051.7+264733,2MASS 07405172+2647339,869165664040206464,WISEA J074051.71+264733.9,GALEX J074051.7+264736,115.21548910285952,26.79273751465978,1917.316549068696,,14.96,0.12,-0.061,14.928756,225.92113,15.523356,61.22661,14.197757,79.84977,13.219,0.022,12.678,0.02,12.507,0.021,12.431,0.025,12.439,0.024,12.167,0.343,9.012,,,,21.507400512695312,0.2757999897003174,,,,,AAA,0000,AABU,RS,SSG,,,,,,,,,,,,,,,
252,HD 57267,2MASS 07213282+2609331,871136882231721600,WISEA J072132.82+260933.4,GALEX J072132.9+260932,110.38671581895238,26.15918964218921,467.2491182054069,,35.37,0.19,,7.1526604,487.19064,7.6314354,156.85643,6.5017786,167.59093,5.655,0.018,5.127,0.036,4.963,0.026,4.921,0.169,4.667,0.081,4.812,0.024,4.767,0.029,12.687700271606444,0.0043,12.444700241088867,0.0024000001139938,Yes,Absorption,Too Little Data,Too Little Data,AEA,HHH0,BAAA,RS,RS,36.216,0.0006,0.0,0.0,42.79,0.45,,,SB1,0.939618587,0.986780107,1.032509923,1.07695961,1.120255113,1.162502527
253,ZTF J072531.84+275524.9,2MASS 07253184+2755248,873049860663883136,WISEA J072531.83+275524.8,,111.38267493921856,27.92356160776294,1333.508300759929,,3.47,0.1,0.0201,14.243206,177.44936,14.874329,49.12639,13.466931,61.35423,12.368,0.023,11.751,0.032,11.591,0.021,11.58,0.023,11.583,0.022,11.619,0.273,8.838,,,,,,,,,,AAA,hh00,AABU,SSG,SSG,,,,,,,,,,,,,,,
254,KL Cnc,2MASS 08075064+2821078,876127187552032000,WISEA J080750.62+282107.8,GALEX J080750.6+282108,121.96087492484412,28.35215635628699,456.5695752617896,56.2215,3.89,0.1,-0.1844,11.539974,659.53357,12.108563,150.03842,10.804333,187.37735,9.793,0.02,9.205,0.02,9.065,0.017,9.005,0.024,8.994,0.02,8.888,0.027,8.598,0.367,21.512500762939453,0.2755,18.428600311279297,0.0432999990880489,No,Variable H-alpha,No RV Data,No RV Data,AAA,0000,AAAC,RS,SSG,,,,,,,,,,,,,,,
255,CSS J080456.3+293313,2MASS 08045628+2933136,876441677940655872,WISEA J080456.27+293313.5,GALEX J080456.2+293314,121.2344944372808,29.553725992221104,816.8353096852802,,11.98,0.14,-0.2584,13.439658,405.39172,13.918222,118.53641,12.7934265,159.21971,11.982,0.021,11.514,0.023,11.405,0.022,11.341,0.023,11.387,0.022,11.202,0.19,8.933,,,,20.15329933166504,0.0839999988675117,,,,,AAA,0000,AABU,RS,SSG,,,,,,,,,,,,,,,
256,CSS J080050.2+312115,2MASS 08005030+3121148,877955469230883328,WISEA J080050.30+312114.7,,120.20961599055217,31.354078438673227,1714.3390898857365,,9.47,0.15,-0.0999,15.060146,816.99835,15.614991,202.72235,14.347188,258.12863,13.437,0.031,12.914,0.035,12.747,0.027,12.765,0.024,12.791,0.026,12.418,,8.162,,,,,,,,,,AAA,0000,AAUU,RS,SSG,,,,,,,,,,,,,,,
257,sig Gem,2MASS 07431872+2853009,878467085735262720,,,115.82834518488664,28.882490119929923,36.87173807327437,,19.42,0.08,,3.9680505,204.15166,4.601342,73.50594,3.2515385,63.658337,2.328,0.32,1.799,0.192,1.736,0.202,,,,,,,,,,,,,,,,,DCC,,,cut,RS,,,,,,,,,,,,,,,
258,CSS J074611.0+292451,2MASS 07461103+2924518,878852292762317568,WISEA J074611.03+292451.7,GALEX J074610.9+292451,116.54598253377269,29.41436290721447,1633.5669087337526,,5.28,0.12,-0.1132,14.43746,703.736,14.947352,155.46342,13.762728,236.71706,12.856,0.024,12.338,0.03,12.203,0.025,12.174,0.023,12.174,0.024,11.708,0.265,8.376,,,,19.35009956359864,0.0461999997496604,,,,,AAA,00p0,AABU,RS,SSG,,,,,,,,,,,,,,,
259,CSS J074519.8+294425,2MASS 07451983+2944249,879082846606531584,WISEA J074519.83+294424.9,GALEX J074519.8+294425,116.3326577277948,29.740259610188293,1016.76126148426,,0.28,0.11,-0.1938,14.088076,163.98456,14.695058,46.961594,13.329473,62.159286,12.351,0.024,11.733,0.03,11.637,0.025,11.482,0.023,11.467,0.021,11.708,0.295,8.342,,,,21.32430076599121,0.1517000049352646,,,,,AAA,0000,AABU,SSG,SSG,,,,,,,,,,,,,,,
260,ZTF J070956.84+252002.9,2MASS 07095683+2520030,882753772334068480,WISEA J070956.83+252002.9,,107.4868326938003,25.33414693503466,870.5319721719432,,8.93,0.19,-0.0183,14.185517,193.86873,14.861468,58.29023,13.396745,74.43361,12.24,0.022,11.646,0.022,11.501,0.02,11.411,0.023,11.409,0.021,11.402,0.227,8.872,,,,,,,,,,AAA,0000,AABU,SSG,SSG,,,,,,,,,,,,,,,
261,ZTF J071042.09+282005.1,2MASS 07104209+2820052,884550168176051712,WISEA J071042.09+282005.2,,107.67538268888622,28.33475819948827,1852.7230423878052,,2.68,0.18,-0.2214,15.332489,243.71275,16.057962,57.542747,14.486855,80.92909,13.591,0.022,12.957,0.023,12.734,0.022,12.419,0.022,12.37,0.024,11.875,0.346,8.808,,,,,,,,,,AAA,0000,AABU,SSG,SSG,,,,,,,,,,,,,,,
262,CSS J072149.2+300305,2MASS 07214926+3003049,885860957833807360,WISEA J072149.26+300304.9,GALEX J072149.2+300304,110.45527828468607,30.051384181173606,1822.96308279488,,8.3,0.18,-0.6654,14.6584,368.68143,15.243595,109.8464,13.90966,135.83257,12.945,0.025,12.391,0.028,12.232,0.024,12.169,0.024,12.098,0.023,12.281,,9.072,,,,21.20319938659668,0.1838999986648559,,,,,AAA,0000,AAUU,RS,SSG,,,,,,,,,,,,,,,
263,ZTF J071553.73+294145.7,2MASS 07155373+2941457,886250665987634944,WISEA J071553.72+294145.7,,108.9738836697854,29.6960102836407,1590.4200448157503,,22.63,0.16,-0.1909,14.67544,958.9909,15.206805,222.3766,13.988984,273.05807,13.126,0.023,12.625,0.021,12.464,0.022,12.457,0.024,12.486,0.026,11.91,,8.996,,,,,,,,,,AAA,0000,AAUU,RS,SSG,,,,,,,,,,,,,,,
264,ZTF J071057.81+342713.4,2MASS 07105781+3427135,891405176498497792,WISEA J071057.80+342713.4,GALEX J071057.7+342714,107.74088067550709,34.45372085470421,1641.5694234051805,,20.08,0.18,-0.2566,14.550704,203.17462,15.068538,56.168728,13.875423,78.32625,12.98,0.023,12.459,0.026,12.379,0.021,12.312,0.023,12.361,0.024,12.278,0.394,8.905,,,,21.622100830078125,0.3037000000476837,,,,,AAA,0000,AACU,RS,SSG,,,,,,,,,,,,,,,
265,CSS J073555.2+321740,2MASS 07355524+3217403,892385150595367296,WISEA J073555.24+321740.3,,113.98017379730062,32.29452396244708,1535.864792903066,,39.22,0.12,-0.226,13.460098,259.46115,13.977756,79.78413,12.756909,100.787865,11.743,0.022,11.211,0.021,11.094,0.02,11.117,0.023,11.146,0.021,10.875,0.133,8.364,,,,,,,,,,AAA,0000,AABU,cut,SSG,,,,,,,,,,,,,,,
266,V0459 Gem,2MASS 07242396+3357034,893393295383452288,WISEA J072423.95+335703.4,,111.09981686135484,33.9509740586708,479.20838479695885,,5.58,0.14,-0.1515,12.150286,184.53105,12.768839,56.157993,11.392894,60.04232,10.396,0.022,9.764,0.021,9.613,0.016,9.491,0.022,9.47,0.018,9.339,0.037,8.68,0.378,,,,,,,,,AAA,0000,AAAC,SSG,SSG,,,,,,,,,,,,,,,
267,CSS J074519.4+351002,2MASS 07451948+3510023,894629700504951808,WISEA J074519.49+351002.3,GALEX J074519.5+351002,116.33122789169047,35.1673220992362,848.6279460241839,,3.66,0.19,0.0455,12.9713955,259.0964,13.635005,69.99909,12.176156,96.071304,11.311,0.022,10.675,0.022,10.475,0.019,10.284,0.022,10.3,0.02,10.147,0.079,8.078,,,,20.51930046081543,0.1448000073432922,,,,,AAA,0000,AAAU,SSG,SSG,,,,,,,,,,,,,,,
268,ZTF J074649.15+353350.3,2MASS 07464914+3533504,894666495487902208,WISEA J074649.14+353350.3,GALEX J074649.1+353350,116.70479244431364,35.56397386695386,857.0129827871831,,10.5,0.17,,12.253651,387.78345,12.804074,108.17095,11.541726,142.55309,10.971,0.022,10.341,0.019,10.195,0.017,9.881,0.022,9.886,0.021,9.858,0.058,8.436,,,,18.877500534057617,0.052700001746416,,,,,AAA,0000,AAAU,RS,RS,,,,,,,,,,,,,,,
269,ZTF J074414.99+354745.7,2MASS 07441500+3547461,894915470448875520,WISEA J074415.00+354745.9,,116.06248367332864,35.79604699197021,1330.486753043534,,5.21,0.18,-0.4255,14.6573305,283.81525,15.244356,75.84897,13.903814,111.57459,12.846,0.024,12.255,0.022,12.111,0.022,12.123,0.024,12.129,0.023,11.942,0.309,8.795,,,,,,,,,,AAA,0000,AABU,RS,SSG,,,,,,,,,,,,,,,
270,ZTF J071513.13+361052.7,2MASS 07151310+3610526,897614462257689856,WISEA J071513.13+361052.5,GALEX J071513.2+361052,108.80471904601092,36.18127992322965,757.8364475754267,,2.68,0.2,-0.1854,13.704667,261.436,14.363443,71.36192,12.906131,90.13346,11.814,0.021,11.178,0.031,10.987,0.024,10.95,0.024,10.857,0.021,10.55,0.091,8.655,,22.124799728393555,0.4655,20.479900360107425,0.1368999928236007,,,,,AAA,0000,AAAU,SSG,SSG,,,,,,,,,,,,,,,
271,ZTF J073210.23+394324.7,2MASS 07321025+3943251,900315751871855616,WISEA J073210.24+394324.8,GALEX J073210.3+394325,113.042665541085,39.72352489750008,586.4239155560628,,9.24,0.16,-0.1603,13.15354,177.0245,13.865933,51.428444,12.319551,66.79087,10.931,0.018,10.31,0.016,10.122,0.017,10.216,0.023,10.213,0.02,10.149,0.067,9.005,,,,20.6018009185791,0.1297000050544738,,,,,AAA,0000,AAAU,SSG,SSG,,,,,,,,,,,,,,,
272,CSS J082322.7+352404,2MASS 08232268+3524047,904265992208905728,WISEA J082322.68+352404.6,GALEX J082322.7+352405,125.8445124770468,35.40127279577701,1663.165405824254,,4.74,0.17,,15.14628,280.94284,15.746625,85.906624,14.397306,102.54486,13.521,0.024,12.966,0.021,12.758,0.026,12.566,0.024,12.595,0.026,12.483,0.46,8.991,,,,22.50219917297364,0.4370000064373016,,,,,AAA,0000,AACU,SSG,SSG,,,,,,,,,,,,,,,
273,ZTF J082849.93+370057.4,2MASS 08284993+3700576,904833889964492032,WISEA J082849.93+370057.4,,127.20805444532922,37.01593827286601,1219.9483456166984,,9.82,0.1,0.1391,14.568395,336.6464,15.226515,99.354,13.7787075,128.54033,12.738,0.023,12.13,0.019,12.0,0.019,11.857,0.023,11.868,0.023,11.425,0.204,8.727,,,,,,,,,,AAA,0000,AABU,SSG,SSG,,,,,,,,,,,,,,,
274,CSS J081117.6+360733,2MASS 08111762+3607345,906058127442277248,WISEA J081117.61+360734.5,GALEX J081117.5+360735,122.82341623216344,36.12622457444471,683.1188700452624,,3.29,0.14,-0.5887,13.1815405,116.206375,13.814442,33.142193,12.383061,38.353878,11.301,0.022,10.655,0.022,10.502,0.019,10.441,0.023,10.415,0.02,10.27,0.074,8.687,,20.51160049438477,0.2668,19.450000762939453,0.0684999972581863,,,,,AAA,hh00,AAAU,SSG,SSG,,,,,,,,,,,,,,,
275,CSS J084438.5+393906,2MASS 08443850+3939064,910777540586536832,WISEA J084438.50+393906.3,GALEX J084438.4+393906,131.16042638663518,39.65176119639585,1225.3498433154052,,5.09,0.1,-0.4723,14.520769,417.67184,15.114882,136.99904,13.772434,152.71771,12.824,0.022,12.255,0.018,12.085,0.021,11.881,0.023,11.842,0.022,11.969,0.247,8.711,,,,21.297100067138672,0.1913000047206878,,,,,AAA,0000,AABU,SSG,SSG,,,,,,,,,,,,,,,
276,FM Lyn,2MASS 08271362+4128326,914771516574592896,WISEA J082713.63+412832.3,GALEX J082713.6+412832,126.80683238644646,41.475613128561655,441.6539968354492,13.7912,17.61,0.1,,10.244536,624.65216,10.871146,206.87341,9.488704,274.89304,8.691,0.02,8.091,0.016,7.943,0.02,7.692,0.029,7.769,0.02,7.654,0.018,7.686,0.211,21.455900192260746,0.3557,18.09510040283203,0.0474000014364719,Yes,Variable H-alpha,Incomplete RV Data,Incomplete RV Data,AAA,0000,AAAB,RS,RS,,,,,,,,,,,,,,,
277,CSS J084704.9+445925,2MASS 08470497+4459255,917235350333711232,WISEA J084704.98+445925.5,GALEX J084704.9+445925,131.77077421932896,44.99041257353041,961.0998162907968,,8.37,0.08,-0.1902,13.862642,535.3615,14.465287,158.42294,13.097124,177.45888,12.07,0.023,11.459,0.021,11.34,0.019,11.256,0.023,11.272,0.021,11.126,0.125,9.113,,,,20.945499420166016,0.1589999943971634,,,,,AAA,0000,AABU,SSG,SSG,,,,,,,,,,,,,,,
278,ER Lyn,2MASS 07511883+3629566,918831669419099008,WISEA J075118.82+362956.3,GALEX J075118.8+362956,117.82841931607348,36.49895672061834,601.2154030622264,,3.38,0.15,0.0033,12.143353,333.33252,12.762281,98.83172,11.383183,124.96283,10.457,0.022,9.828,0.021,9.67,0.018,9.52,0.022,9.547,0.019,9.434,0.038,8.3,,,,19.52090072631836,0.065600000321865,,,,,AAA,0000,AAAU,RS,SSG,,,,,,,,,,,,,,,
279,CSS J075958.1+374816,2MASS 07595821+3748159,919342633088051840,WISEA J075958.20+374815.8,GALEX J075958.2+374816,119.99252789637524,37.80440775596334,1614.7596257852526,,20.62,0.14,-0.1917,14.425599,236.87532,15.058114,67.083176,13.6504545,87.24969,12.482,0.023,11.905,0.03,11.767,0.02,11.686,0.024,11.681,0.021,11.65,0.23,8.842,,,,22.015899658203125,0.2236000001430511,,,,,AAA,0000,AABU,SSG,SSG,,,,,,,,,,,,,,,
280,ZTF J075539.95+403858.5,2MASS 07553996+4038584,920684415231295360,WISEA J075539.95+403858.5,,118.91649849017269,40.64956476634039,1954.8812242873112,,12.3,0.13,-0.1609,15.256886,865.9233,15.790968,207.70128,14.5661745,234.87143,13.708,0.024,13.134,0.022,13.069,0.035,13.028,0.023,13.041,0.027,12.144,,8.875,,,,,,,,,,AAA,0000,AAUU,RS,SSG,,,,,,,,,,,,,,,
281,ZTF J080232.00+390740.9,2MASS 08023201+3907408,921057046593610240,WISEA J080232.00+390740.8,GALEX J080231.9+390740,120.63335922122307,39.12801601641905,1390.3467356456488,,13.19,0.13,-0.1664,14.122242,988.56177,14.589029,297.50482,13.487859,365.178,12.721,0.026,12.251,0.031,12.139,0.026,12.096,0.024,12.096,0.023,12.118,0.382,8.354,,,,20.82819938659668,0.1312000006437301,,,,,AAA,0000,AACU,RS,RS,,,,,,,,,,,,,,,
282,ZTF J081155.08+415751.6,2MASS 08115510+4157515,921797361516500096,WISEA J081155.09+415751.6,GALEX J081155.1+415751,122.97952413307748,41.96433700034913,1738.0608939848917,,9.88,0.12,-0.2612,14.174414,177.1821,14.687747,56.261707,13.461051,60.784283,12.381,0.021,11.808,0.019,11.694,0.022,11.698,0.021,11.716,0.023,11.524,0.221,8.604,,,,19.980499267578125,0.1040999963879585,,,,,AAA,0000,AABU,RS,SSG,,,,,,,,,,,,,,,
283,IL Lyn,2MASS 07584532+4211214,922545677962459904,WISEA J075845.32+421121.3,GALEX J075845.3+421121,119.68883103462576,42.1892375646655,638.9605080017387,,6.11,0.12,,12.057277,500.01688,12.534165,149.18983,11.403498,170.5045,10.512,0.022,9.981,0.021,9.863,0.016,9.861,0.022,9.84,0.019,9.75,0.054,8.646,,,,17.392000198364258,0.0248000007122755,,,,,AAA,0000,AAAU,RS,RS,,,,,,,,,,,,,,,
284,CSS J073226.9+430447,2MASS 07322699+4304477,924915679572517760,WISEA J073227.00+430447.6,GALEX J073227.0+430447,113.1125386311344,43.07988066532463,1244.7998070303786,,1.38,0.15,-0.1921,14.386312,210.89159,15.044039,58.535294,13.588094,71.47589,12.285,0.022,11.693,0.023,11.505,0.02,11.592,0.021,11.577,0.022,11.451,0.192,9.062,,,,21.410200119018555,0.1679999977350235,,,,,AAA,H000,AABU,SSG,SSG,,,,,,,,,,,,,,,
285,CSS J074048.7+440604,2MASS 07404882+4406041,925206775275718784,WISEA J074048.82+440604.1,,115.20341906680444,44.10113873717966,1664.147175079284,,4.15,0.12,-0.014,14.626127,337.519,15.248793,91.187004,13.846453,85.40291,12.815,0.023,12.224,0.024,12.077,0.024,12.045,0.023,12.053,0.022,11.884,0.259,8.63,,,,,,,,,,AAA,0000,AABU,SSG,SSG,,,,,,,,,,,,,,,
286,CSS J074811.9+433403,2MASS 07481204+4334036,925837551352416512,WISEA J074812.03+433403.6,GALEX J074812.1+433403,117.05015222697176,43.56766179490501,1597.4681127185834,,2.61,0.12,-0.2807,15.203702,209.72975,15.951235,51.760807,14.341613,79.53585,13.011,0.022,12.355,0.024,12.133,0.022,12.077,0.023,11.986,0.023,11.565,0.199,9.036,,,,22.37800025939941,0.3176000118255615,,,,,AAA,0000,AABU,SSG,SSG,,,,,,,,,,,,,,,
287,ZTF J075531.08+451049.3,2MASS 07553110+4510494,926293608159701632,WISEA J075531.09+451049.2,GALEX J075531.1+451049,118.8795497785852,45.180322627992375,1290.0597217670197,,14.42,0.12,0.1387,14.286006,227.49284,14.901704,55.48165,13.525458,80.29065,12.519,0.021,11.914,0.028,11.771,0.025,11.773,0.023,11.779,0.023,11.433,0.214,8.814,,,,22.006500244140625,0.2856000065803528,,,,,AAA,0000,AABU,SSG,SSG,,,,,,,,,,,,,,,
288,ZTF J080700.95+505031.5,2MASS 08070092+5050316,935364510369518080,WISEA J080700.94+505031.5,,121.75394957000144,50.84207554839957,1574.557680531428,,12.5,0.18,-0.1934,14.507678,519.925,15.0462055,147.11336,13.804185,181.64017,12.869,0.023,12.326,0.024,12.197,0.021,12.164,0.023,12.167,0.023,12.24,0.365,9.098,,,,,,,,,,AAA,0000,AACU,RS,SSG,,,,,,,,,,,,,,,
289,ZALD 35,2MASS 08040910+5316424,936457665445032576,WISEA J080409.11+531642.4,GALEX J080409.1+531642,121.03802368344115,53.27843859801403,436.59881236467896,,28.11,0.11,,9.912946,221.22949,10.522531,67.57402,9.163875,84.32716,8.178,0.027,7.573,0.021,7.397,0.023,7.372,0.036,7.414,0.02,7.324,0.017,7.18,0.098,20.96220016479492,0.325,16.96579933166504,0.025000000372529,,,,,AAA,0000,AAAA,RS,RS,27.840025342170865,0.004532504,0.0286360072782406,0.009301829,25.00386607649517,0.2393537,,,SB1,0.45727527,0.48326552,0.50840604,0.53279364,0.55650747,0.5796133
290,ZTF J063646.00+355721.6,2MASS 06364600+3557216,942209653151890048,WISEA J063646.00+355721.6,GALEX J063646.0+355721,99.19169754219745,35.9559870742609,834.7699036094297,,3.67,0.4,,13.333868,235.57272,13.9488735,70.001,12.573518,84.91453,11.56,0.023,10.933,0.031,10.823,0.02,10.701,0.023,10.708,0.023,10.407,0.09,8.6,,,,20.7273006439209,0.1609999984502792,,,,,AAA,0000,AAAU,RS,RS,,,,,,,,,,,,,,,
291,ZTF J063424.94+372224.5,2MASS 06342494+3722244,943372253555979264,WISEA J063424.94+372224.4,,98.6039610126066,37.37346044741781,1732.001022516761,,8.06,0.42,-0.7858,15.202884,464.48068,15.770973,145.4129,14.464438,175.2926,13.438,0.024,12.888,0.028,12.801,0.028,12.783,0.025,12.781,0.028,12.316,0.469,8.338,,,,,,,,,,AAA,0000,AACU,RS,SSG,,,,,,,,,,,,,,,
292,CSS J070715.7+365254,2MASS 07071580+3652546,945889271893222272,WISEA J070715.80+365254.6,,106.81587821789653,36.8818283562882,1445.0936975931245,,68.54,0.18,0.05,13.83982,499.95966,14.387859,127.542656,13.14411,204.63551,12.361,0.021,11.831,0.019,11.684,0.025,11.604,0.024,11.653,0.021,11.643,0.281,8.994,,,,,,,,,,AAA,0000,AABU,RS,RS,,,,,,,,,,,,,,,
293,ZTF J070806.99+380412.8,2MASS 07080699+3804127,946239539362113664,WISEA J070806.99+380412.5,GALEX J070806.9+380412,107.02916319390074,38.07018217443265,1213.828401651064,,2.33,0.19,-0.2692,13.551487,408.48776,13.997794,136.07208,12.923621,156.19055,12.148,0.022,11.689,0.023,11.599,0.018,11.515,0.023,11.526,0.021,11.321,0.171,8.772,,,,19.72760009765625,0.1254999935626983,,,,,AAA,dd00,AABU,RS,RS,,,,,,,,,,,,,,,
294,ZTF J071956.80+390317.4,2MASS 07195680+3903180,948019373809390848,WISEA J071956.79+390317.6,GALEX J071956.6+390317,109.98668521264128,39.05485481081836,1768.9550469033657,,2.15,0.19,-0.159,14.337506,461.16074,14.884345,124.85295,13.626895,161.2064,12.769,0.021,12.192,0.018,12.034,0.02,11.92,0.022,11.929,0.023,11.63,0.238,8.364,,,,21.233699798583984,0.2310999929904937,,,,,AAA,0000,AABU,RS,SSG,,,,,,,,,,,,,,,
295,CSS J072027.1+404654,2MASS 07202715+4046539,948467699675931648,WISEA J072027.14+404653.7,GALEX J072027.2+404654,110.11308710304029,40.78158890239144,1185.3573552775126,,8.93,0.17,0.2594,14.409259,124.07985,15.089357,34.752937,13.598938,44.91658,12.552,0.021,11.856,0.03,11.74,0.022,11.602,0.024,11.614,0.022,11.33,0.194,9.032,,,,21.9596004486084,0.3503000140190124,,,,,AAA,0000,AABU,SSG,SSG,,,,,,,,,,,,,,,
296,ZTF J065537.26+400002.0,2MASS 06553727+4000020,950391157828856320,WISEA J065537.26+400002.0,GALEX J065537.1+400002,103.90526503708912,40.000568151969624,1694.1753078362017,,7.06,0.23,-0.2361,14.386875,144.0208,14.980024,40.93976,13.646616,53.012836,12.647,0.027,12.023,0.032,11.874,0.026,11.837,0.023,11.821,0.021,11.719,0.248,9.08,,,,21.339599609375,0.1821999996900558,,,,,AAA,0000,AABU,RS,SSG,,,,,,,,,,,,,,,
297,CSS J065151.4+404534,2MASS 06515149+4045348,951422224859433856,WISEA J065151.50+404534.7,GALEX J065151.5+404535,102.96458516157692,40.75964289224119,1249.00380480476,,7.01,0.26,-0.262,14.083693,190.02313,14.738518,58.736305,13.296954,66.57233,12.213,0.023,11.586,0.022,11.38,0.019,11.221,0.023,11.224,0.022,11.089,0.156,9.032,,,,21.60860061645508,0.2578000128269195,,,,,AAA,0000,AABU,SSG,SSG,,,,,,,,,,,,,,,
298,ZTF J064711.60+431647.8,2MASS 06471160+4316477,951943874405806720,WISEA J064711.59+431647.7,,101.79834701507234,43.27989797956865,1157.8535195948216,,19.26,0.3,0.2877,14.291966,474.3742,14.952497,121.340385,13.515846,174.099,12.472,0.023,11.886,0.021,11.746,0.02,11.677,0.023,11.724,0.022,11.192,0.177,8.723,,,,,,,,,,AAA,hh00,AABU,SSG,SSG,,,,,,,,,,,,,,,
299,CSS J065001.6+433324,2MASS 06500167+4333248,952296126148922496,WISEA J065001.68+433324.8,,102.50702712672016,43.55689457004401,1634.4576171446083,,5.43,0.29,-0.7965,14.457955,180.70595,15.032067,65.60936,13.732754,58.330547,12.556,0.022,11.993,0.025,11.844,0.02,11.771,0.023,11.706,0.022,11.908,0.313,8.999,,,,,,,,,,AAA,h000,AABU,RS,SSG,,,,,,,,,,,,,,,
300,ZTF J065813.96+442548.3,2MASS 06581394+4425483,953783387423971840,WISEA J065813.95+442548.3,,104.55816438729065,44.43008172561661,797.7032253054812,,2.81,0.33,,12.292424,639.6744,12.713081,216.53105,11.701061,209.2311,10.96,0.023,10.513,0.023,10.377,0.018,10.359,0.022,10.358,0.021,10.27,0.067,8.881,,,,,,,,,,AAA,hh00,AAAU,RS,RS,,,,,,,,,,,,,,,
301,ZTF J062058.88+435452.3,2MASS 06205888+4354523,962106591663088000,WISEA J062058.87+435452.3,,95.24532641752336,43.91452302894306,810.7860226078042,,1.6,0.48,-0.0999,14.184725,377.36014,14.948725,110.66452,13.327558,130.60109,12.246,0.019,11.598,0.017,11.378,0.018,11.188,0.022,11.191,0.02,11.061,0.142,8.666,0.384,,,,,,,,,AAA,0000,AABC,SSG,SSG,,,,,,,,,,,,,,,
302,ZTF J060803.30+442417.9,2MASS 06080329+4424180,962755166084872960,WISEA J060803.31+442418.0,,92.0137641946005,44.40497154655797,1181.1027957752224,,3.15,0.48,,13.656447,499.73413,14.293028,150.46468,12.856101,190.93633,11.845,0.02,11.282,0.021,11.092,0.019,10.933,0.023,10.976,0.02,10.948,0.133,8.441,,,,,,,,,,AAA,0000,AABU,RS,RS,,,,,,,,,,,,,,,
303,ZTF J063533.90+440719.3,2MASS 06353390+4407193,964191678025224064,WISEA J063533.90+440719.3,GALEX J063533.9+440719,98.8912932575325,44.12203273819879,1649.6896863189531,,0.76,0.37,-0.0411,14.227871,574.65735,14.736951,159.84471,13.54988,183.55075,12.765,0.023,12.233,0.019,12.112,0.019,12.037,0.022,12.07,0.024,11.638,0.202,8.685,,,,20.7632999420166,0.194700002670288,,,,,AAA,0000,AABU,RS,RS,,,,,,,,,,,,,,,
304,ZTF J063727.19+435535.0,2MASS 06372719+4355351,964264486311516160,WISEA J063727.19+435535.0,GALEX J063727.1+435535,99.36331868913209,43.92639180936656,940.9124266858576,,13.52,0.41,,13.852384,487.0411,14.500167,139.0508,13.065368,175.33118,11.915,0.022,11.32,0.019,11.173,0.019,11.177,0.022,11.197,0.021,10.755,0.098,8.952,,,,21.629100799560547,0.2994999885559082,,,,,AAA,d000,AAAU,RS,SSG,,,,,,,,,,,,,,,
305,ZTF J064020.32+471143.9,2MASS 06402030+4711438,966518656947027200,WISEA J064020.30+471143.9,,100.08464900976384,47.195527146708955,1817.038075910982,,3.98,0.32,-0.5226,15.121432,224.60681,15.782445,66.795334,14.337414,85.27487,13.144,0.029,12.596,0.035,12.439,0.025,12.44,0.023,12.382,0.024,12.2,0.295,9.178,,,,,,,,,,AAA,0000,AABU,SSG,SSG,,,,,,,,,,,,,,,
306,ZTF J064642.20+482755.6,2MASS 06464219+4827557,966851431013064576,WISEA J064642.18+482755.6,GALEX J064642.2+482755,101.67584561377691,48.465438927437205,973.6737373508852,,5.41,0.27,,12.413487,461.2893,12.884413,161.79887,11.768333,127.63645,10.843,0.03,10.28,0.035,10.164,0.024,10.082,0.023,10.101,0.021,9.963,0.061,8.886,,,,18.096399307250977,0.0293000005185604,,,,,AAA,0000,AAAU,RS,RS,,,,,,,,,,,,,,,
307,ZTF J063259.27+484832.1,2MASS 06325927+4848322,967428537178131328,WISEA J063259.27+484832.1,GALEX J063259.2+484833,98.24697680368122,48.80891707642859,1486.8722418030798,,3.21,0.37,,14.648181,731.32806,15.218677,200.7342,13.923789,233.63045,12.956,0.022,12.382,0.021,12.204,0.019,12.161,0.022,12.137,0.024,12.38,0.443,8.981,,,,20.897600173950195,0.1515000015497207,,,,,AAA,0000,AACU,RS,RS,,,,,,,,,,,,,,,
308,ZTF J062258.17+461037.0,2MASS 06225817+4610369,968435208794060032,,,95.74239457567174,46.1769443738925,1785.6591451585005,,2.1,0.5,-0.6506,15.741022,642.7914,16.295954,145.25575,15.029952,197.04631,14.029,0.028,13.556,0.03,13.456,0.038,,,,,,,,,,,,,,,,,AAA,,,RS,SSG,,,,,,,,,,,,,,,
309,ZTF J061406.98+473312.9,2MASS 06140698+4733129,968795848608008320,WISEA J061406.97+473312.9,GALEX J061406.9+473312,93.52911236075016,47.55357896119915,1780.5561818166552,,6.37,0.44,-0.0989,14.439115,486.0256,14.961389,139.88391,13.746456,129.09453,12.845,0.021,12.37,0.025,12.253,0.02,12.083,0.023,12.081,0.022,12.313,0.457,8.656,,,,21.27120018005371,0.2275000065565109,,,,,AAA,dd00,AACU,RS,RS,,,,,,,,,,,,,,,
310,ZTF J060814.17+490329.8,2MASS 06081417+4903298,970050150856717568,WISEA J060814.17+490329.7,,92.05910525562068,49.05825316690028,1612.526795213248,,3.15,0.5,-0.5991,14.094982,186.69112,14.658804,68.29242,13.3658,59.657936,12.345,0.023,11.752,0.027,11.613,0.02,11.505,0.023,11.475,0.021,11.498,0.178,8.309,,,,,,,,,,AAA,0000,AABU,RS,SSG,,,,,,,,,,,,,,,
311,ZTF J072623.59+443051.5,2MASS 07262359+4430518,973269623981397376,WISEA J072623.59+443051.7,,111.59829848596053,44.51433065153071,828.6422546452258,,10.27,0.28,-0.1067,13.92074,546.3061,14.51327,135.1048,13.180345,212.87141,12.206,0.02,11.665,0.016,11.469,0.022,11.454,0.023,11.467,0.021,11.764,0.268,8.83,,,,,,,,,,AAA,0000,AABU,RS,SSG,,,,,,,,,,,,,,,
312,ZTF J073625.95+472848.1,2MASS 07362596+4728480,975691298341277824,WISEA J073625.96+472848.0,GALEX J073625.9+472848,114.10817569455315,47.48000506357893,1499.5789836250276,,6.51,0.34,-0.9374,13.022141,1143.5828,13.303688,540.588,12.565936,390.69055,11.825,0.026,11.417,0.03,11.298,0.018,11.259,0.022,11.228,0.022,11.011,0.13,8.916,,20.560699462890625,0.1719,16.925800323486328,0.0197999998927116,,,,,AAA,0000,AABU,cut,RS,,,,,,,,,,,,,,,
313,ZTF J070301.12+464655.0,2MASS 07030113+4646549,977664539460014336,WISEA J070301.13+464654.8,GALEX J070301.1+464655,105.7547219965176,46.78190667682006,1867.8375639681312,,11.34,0.23,-0.4169,14.956804,245.35078,15.566849,65.07925,14.177213,95.55929,12.991,0.023,12.37,0.026,12.227,0.023,12.233,0.022,12.213,0.024,11.877,0.35,8.802,,,,21.74370002746582,0.2736999988555908,,,,,AAA,0000,AABU,RS,SSG,,,,,,,,,,,,,,,
314,ZTF J071342.39+512602.4,2MASS 07134240+5126023,980443971713415936,WISEA J071342.39+512602.3,GALEX J071342.4+512602,108.42663670715656,51.433977101057806,1603.9046970341185,,10.88,0.2,-0.3954,14.78777,309.66962,15.425269,83.56246,14.014248,113.375374,12.82,0.021,12.22,0.021,12.079,0.023,11.927,0.022,12.002,0.024,12.015,0.426,8.913,,,,21.739200592041016,0.301800012588501,,,,,AAA,hhHH,AACU,SSG,SSG,,,,,,,,,,,,,,,
315,CSS J070113.0+523201,2MASS 07011307+5232008,981529120970046208,WISEA J070113.08+523200.8,GALEX J070113.0+523201,105.30451615201078,52.533570864990175,1986.5624997754012,,5.11,0.15,0.0211,14.688607,567.1601,15.19717,137.09038,14.017846,204.89406,13.213,0.021,12.714,0.023,12.559,0.022,12.514,0.023,12.552,0.026,11.804,0.293,8.638,,,,22.127700805664062,0.3212999999523163,,,,,AAA,0000,AABU,RS,RS,,,,,,,,,,,,,,,
316,ZTF J074335.69+503027.0,2MASS 07433570+5030271,982444460104016128,WISEA J074335.69+503027.0,,115.89873598925652,50.5075002409002,1910.7532202695447,,3.81,0.17,-0.0652,14.922814,566.4688,15.441465,120.48617,14.232973,144.90393,13.349,0.021,12.808,0.024,12.655,0.023,12.539,0.023,12.546,0.025,12.089,,9.023,,,,,,,,,,AAA,0000,AAUU,RS,RS,,,,,,,,,,,,,,,
317,ZTF J073019.64+501254.9,2MASS 07301964+5012550,982982567966529152,WISEA J073019.64+501254.9,,112.58185108548152,50.21523099841552,1504.650232055168,,13.47,0.18,-0.1601,14.867075,787.34937,15.442016,208.91318,14.130687,118.747025,13.121,0.022,12.548,0.022,12.373,0.023,12.342,0.023,12.366,0.024,12.227,0.461,8.926,,,,,,,,,,AAA,dd00,AACU,RS,SSG,,,,,,,,,,,,,,,
318,ZTF J072221.23+522700.2,2MASS 07222121+5227001,986452798461707648,WISEA J072221.22+522700.1,GALEX J072221.2+522701,110.58846078262692,52.450046111409115,1446.3947241728663,,11.82,0.17,-0.0098,13.670044,904.0216,14.183303,292.16003,12.988661,316.60297,12.064,0.023,11.474,0.026,11.363,0.023,11.323,0.023,11.312,0.021,11.26,0.148,9.031,,,,19.642200469970703,0.1098000034689903,,,,,AAA,0000,AABU,RS,RS,,,,,,,,,,,,,,,
319,CSS J071547.1+535251,2MASS 07154720+5352520,986835943904514816,WISEA J071547.19+535252.0,GALEX J071547.1+535252,108.94665686792534,53.881105682139435,1961.659216671328,,4.7,0.25,-0.1734,14.088393,166.61096,14.651312,45.107258,13.37311,59.96181,12.628,0.022,12.002,0.023,11.872,0.016,11.634,0.024,11.619,0.021,11.396,0.183,9.04,,,,21.01289939880371,0.1749999970197677,,,,,AAA,0000,AABU,RS,SSG,,,,,,,,,,,,,,,
320,ZTF J072449.83+543028.2,2MASS 07244982+5430282,987079902342904192,WISEA J072449.82+543028.2,GALEX J072449.8+543028,111.20763249941,54.5078216617861,1543.6918364960668,,15.9,0.18,-0.2172,14.221972,306.3191,14.758582,106.061104,13.515671,99.51035,12.726,0.025,12.141,0.031,12.03,0.028,11.855,0.023,11.862,0.022,11.536,0.235,8.548,,,,21.158100128173828,0.1829999983310699,,,,,AAA,0000,AABU,RS,SSG,,,,,,,,,,,,,,,
321,ZTF J071604.79+571311.9,2MASS 07160479+5713120,989882316964721280,WISEA J071604.79+571311.9,GALEX J071604.8+571312,109.01999485526557,57.21997538003338,1875.583636091097,,2.53,0.17,-0.4021,15.403225,336.33597,16.105125,75.79491,14.563595,121.56316,13.175,0.022,12.541,0.023,12.373,0.021,12.362,0.023,12.291,0.024,12.011,0.312,9.038,,,,22.36240005493164,0.3573000133037567,,,,,AAA,0000,AABU,SSG,SSG,,,,,,,,,,,,,,,
322,ZTF J071156.29+581535.9,2MASS 07115629+5815360,990148501857126912,WISEA J071156.28+581536.0,,107.98454201670354,58.259969384309976,1918.9664515800976,,13.32,0.11,-0.0164,15.080831,933.1655,15.619586,183.53331,14.387218,317.2989,13.591,0.027,13.004,0.033,12.949,0.033,12.851,0.024,12.868,0.025,11.892,0.269,8.703,,,,,,,,,,AAA,0000,AABU,RS,SSG,,,,,,,,,,,,,,,
323,ZTF J063818.65+501616.5,2MASS 06381866+5016163,991947612118607232,WISEA J063818.65+501616.4,GALEX J063818.7+501616,99.577766456733,50.271199551135965,1291.95625162208,,3.65,0.34,-0.1891,13.846777,311.12778,14.491825,90.78064,13.064295,118.61,11.946,0.024,11.296,0.027,11.184,0.023,11.035,0.022,11.021,0.019,10.92,0.11,8.667,,,,20.884899139404297,0.1261000037193298,,,,,AAA,0000,AABU,RS,SSG,,,,,,,,,,,,,,,
324,ZTF J064930.97+541857.6,2MASS 06493098+5418579,993945940143049088,WISEA J064930.97+541857.8,,102.3790703998478,54.31601787542045,1570.0504126201483,,1.68,0.18,0.0359,16.176743,540.875,16.812073,111.68453,15.40774,191.84198,14.368,0.031,13.793,0.031,13.688,0.034,13.604,0.024,13.636,0.032,12.525,0.473,9.241,,,,,,,,,,AAA,0000,AACU,SSG,SSG,,,,,,,,,,,,,,,
325,ZTF J063700.59+562841.1,2MASS 06370059+5628410,995185295905836416,WISEA J063700.57+562840.9,,99.25244155252535,56.47806155329695,1817.4425096857683,,8.49,0.16,-0.7172,15.553282,618.23047,16.132767,127.341286,14.835739,147.36774,13.925,0.028,13.28,0.039,13.162,0.034,13.019,0.024,13.059,0.029,12.507,,9.132,,,,,,,,,,AAA,0000,AAUU,RS,SSG,,,,,,,,,,,,,,,
326,NSVS 2280129,2MASS 06030705+5547204,997346523447997440,WISEA J060307.05+554720.4,GALEX J060306.9+554720,90.77944703705472,55.78899351611709,1375.7561530650112,,2.5,0.42,,13.5662565,177.61122,14.189593,45.979885,12.787308,75.72869,11.671,0.031,11.08,0.03,10.943,0.02,10.947,0.023,10.932,0.021,10.754,0.116,9.076,,,,20.68120002746582,0.166700005531311,,,,,AAA,0000,AABU,RS,RS,,,,,,,,,,,,,,,
327,ZTF J062301.79+560627.4,2MASS 06230177+5606273,997973519954014848,WISEA J062301.78+560627.3,GALEX J062301.7+560628,95.75744966984983,56.1075913753782,1278.4917391870997,,2.05,0.25,,14.47501,447.90002,15.101184,129.21251,13.701584,167.32571,12.725,0.024,12.135,0.028,11.953,0.025,11.746,0.023,11.697,0.022,11.599,0.226,8.984,,,,21.550199508666992,0.2436999976634979,,,,,AAA,0000,AABU,SSG,SSG,,,,,,,,,,,,,,,
328,CSS J064025.0+572525,2MASS 06402503+5725248,1001254359572597120,WISEA J064025.04+572524.8,GALEX J064025.0+572527,100.10435433546152,57.42356981420762,1855.6667213474605,,5.92,0.15,-0.2544,14.823924,446.14474,15.443245,116.513664,14.072197,158.5837,13.073,0.029,12.479,0.028,12.291,0.025,12.217,0.023,12.191,0.024,11.797,0.247,8.369,,,,21.65399932861328,0.3059999942779541,,,,,AAA,0000,AABU,RS,SSG,,,,,,,,,,,,,,,
329,ZTF J063412.89+580016.4,2MASS 06341289+5800165,1001345138001192064,WISEA J063412.88+580016.3,GALEX J063413.0+580016,98.55371388517425,58.00453104874538,1793.1442781077917,,0.72,0.18,-0.3499,14.994793,344.80713,15.525972,103.04141,14.297108,142.18288,13.45,0.027,12.885,0.032,12.741,0.026,12.767,0.024,12.762,0.024,12.011,,9.004,,,,21.763399124145508,0.25,,,,,AAA,dh00,AAUU,RS,SSG,,,,,,,,,,,,,,,
330,ZTF J065818.54+582225.9,2MASS 06581851+5822259,1002336313373346688,,GALEX J065818.5+582227,104.57725060122272,58.3738637560381,528.8655402617591,,11.05,0.17,-0.1963,12.636627,392.756,13.283128,111.85066,11.855385,147.50049,10.684,0.02,10.137,0.023,9.974,0.02,,,,,,,,,21.437700271606445,0.2976,19.78030014038086,0.0882000029087066,,,,,AAA,,,SSG,SSG,,,,,,,,,,,,,,,
331,ZTF J061501.93+601633.7,2MASS 06150191+6016336,1005599732604913792,WISEA J061501.92+601633.6,,93.75801975231596,60.2760024089039,1826.7938052114664,,4.52,0.37,-0.5511,15.68824,444.29507,16.373545,98.887184,14.865463,158.40361,13.825,0.031,13.237,0.039,13.049,0.033,12.917,0.024,12.877,0.026,12.419,,9.044,,,,,,,,,,AAA,0000,AAUU,SSG,SSG,,,,,,,,,,,,,,,
332,ZTF J063325.45+633616.0,2MASS 06332542+6336162,1007368537576283648,WISEA J063325.44+633616.1,GALEX J063325.4+633616,98.35603210641764,63.60445187030381,1000.9328054632242,,9.01,0.26,-0.4274,13.966915,1095.3716,14.556544,303.72058,13.22466,354.67944,12.336,0.022,11.745,0.019,11.614,0.021,11.474,0.023,11.465,0.021,11.192,0.144,9.107,,,,21.085399627685547,0.1921000033617019,,,,,AAA,0000,AABU,RS,SSG,,,,,,,,,,,,,,,
333,ZTF J060549.92+652930.9,2MASS 06054994+6529308,1008697572256564608,WISEA J060549.93+652930.9,GALEX J060549.9+652930,91.45803712023567,65.49190710703387,1316.900519984744,,2.25,0.26,-0.13,13.082559,644.17224,13.714028,192.20465,12.311725,249.92696,11.226,0.023,10.612,0.021,10.491,0.016,10.389,0.023,10.423,0.02,10.311,0.063,9.025,,21.91950035095215,0.4608,20.22470092773437,0.1495999991893768,,,,,AAA,0000,AAAU,RS,SSG,,,,,,,,,,,,,,,
334,Gaia DR2 1013346788454541312,2MASS 08492679+4530490,1013346788454541312,WISEA J084926.79+453048.7,GALEX J084926.6+453049,132.3616428321553,45.51351341566406,1084.675852162358,,5.52,0.08,-0.0537,14.206065,212.82886,14.873421,60.9903,13.405093,80.8448,12.194,0.021,11.581,0.019,11.443,0.02,11.352,0.023,11.339,0.021,11.136,0.139,8.617,,,,21.54019927978516,0.2212000042200088,,,,,AAA,0000,AABU,SSG,SSG,,,,,,,,,,,,,,,
335,CSS J094521.8+532057,2MASS 09452188+5320576,1020527733254596736,WISEA J094521.88+532057.5,,146.34119585949782,53.34933120608194,945.5202816781248,,5.37,0.03,,13.327729,859.816,13.799571,272.1465,12.678484,268.8147,11.773,0.023,11.222,0.032,11.137,0.023,11.123,0.024,11.14,0.02,11.043,0.133,8.507,,,,,,,,,,AAA,0000,AABU,RS,RS,,,,,,,,,,,,,,,
336,ZTF J093642.74+594315.6,2MASS 09364277+5943154,1026736915934579200,WISEA J093642.74+594315.5,GALEX J093642.8+594316,144.17810551504195,59.720978877726886,1234.1964553751106,,19.29,0.05,-0.6141,13.151947,705.1172,13.5595,222.0062,12.565158,240.06227,11.676,0.026,11.262,0.029,11.174,0.019,11.223,0.023,11.232,0.021,11.035,0.112,9.05,,,,18.29400062561035,0.0538999997079372,,,,,AAA,0000,AABU,RS,RS,,,,,,,,,,,,,,,
337,ZTF J083322.69+492045.3,2MASS 08332273+4920455,1026947128813868288,WISEA J083322.71+492045.4,GALEX J083322.7+492045,128.3446007152421,49.345915057684806,516.2477454324683,,4.17,0.1,-0.0415,12.71454,235.81544,13.33622,68.050835,11.953341,85.24394,10.944,0.025,10.336,0.019,10.189,0.015,10.066,0.024,10.071,0.02,10.008,0.05,8.553,,,,19.89229965209961,0.1316000074148178,,,,,AAA,0000,AAAU,SSG,SSG,,,,,,,,,,,,,,,
338,2MASS J08242236+5734176,2MASS 08242236+5734176,1034909860741847808,WISEA J082422.34+573417.5,,126.09310811033993,57.571532445971066,1323.882758331241,,2.96,0.31,-0.2038,14.505633,199.34776,15.146487,58.374508,13.707806,72.16801,12.754,0.023,12.068,0.021,11.952,0.026,11.785,0.023,11.775,0.022,11.441,0.162,9.158,,,,,,,,,,AAA,0000,AABU,SSG,SSG,,,,,,,,,,,,,,,
339,ZTF J083559.52+592640.2,2MASS 08355952+5926402,1041494561004002688,WISEA J083559.52+592640.2,,128.99801116422432,59.44449318630461,1438.2611518993588,,8.41,0.14,-0.0677,13.874193,1256.3907,14.401964,387.92172,13.174348,377.99524,12.257,0.024,11.745,0.03,11.583,0.026,11.539,0.022,11.542,0.021,11.417,0.165,8.985,,,,,,,,,,AAA,0000,AABU,RS,SSG,,,,,,,,,,,,,,,
340,ZTF J101342.67+571445.2,2MASS 10134262+5714453,1045534132363083904,WISEA J101342.64+571445.1,GALEX J101342.7+571445,153.42775938318007,57.24588858226091,647.0931664190566,,16.93,0.02,-0.375,12.439892,887.97174,12.8782625,317.79135,11.830074,316.9627,11.002,0.025,10.536,0.028,10.404,0.021,10.342,0.023,10.344,0.02,10.145,0.054,8.411,,,,18.160600662231445,0.0366999991238117,,,,,AAA,0000,AAAU,RS,RS,,,,,,,,,,,,,,,
341,FG UMa,2MASS 10214746+6054462,1048662861419934848,WISEA J102147.37+605446.0,GALEX J102147.2+605446,155.44706554485882,60.91274939064989,202.5457478252012,,21.7,0.02,-0.1206,7.273702,803.6684,7.823769,235.3462,6.5498433,213.9946,5.477,0.032,4.909,0.067,4.78,0.024,4.82,0.179,4.519,0.126,4.725,0.016,4.632,0.027,17.848100662231445,0.0604,14.269700050354004,0.0074999998323619,,,,,AAA,0000,BBAA,cut,RS,,,,,,,,,,,,,,,
342,ZTF J101916.27+612814.1,2MASS 10191632+6128143,1051738745198421248,WISEA J101916.28+612814.1,GALEX J101916.3+612814,154.8178454307611,61.470576686144426,690.465552202865,,3.95,0.02,,12.791386,563.23267,13.267604,171.04593,12.146093,215.36647,11.235,0.023,10.748,0.03,10.636,0.02,10.607,0.022,10.603,0.02,10.583,0.094,8.717,,,,18.247100830078125,0.0298999994993209,,,,,AAA,0000,AAAU,RS,RS,,,,,,,,,,,,,,,
343,ZTF J104108.41+653605.1,2MASS 10410842+6536048,1059514319631265152,WISEA J104108.42+653605.0,,160.2850705512175,65.60138765303361,623.6302528318603,,13.99,0.05,0.0781,12.861392,283.0953,13.519481,85.54105,12.0826235,113.0302,10.864,0.021,10.267,0.019,10.098,0.02,10.017,0.023,10.047,0.02,9.894,0.047,8.975,,,,,,,,,,AAA,h000,AAAU,SSG,SSG,,,,,,,,,,,,,,,
344,V0344 UMa,2MASS 11063903+7018261,1074394697685039104,WISEA J110638.97+701825.9,GALEX J110639.0+701826,166.6623025155395,70.30717768116298,239.34960531791185,,9.06,0.06,-0.4974,9.814747,866.7891,10.229756,233.891,9.230863,344.9608,8.624,0.029,8.215,0.016,8.106,0.019,7.97,0.025,8.01,0.02,7.93,0.018,7.939,0.141,20.15220069885254,0.2111,15.968799591064451,0.0181000009179115,,,,,AAA,0000,AAAB,RS,RS,,,,,,,,,,,,,,,
345,ZTF J104841.49+741546.6,2MASS 10484158+7415466,1078316243344187264,WISEA J104841.53+741546.5,,162.17292388445338,74.2629212701801,1016.2161869066224,,15.21,0.26,-0.13,14.548035,527.58594,15.255969,126.856285,13.718842,189.29277,12.491,0.018,11.872,0.021,11.725,0.026,11.685,0.023,11.696,0.02,11.449,0.163,8.976,,,,,,,,,,AAA,0000,AABU,SSG,SSG,,,,,,,,,,,,,,,
346,Gaia DR2 1081153704899012096,2MASS 07541346+5525297,1081153704899012096,WISEA J075413.45+552529.5,,118.55610687654456,55.42483992178955,1530.5976661127334,,11.41,0.11,,14.400331,310.8622,14.969573,89.06123,13.670986,121.65626,12.687,0.025,12.106,0.02,11.977,0.019,12.013,0.022,11.992,0.022,12.372,0.512,8.895,,,,,,,,,,AAA,0000,AACU,RS,RS,,,,,,,,,,,,,,,
347,54 Cam,2MASS 08023579+5716252,1081565094046074624,WISEA J080235.75+571624.5,,120.64879587450116,57.27336257313166,99.5890279672394,12.888666666666667,10.1,0.1,,6.3329296,1906.2035,6.654578,624.2418,5.8316064,640.41547,5.274,0.017,4.931,0.042,4.864,0.02,4.869,0.189,4.667,0.105,4.86,0.015,4.792,0.029,,,,,Yes,SB2,None/To Noisy,None/To Noisy,EAA,0000,BAAA,RS,RS,11.070120650882863,9.521681e-05,0.0804844350361074,0.0011782917,61.88515599080508,0.15909803,59.535235356315305,0.116256006,SB2,1.0394711,1.1434182,1.2473654,1.3513124,1.4552596,1.5592066
348,ZALD J07462293+6241339,2MASS 07462293+6241339,1088088973274225280,WISEA J074622.92+624133.9,GALEX J074622.9+624134,116.59553692316332,62.69274837216859,1341.5088471418908,,48.9,0.14,-0.3083,11.769893,310.3364,12.336282,95.7931,11.0494585,117.294785,10.128,0.024,9.545,0.026,9.406,0.021,9.407,0.023,9.451,0.021,9.301,0.031,9.187,0.494,21.38610076904297,0.3599,19.20050048828125,0.0895000025629997,,,,,AAA,0000,AAAC,RS,SSG,35.76116707396408,0.0271453,0.0824777091351276,0.03793758,11.615339737367352,0.51475567,,,SB1,0.20254362,0.21497966,0.22702424,0.2387214,0.25010714,0.26121154
349,ZALD J08241664+6105389,2MASS 08241665+6105388,1089925157692127104,WISEA J082416.63+610538.8,GALEX J082416.6+610539,126.06926298042322,61.09411887397704,827.9886029117423,,27.47,0.24,,10.228562,637.5397,10.902192,180.54732,9.429441,229.33485,8.38,0.029,7.73,0.038,7.579,0.021,7.48,0.033,7.555,0.019,7.456,0.018,7.245,0.102,,,18.24480056762696,0.0540000014007091,,,,,AAA,0000,AAAA,RS,RS,,,,,,,,,,,,,,,
350,ZTF J064839.66+631825.3,2MASS 06483965+6318252,1100325030158927232,WISEA J064839.66+631825.2,,102.16527397361897,63.307007579586035,1982.7374946662912,,11.92,0.23,-0.0401,15.2848,356.9272,15.964437,92.43929,14.477139,131.21935,13.334,0.02,12.676,0.024,12.56,0.027,12.524,0.023,12.522,0.023,12.33,0.304,8.946,,,,,,,,,,AAA,0000,AABU,SSG,SSG,,,,,,,,,,,,,,,
351,ZTF J064826.46+653938.3,2MASS 06482645+6539384,1101071117518361856,WISEA J064826.46+653938.3,GALEX J064826.4+653939,102.11026166329916,65.66063850983652,1890.9869131967512,,4.53,0.15,-0.0747,14.970618,109.1423,15.606319,33.450623,14.181067,37.750664,12.894,0.022,12.314,0.021,12.151,0.023,12.118,0.023,12.107,0.022,11.968,0.241,9.193,,,,22.51919937133789,0.4839999973773956,,,,,AAA,0000,AABU,SSG,SSG,,,,,,,,,,,,,,,
352,ZTF J061115.79+675514.7,2MASS 06111578+6755145,1105398898366545280,WISEA J061115.78+675514.5,GALEX J061115.9+675514,92.81580141385272,67.92073561397375,992.9893853863168,,3.9,0.3,-0.1887,14.267513,1074.1394,14.957822,256.89566,13.452942,388.18112,12.415,0.029,11.756,0.032,11.596,0.021,11.521,0.023,11.484,0.022,11.395,0.165,9.138,,,,21.391700744628903,0.2870999872684479,,,,,AAA,0000,AABU,SSG,SSG,,,,,,,,,,,,,,,
353,ZTF J060403.52+690024.6,2MASS 06040352+6900246,1105612066183615488,WISEA J060403.52+690024.7,,91.01469780606696,69.00684595586459,1875.9317610728565,,3.79,0.32,-0.1543,14.897966,586.5352,15.484188,186.81696,14.146285,177.7906,13.097,0.026,12.508,0.033,12.329,0.021,12.279,0.024,12.267,0.023,12.02,0.299,8.958,,,,,,,,,,AAA,0000,AABU,RS,SSG,,,,,,,,,,,,,,,
354,ZTF J063419.99+694027.8,2MASS 06341997+6940277,1106544039727143552,WISEA J063419.97+694027.7,GALEX J063419.6+694027,98.58327495957693,69.6743559891162,1366.012911626243,,8.38,0.32,0.0196,14.726492,435.46466,15.387053,131.73721,13.932431,153.89539,12.87,0.026,12.306,0.033,12.088,0.024,12.006,0.025,12.031,0.024,,,,,,,22.55279922485352,0.4726000130176544,,,,,AAA,0000,AAXX,SSG,SSG,,,,,,,,,,,,,,,
355,ZTF J061906.31+684146.0,2MASS 06190631+6841460,1106818127361193856,WISEA J061906.31+684145.9,,94.77632599294152,68.69611135593313,1903.230266689222,,11.49,0.25,-0.1902,15.902019,468.89334,16.643755,120.363235,15.042031,126.21872,13.79,0.034,13.019,0.034,12.913,0.028,12.868,0.024,12.829,0.025,12.74,0.507,9.033,,,,,,,,,,AAA,0000,AACU,SSG,SSG,,,,,,,,,,,,,,,
356,V0471 Cam,2MASS 07131706+7016342,1109680907742384768,WISEA J071317.08+701633.7,GALEX J071317.0+701634,108.32124188490484,70.2759517565802,259.14200159607384,,12.38,0.13,-0.0242,10.676457,624.3445,11.164309,193.31416,10.019831,226.49524,9.105,0.03,8.617,0.029,8.483,0.016,8.443,0.023,8.479,0.02,8.352,0.027,7.741,,21.43829917907715,0.4741,17.11479949951172,0.0322000011801719,,,,,AAA,0000,AAAU,RS,RS,,,,,,,,,,,,,,,
357,ZTF J071049.87+703959.9,2MASS 07104985+7040004,1109708090591754880,WISEA J071049.86+704000.0,GALEX J071049.9+704001,107.70778554076402,70.66665080472464,758.5947353519158,,24.86,0.12,,12.706318,525.46075,13.236696,160.38266,12.020954,207.21046,11.187,0.021,10.641,0.019,10.527,0.02,10.411,0.023,10.424,0.02,10.558,0.136,8.419,,,,19.86829948425293,0.1076999977231025,,,,,AAA,0000,AABU,RS,RS,,,,,,,,,,,,,,,
358,V0463 Cam,2MASS 06531810+7245415,1113210103844239872,WISEA J065318.10+724541.5,GALEX J065318.0+724541,103.32544641100188,72.76155640596068,648.423497841782,,5.62,0.35,,11.811146,458.29315,12.44636,140.37794,11.037893,171.46457,10.122,0.022,9.517,0.023,9.31,0.016,9.165,0.023,9.174,0.02,9.136,0.032,8.686,0.44,20.91469955444336,0.3009,18.97590065002441,0.0671999976038932,,,,,AAA,0000,AAAC,cut,RS,,,,,,,,,,,,,,,
359,ZTF J061824.34+760122.9,2MASS 06182439+7601229,1116235307011115264,WISEA J061824.36+760122.9,GALEX J061824.3+760123,94.60150655912835,76.02301922548992,1304.3654342679529,,8.5,0.31,-0.0814,14.277179,587.1293,14.875472,168.2095,13.530511,182.37634,12.592,0.021,11.991,0.021,11.872,0.022,11.804,0.023,11.818,0.021,11.851,0.246,9.158,,,,21.769699096679688,0.2637999951839447,,,,,AAA,0000,AABU,RS,SSG,,,,,,,,,,,,,,,
360,ZTF J092608.78+731117.4,2MASS 09260875+7311176,1120928503674109440,WISEA J092608.76+731117.3,,141.53655000982943,73.1881578138272,1446.675810214104,,10.02,0.07,,15.090694,392.81393,15.767543,104.08314,14.279568,145.46568,12.935,0.023,12.329,0.024,12.163,0.027,12.157,0.024,12.119,0.022,11.951,0.211,8.79,,,,,,,,,,AAA,0000,AABU,SSG,SSG,,,,,,,,,,,,,,,
361,ZALD J10014786+7629470,2MASS 10014782+7629469,1127566564608116608,WISEA J100147.83+762946.9,GALEX J100147.9+762946,150.44936631107086,76.49637983340075,1696.8702461343564,,41.74,0.1,,11.439955,788.2151,12.072364,242.6631,10.678175,317.50284,9.716,0.023,9.106,0.021,8.905,0.016,8.801,0.023,8.889,0.02,8.718,0.024,8.765,0.341,,,19.421600341796875,0.0820000022649765,,,,,AAA,0000,AAAB,RS,RS,74.54762035448692,0.05246064,0.1446015108591747,0.01744211,24.69937300162183,0.36611906,,,SB1,0.6836652,0.7201233,0.7553682,0.7895383,0.8227471,0.8550887
362,ZTF J111310.06+763650.1,2MASS 11131014+7636500,1128329728757083648,WISEA J111310.09+763650.0,GALEX J111310.1+763650,168.29195604444925,76.61391725584579,583.9134694485707,,4.48,0.11,0.094,12.97285,541.94763,13.558635,150.5238,12.239637,182.51819,11.458,0.025,10.853,0.024,10.69,0.019,10.503,0.023,10.499,0.02,10.371,0.057,9.384,,,,20.16080093383789,0.0986000001430511,,,,,AAA,0000,AAAU,SSG,SSG,,,,,,,,,,,,,,,
363,ZALD J09241546+7632555,2MASS 09241546+7632553,1130756694517531648,WISEA J092415.47+763255.4,GALEX J092415.3+763255,141.0644765099949,76.54874042394748,1492.4574840793234,,27.25,0.07,-0.3859,11.228113,1083.093,11.818861,317.96063,10.502078,414.72574,9.662,0.022,9.072,0.017,8.908,0.019,8.784,0.022,8.862,0.019,8.74,0.025,8.627,0.351,,,18.93899917602539,0.0740000009536743,,,,,AAA,0000,AAAB,RS,RS,,,,,,,,,,,,,,,
364,ZTF J101636.92+784913.5,2MASS 10163689+7849136,1131426022220119296,WISEA J101636.92+784913.4,,154.1538173584487,78.82041357059059,1495.7754325349915,,0.88,0.06,,12.755721,555.41364,13.068181,164.06416,12.270882,181.32626,11.665,0.022,11.378,0.033,11.28,0.023,11.253,0.023,11.269,0.02,11.051,0.097,9.396,,,,,,,,,,AAA,0000,AAAU,RS,RS,,,,,,,,,,,,,,,
365,ZTF J110432.83+795835.4,2MASS 11043289+7958350,1132864492667140736,WISEA J110432.85+795835.1,GALEX J110432.8+795835,166.1367955212446,79.97644868016444,698.548986513282,,1.64,0.13,,13.430359,696.8026,14.039204,206.94589,12.672207,249.20155,11.628,0.02,11.03,0.019,10.846,0.02,10.698,0.023,10.639,0.02,10.558,0.075,9.26,,,,19.970399856567383,0.0861999988555908,,,,,AAA,0000,AAAU,SSG,SSG,,,,,,,,,,,,,,,
366,ZTF J073507.74+753841.3,2MASS 07350773+7538412,1136298576719175936,WISEA J073507.73+753841.2,GALEX J073507.6+753841,113.7822391691208,75.64478374143414,1767.0516233203352,,5.22,0.11,-0.2681,14.528139,481.43546,15.091873,134.62373,13.80912,184.06288,13.039,0.023,12.416,0.023,12.3,0.024,12.155,0.023,12.135,0.023,12.025,0.241,8.923,,,,22.162399291992188,0.2732000052928924,,,,,AAA,0000,AABU,RS,SSG,,,,,,,,,,,,,,,
367,ZTF J071857.72+750657.2,2MASS 07185772+7506573,1136387362282844160,WISEA J071857.72+750657.1,GALEX J071857.9+750658,109.74058625960716,75.11587022543587,1555.7477394279945,,3.26,0.09,-0.0696,14.196593,601.1852,14.736047,193.4159,13.488925,181.02716,12.561,0.023,11.986,0.023,11.864,0.022,11.806,0.023,11.805,0.022,11.811,0.174,9.314,,,,20.428600311279297,0.2074999958276748,,,,,AAA,0000,AABU,RS,SSG,,,,,,,,,,,,,,,
368,ZALD J06102680+8522535,2MASS 06102679+8522534,1150099784109263104,WISEA J061026.76+852253.5,GALEX J061026.7+852253,92.61147502825132,85.38153693711543,983.2918757940388,,23.05,0.24,,11.761432,819.14886,12.472124,233.9357,10.947867,301.1189,9.992,0.022,9.359,0.026,9.143,0.02,8.999,0.023,9.072,0.02,8.912,0.025,8.619,,22.089500427246097,0.3869,20.130699157714844,0.0970999971032142,,,,,AAA,0000,AAAU,RS,RS,34.607823353835045,0.023941636,0.1857341269743149,0.029505283,16.27336436012969,0.5807581,,,SB1,0.29000401,0.30733192,0.3241057,0.3403881,0.35623038,0.37167522
369,ZTF J145540.17+012614.8,2MASS 14554018+0126148,1153307884160547840,WISEA J145540.17+012614.8,GALEX J145540.2+012615,223.91741167963835,1.4374358748426228,1389.7149858337773,,5.42,0.12,-0.3086,14.509499,337.15903,15.015662,97.876015,13.82903,106.9462,12.996,0.025,12.456,0.026,12.374,0.032,12.271,0.023,12.293,0.023,12.07,0.251,8.813,,,,21.260099411010746,0.1679999977350235,,,,,AAA,0000,AABU,RS,SSG,,,,,,,,,,,,,,,
370,CSS J150456.4+025013,2MASS 15045646+0250127,1153938900755704576,WISEA J150456.45+025012.6,GALEX J150456.4+025013,226.2352519369983,2.8368595658382967,1190.591681725966,,4.85,0.14,-0.2487,13.806149,273.19302,14.401956,75.4958,13.065312,89.49077,12.071,0.024,11.434,0.027,11.293,0.025,11.274,0.023,11.245,0.021,10.97,0.102,8.721,,,,20.704599380493164,0.159400001168251,,,,,AAA,0000,AAAU,RS,SSG,,,,,,,,,,,,,,,
371,CSS J142323.7+100714,2MASS 14232369+1007147,1176845949914334720,WISEA J142323.68+100714.7,,215.84870759346137,10.120774978510946,1939.1232384233929,,9.99,0.07,-0.2536,15.345872,555.0021,15.87961,158.20732,14.64444,219.76762,13.826,0.024,13.259,0.028,13.118,0.037,13.005,0.024,12.972,0.026,12.719,0.442,9.413,,,,,,,,,,AAA,0000,AACU,RS,SSG,,,,,,,,,,,,,,,
372,HK Boo,2MASS 14290118+1207200,1179205952839793664,WISEA J142901.10+120720.9,GALEX J142901.1+120721,217.25442119473624,12.122582341445996,117.44423726444428,,17.98,0.08,-0.0999,8.191452,417.22046,8.685104,126.909096,7.5271473,149.32411,6.667,0.026,6.14,0.023,6.034,0.027,6.014,0.101,5.904,0.039,5.923,0.015,5.82,0.038,18.78610038757324,0.1034,14.580900192260742,0.0096000004559755,,,,,AAA,0000,AAAA,cut,RS,,,,,,,,,,,,,,,
373,NQ Boo,2MASS 14580069+1311489,1181967234558950016,WISEA J145800.68+131149.0,GALEX J145800.7+131149,224.5028245899213,13.196945286731298,244.83249579968015,,73.18,0.07,0.0385,10.470036,363.446,10.936093,98.21697,9.838087,138.73854,9.153,0.021,8.652,0.023,8.53,0.019,8.421,0.023,8.44,0.02,8.334,0.021,8.296,0.214,19.85099983215332,0.1526,16.574499130249023,0.0209999997168779,,,,,AAA,0000,AAAB,RS,RS,,,,,,,,,,,,,,,
374,V0479 Ser,2MASS 15510758+1116187,1189542805253589760,WISEA J155107.57+111618.6,GALEX J155107.5+111619,237.7815283742627,11.27182769641957,599.635873605934,,6.6,0.15,0.078,12.463771,139.95677,13.095258,40.70774,11.709647,50.736534,10.645,0.024,10.07,0.025,9.914,0.023,9.835,0.024,9.844,0.021,9.779,0.054,9.036,,22.13139915466309,0.3951,19.912900924682617,0.0887999981641769,,,,,AAA,0000,AAAU,SSG,SSG,,,,,,,,,,,,,,,
375,V0454 Ser,2MASS 15363441+1219301,1190471995655261568,WISEA J153634.42+121930.0,,234.14342804355925,12.324988773215283,285.8104863210619,,5.41,0.11,-0.16,10.270155,132.11249,10.86932,40.792576,9.521128,48.70016,8.323,0.02,7.74,0.021,7.611,0.018,7.619,0.024,7.611,0.02,7.505,0.017,7.359,0.102,,,,,,,,,AAA,0000,AAAA,RS,SSG,,,,,,,,,,,,,,,
376,CSS J154431.3+121337,2MASS 15443139+1213368,1190657332084247552,WISEA J154431.38+121336.7,,236.13075644796515,12.22688261878358,1734.4196212576214,,15.94,0.14,-0.2241,15.119718,364.74603,15.681386,105.02679,14.40474,132.62482,13.379,0.023,12.796,0.024,12.737,0.026,12.698,0.024,12.697,0.027,11.912,,9.077,,,,,,,,,,AAA,0000,AAUU,RS,SSG,,,,,,,,,,,,,,,
377,ZTF J152805.14+144708.0,2MASS 15280515+1447080,1195022530684968832,WISEA J152805.14+144707.9,GALEX J152805.2+144706,232.02143396331095,14.785529682131637,1194.975383107254,,8.68,0.12,-0.19,13.603658,168.60251,14.193769,46.86979,12.853031,59.57929,11.779,0.019,11.201,0.024,11.069,0.016,11.024,0.023,11.035,0.02,10.911,0.09,9.118,,,,20.72010040283203,0.2285999953746795,,,,,AAA,0000,AAAU,RS,SSG,,,,,,,,,,,,,,,
378,ZTF J161922.96+181551.1,2MASS 16192295+1815511,1200444978436546560,WISEA J161922.96+181551.1,,244.8456682000576,18.26419252200168,1077.426726882098,,10.93,0.12,-0.1279,13.635993,497.7019,14.237009,135.37769,12.886656,195.20506,11.922,0.023,11.315,0.022,11.143,0.018,11.069,0.023,11.083,0.021,10.921,0.124,8.478,,,,,,,,,,AAA,0000,AABU,RS,SSG,,,,,,,,,,,,,,,
379,CSS J162841.6+192546,2MASS 16284163+1925462,1200956594941269504,WISEA J162841.63+192546.4,GALEX J162841.6+192546,247.17344071948543,19.429581637475135,1981.3151907229535,,15.56,0.14,,14.267086,793.8178,14.809706,233.90251,13.567938,294.5822,12.723,0.021,12.146,0.019,12.037,0.021,11.884,0.08,11.921,0.024,11.946,0.261,8.91,,,,21.298799514770508,0.1932999938726425,,,,,AAA,0000,AABU,RS,RS,,,,,,,,,,,,,,,
380,ASAS J155307+2028.6,2MASS 15530745+2028389,1204453316795383552,WISEA J155307.43+202838.9,GALEX J155307.4+202839,238.28095874499337,20.47745250392053,418.2052897768333,16.043666666666667,9.23,0.14,-0.0998,11.5866165,583.6335,12.130339,157.97478,10.8695965,210.02426,9.882,0.022,9.323,0.021,9.206,0.018,9.138,0.022,9.143,0.02,9.023,0.029,8.62,0.349,,,18.517099380493164,0.0386000014841556,Yes,Variable H-alpha,,,AAA,0000,AAAB,cut,SSG,,,,,,,,,,,,,,,
381,CSS J151406.1+172935,2MASS 15140616+1729356,1208511064456872576,WISEA J151406.15+172935.5,GALEX J151406.2+172935,228.52564265447,17.493186708636376,1006.0847428593092,,8.06,0.07,-0.0703,14.016936,396.82733,14.655138,119.0505,13.247522,146.36694,12.179,0.022,11.565,0.02,11.418,0.018,11.372,0.023,11.375,0.021,11.1,0.102,8.814,,,,21.31110000610352,0.2994999885559082,,,,,AAA,0000,AAAU,SSG,SSG,,,,,,,,,,,,,,,
382,CSS J153630.9+184421,2MASS 15363099+1844213,1209496261234827008,WISEA J153630.99+184421.2,GALEX J153631.1+184421,234.12911927843436,18.73922018171067,1668.6163509660528,,16.18,0.1,-0.6629,14.836358,648.68445,15.294618,180.66672,14.200398,255.5151,13.361,0.031,12.846,0.033,12.783,0.027,12.749,0.024,12.749,0.024,12.961,0.471,9.507,,,,21.394500732421875,0.3497999906539917,,,,,AAA,0000,AACU,RS,SSG,,,,,,,,,,,,,,,
383,ZALD J15265119+2223316,2MASS 15265119+2223315,1214775806833709440,WISEA J152651.19+222331.3,GALEX J152651.2+222332,231.7133214842063,22.39198692760799,680.8240947188823,,73.3,0.16,-0.1974,11.4076605,1080.6545,11.930022,376.82022,10.71538,465.5585,9.854,0.02,9.334,0.022,9.206,0.018,9.148,0.023,9.205,0.021,9.076,0.026,8.912,0.319,,,19.062299728393555,0.0608999989926815,,,,,AAA,0000,AAAB,cut,RS,,,,,,,,,,,,,,,
384,ZTF J152703.17+222848.7,2MASS 15270320+2228486,1214778246375136512,WISEA J152703.20+222848.7,,231.763317478055,22.480196351108663,1935.0644547340928,,15.69,0.16,-0.3168,15.420392,672.63104,16.036127,186.60709,14.658703,244.99706,13.603,0.023,12.983,0.026,12.806,0.025,12.744,0.023,12.734,0.025,12.464,0.297,9.397,,,,,,,,,,AAA,0000,AABU,SSG,SSG,,,,,,,,,,,,,,,
385,ZTF J151955.23+220407.6,2MASS 15195523+2204078,1215045908736954752,WISEA J151955.23+220407.6,GALEX J151955.2+220407,229.9801503383015,22.068769295191267,777.4807264092117,,9.4,0.14,-0.2059,13.064039,394.9665,13.65665,118.42424,12.322363,163.36812,11.404,0.021,10.78,0.019,10.647,0.018,10.538,0.023,10.55,0.02,10.367,0.054,9.382,,,,20.2450008392334,0.1149000003933906,,,,,AAA,h000,AAAU,RS,SSG,,,,,,,,,,,,,,,
386,ZTF J151643.12+221321.4,2MASS 15164315+2213218,1215275156911178112,WISEA J151643.14+221321.5,GALEX J151643.2+221322,229.17970918583123,22.222606072403877,1729.6695991161907,,6.64,0.12,-0.3732,14.989467,594.55426,15.508036,129.60326,14.296133,214.3438,13.425,0.023,12.899,0.024,12.765,0.027,12.725,0.023,12.686,0.024,12.842,,9.041,,,,21.29540061950684,0.2038999944925308,,,,,AAA,0000,AAUU,RS,SSG,,,,,,,,,,,,,,,
387,CSS J154256.5+212402,2MASS 15425660+2124022,1216488708513834880,WISEA J154256.60+212402.2,GALEX J154256.6+212402,235.735868961124,21.400647578963056,853.0996281770543,,12.24,0.14,-0.4906,13.920746,289.3818,14.360551,105.27516,13.150122,109.83024,12.125,0.021,11.564,0.025,11.479,0.019,11.474,0.023,11.441,0.022,11.507,0.114,9.356,,,,20.343299865722656,0.1298999935388565,,,,,AAA,0000,AABU,cut,SSG,,,,,,,,,,,,,,,
388,ZTF J154506.62+234518.1,2MASS 15450662+2345180,1218111140998279424,WISEA J154506.62+234518.0,,236.27758665213776,23.755009038678963,1859.4279303531655,,9.88,0.15,,15.694806,331.46582,16.35388,85.85593,14.891358,122.65375,13.797,0.026,13.188,0.025,13.138,0.039,12.945,0.025,12.844,0.025,12.603,0.28,9.749,,,,,,,,,,AAA,0000,AABU,SSG,SSG,,,,,,,,,,,,,,,
389,ZTF J141527.19+164234.7,2MASS 14152720+1642346,1232279031219489792,WISEA J141527.19+164234.6,GALEX J141527.2+164234,213.86331697532412,16.709618153537107,685.9549040226445,,1.08,0.06,-0.2297,12.897329,830.90967,13.4243965,264.86,12.213857,263.2788,11.434,0.022,10.849,0.027,10.74,0.021,10.604,0.023,10.593,0.021,10.455,0.065,8.853,,19.78300094604492,0.2078,19.344200134277344,0.0957000032067298,,,,,AAA,0000,AAAU,RS,SSG,,,,,,,,,,,,,,,
390,ZTF J144542.46+164001.3,2MASS 14454245+1640012,1234710807342845312,WISEA J144542.46+164001.1,GALEX J144542.4+164001,221.42695504298135,16.667015578347538,664.1469214356581,,6.42,0.07,-0.0721,12.717042,218.70862,13.2529335,61.753338,11.932046,90.37503,10.729,0.022,10.167,0.029,10.037,0.025,10.001,0.023,9.992,0.021,9.902,0.043,8.783,,,,19.46319961547852,0.1284999996423721,,,,,AAA,00o0,AAAU,RS,SSG,,,,,,,,,,,,,,,
391,CSS J144746.7+184525,2MASS 14474672+1845250,1236740853700530944,WISEA J144746.71+184524.8,GALEX J144746.7+184524,221.9445795211135,18.756852577061608,697.3059806464229,,9.2,0.08,0.3437,13.327455,182.70024,13.83775,48.35973,12.46216,68.08519,11.34,0.021,10.777,0.016,10.65,0.018,10.581,0.023,10.588,0.02,10.465,0.071,8.755,,,,20.68370056152344,0.1614000052213668,,,,,AAA,0000,AAAU,SSG,SSG,,,,,,,,,,,,,,,
392,FR Boo,2MASS 14031573+2435507,1257818251087117312,WISEA J140315.75+243550.5,GALEX J140315.7+243550,210.81559793493273,24.597366076888292,399.3972312440633,8.49888888888889,96.0,0.05,-0.2979,7.5040064,2877.113,8.192893,732.6665,6.699875,957.1098,5.568,0.027,4.958,0.029,6.441,,4.718,0.243,4.653,0.121,4.733,0.014,4.652,0.029,,,16.7367000579834,0.0287999995052814,Yes,Absorption,Variable,Variable,AAU,0000,BBAA,cut,RS,1189.18,0.17,0.871,0.003,10.27,0.15,,,SB1,0.277795523,0.2949256,0.311525434,0.327654123,0.343360215,0.358684063
393,ROTSE1 J135649.21+242927.1,2MASS 13564919+2429274,1257953594096532480,WISEA J135649.16+242927.8,,209.2047728573874,24.491112676015483,241.2630050340075,10.9684,12.23,0.04,,10.606384,1609.1282,11.0919485,503.85617,9.936724,728.2851,9.113,0.027,8.646,0.034,8.519,0.021,8.412,0.023,8.458,0.02,8.354,0.021,8.356,0.237,,,,,Yes,SB2,No RV Data,No RV Data,AAA,0000,AAAB,cut,RS,,,,,,,,,,,,,,,
394,ZTF J140954.88+264829.0,2MASS 14095488+2648287,1259990817344103680,WISEA J140954.88+264828.8,,212.47868791121724,26.808017596723488,1049.3430201119018,,1.09,0.04,-0.5476,13.3718815,796.23615,13.853732,236.1464,12.706863,249.36455,11.721,0.024,11.219,0.032,11.115,0.021,11.031,0.023,11.011,0.021,10.856,0.08,8.665,,,,,,,,,,AAA,0000,AAAU,RS,SSG,,,,,,,,,,,,,,,
395,OO Boo,2MASS 15024736+2218207,1261966433581008640,WISEA J150247.32+221820.6,GALEX J150247.3+221820,225.6971279072669,22.30571474532344,283.3236139127583,10.487333333333332,7.4,0.14,-0.3573,10.4343,765.9086,10.880786,247.04504,9.817047,245.88188,9.026,0.019,8.565,0.021,8.399,0.018,8.37,0.023,8.382,0.019,8.301,0.02,8.096,0.17,21.34860038757324,0.3879,16.349599838256836,0.0220999997109174,Yes,Variable H-alpha,No RV Data,No RV Data,AAA,0000,AAAB,RS,RS,,,,,,,,,,,,,,,
396,CSS J150316.8+282202,2MASS 15031685+2822015,1269609654301756032,WISEA J150316.85+282201.4,GALEX J150316.9+282201,225.82023988515164,28.36706078887286,1741.1429714897588,,0.45,0.07,-0.2619,12.2954445,4994.603,12.79792,1677.4623,11.6374,2650.1782,10.804,0.02,10.284,0.021,10.171,0.019,10.115,0.023,10.202,0.021,10.115,0.043,9.224,,,,20.54360008239746,0.1952999979257583,,,,,AAA,0000,AAAU,RS,RS,,,,,,,,,,,,,,,
397,ZTF J151645.63+293630.7,2MASS 15164563+2936306,1275195791848659584,WISEA J151645.62+293630.6,,229.19014541394768,29.60850137013211,1774.222095922251,,15.48,0.07,-0.1231,15.119602,565.98413,15.686353,136.12532,14.386763,164.97266,13.511,0.024,12.884,0.037,12.796,0.027,12.696,0.023,12.664,0.024,12.408,0.289,9.433,,,,,,,,,,AAA,0000,AABU,RS,SSG,,,,,,,,,,,,,,,
398,ZTF J150614.89+294628.5,2MASS 15061490+2946287,1275767469177482112,WISEA J150614.89+294628.6,GALEX J150614.9+294629,226.56206106344777,29.774583223785115,934.1538823574216,,15.74,0.06,-0.3785,13.270234,982.931,13.799271,281.3798,12.574062,384.54773,11.586,0.021,11.045,0.017,10.944,0.017,10.95,0.023,10.944,0.02,10.763,0.069,9.161,,,,20.072200775146484,0.0715000033378601,,,,,AAA,0000,AAAU,RS,SSG,,,,,,,,,,,,,,,
399,CSS J144708.9+314554,2MASS 14470898+3145543,1283362032212237440,WISEA J144708.97+314554.4,GALEX J144709.0+314556,221.78737346462017,31.765135074018247,936.1259878580204,,9.31,0.03,-0.4009,13.284157,859.69196,13.781591,274.19684,12.615302,279.93433,11.781,0.02,11.253,0.02,11.146,0.02,10.985,0.023,10.989,0.02,10.877,0.07,8.955,,,,19.46619987487793,0.0759999975562095,,,,,AAA,0000,AAAU,RS,SSG,,,,,,,,,,,,,,,
400,NSV 6697,2MASS 14314977+3022169,1284537517514584704,WISEA J143149.70+302218.4,,217.95693766582724,30.37196932610211,50.36520803107359,,5.21,0.05,,3.164287,1060.1866,3.9663963,105.76893,2.496563,138.6761,1.501,0.264,0.762,0.148,0.756,0.172,-1.687,,-0.536,,0.629,0.036,0.557,0.01,,,,,,,,,DBC,HHHH,UUAA,cut,RS,,,,,,,,,,,,,,,
401,ZTF J151601.06+360419.7,2MASS 15160106+3604199,1291289446621436288,WISEA J151601.06+360419.7,GALEX J151601.1+360420,229.00444349915327,36.07213709511034,1710.4937786298888,,2.69,0.06,-0.2626,15.08897,526.91785,15.6839695,157.06712,14.342059,200.6732,13.408,0.025,12.759,0.021,12.688,0.027,12.538,0.023,12.49,0.023,12.405,0.239,9.727,,,,21.762300491333008,0.2349999994039535,,,,,AAA,0000,AABU,SSG,SSG,,,,,,,,,,,,,,,
402,MS Boo,2MASS 14454102+3407192,1292848932067458048,WISEA J144541.01+340718.3,GALEX J144541.0+340718,221.42083214687503,34.12167816041192,289.49276165668357,9.5094,11.13,0.04,-0.186,11.168096,834.736,11.661844,260.7642,10.504813,336.30823,9.627,0.021,9.145,0.02,9.03,0.018,9.034,0.023,9.068,0.019,8.962,0.024,9.084,0.378,21.07469940185547,0.4243,18.02750015258789,0.0351000018417835,No,Absorption,Normal Emission,Normal Emission,AAA,0000,AAAC,RS,SSG,,,,,,,,,,,,,,,
403,ZTF J162910.02+234832.6,2MASS 16291005+2348327,1299221082987229568,WISEA J162910.03+234832.6,GALEX J162910.1+234833,247.2917873932328,23.80905603405604,1665.0269352482242,,17.12,0.15,-0.1772,14.418569,1586.987,14.945282,443.7031,13.729095,560.3577,12.817,0.022,12.289,0.031,12.18,0.023,12.059,0.224,12.1,0.023,12.113,0.305,9.24,,,,21.250600814819336,0.2985000014305115,,,,,AAA,0000,BABU,RS,SSG,,,,,,,,,,,,,,,
404,ZTF J164322.04+235516.9,2MASS 16432204+2355171,1299756442070586752,WISEA J164322.03+235516.9,GALEX J164322.1+235516,250.84184907313195,23.92135409825592,1562.7463825054415,,5.02,0.11,-0.3396,13.89594,802.04034,14.320667,233.90057,13.287903,229.5064,12.451,0.022,11.894,0.021,11.909,0.022,11.768,0.023,11.763,0.021,11.374,0.16,9.112,,22.001399993896484,0.4417,19.363500595092773,0.0668999999761581,,,,,AAA,0000,AABU,RS,RS,,,,,,,,,,,,,,,
405,ZTF J161435.46+243954.4,2MASS 16143544+2439544,1302903897183743232,WISEA J161435.45+243954.4,GALEX J161435.4+243954,243.64772545474077,24.665095325781113,658.4631877478116,,3.73,0.23,-0.1598,13.052194,703.03375,13.757599,209.9376,12.225573,262.7864,11.069,0.023,10.406,0.021,10.232,0.02,10.132,0.023,10.105,0.021,9.951,0.051,8.532,,,,20.68120002746582,0.1080000028014183,,,,,AAA,0000,AAAU,SSG,SSG,,,,,,,,,,,,,,,
406,ZTF J161259.34+250041.0,2MASS 16125935+2500408,1303115931129472896,WISEA J161259.34+250040.8,GALEX J161259.3+250041,243.24724886340297,25.01135528579744,1226.2429332807578,,12.54,0.19,-0.1321,14.376841,650.6218,15.073069,172.47253,13.561401,246.14647,12.479,0.022,11.849,0.025,11.673,0.018,11.6,0.023,11.581,0.022,11.176,0.153,8.417,,21.945499420166016,0.3764,22.29780006408692,0.2989999949932098,,,,,AAA,0000,AABU,SSG,SSG,,,,,,,,,,,,,,,
407,CSS J163213.9+261836,2MASS 16321395+2618366,1304062748080321024,WISEA J163213.94+261836.6,GALEX J163213.9+261837,248.05812525178536,26.310154348350206,1814.6053838712992,,2.98,0.11,-0.3342,15.565124,222.97734,16.152054,63.93724,14.814785,85.35927,13.861,0.028,13.295,0.039,13.19,0.03,13.078,0.095,13.063,0.027,12.203,,8.86,,,,23.24970054626465,0.3774000108242035,,,,,AAA,0000,AAUU,SSG,SSG,,,,,,,,,,,,,,,
408,ZTF J162705.99+261710.9,2MASS 16270601+2617107,1304199705997215232,WISEA J162706.00+261710.8,GALEX J162705.9+261710,246.77499866112743,26.28633236396928,1647.0333380197428,,1.05,0.16,-0.2818,13.52963,2015.4912,13.926094,558.3941,12.962556,810.1949,12.283,0.023,11.864,0.028,11.8,0.022,11.764,0.023,11.803,0.02,12.059,0.344,8.94,,,,19.185300827026367,0.0653000026941299,,,,,AAA,0h00,AABU,RS,RS,,,,,,,,,,,,,,,
409,CSS J162859.5+265058,2MASS 16285952+2650585,1304338828577886848,WISEA J162859.52+265058.5,GALEX J162859.5+265058,247.24802384030295,26.84958608882216,1821.137720407872,,68.69,0.1,-0.2245,14.159177,608.28894,14.666296,182.8497,13.498561,243.76868,12.696,0.023,12.195,0.024,12.087,0.021,11.869,0.188,12.062,0.022,12.04,,9.128,,,,21.424400329589844,0.3009000122547149,,,,,AAA,0000,BAUU,RS,SSG,,,,,,,,,,,,,,,
410,ZTF J164500.76+264242.4,2MASS 16450074+2642424,1307265350573648640,WISEA J164500.76+264242.4,GALEX J164500.7+264243,251.25317934113696,26.711766864346405,1470.1682111935693,,2.93,0.26,-0.67,15.043958,385.49704,15.571313,102.10758,14.346189,145.46017,13.314,0.024,12.799,0.022,12.714,0.032,12.734,0.024,12.729,0.024,12.43,0.362,9.102,,,,21.83489990234375,0.3176999986171722,,,,,AAA,0000,AACU,RS,SSG,,,,,,,,,,,,,,,
411,ZTF J165212.05+275314.7,2MASS 16521206+2753148,1307814144314810880,WISEA J165212.05+275314.7,GALEX J165212.1+275314,253.05023110110776,27.887417467239317,1484.1431761772749,,19.27,0.23,-0.1735,14.409563,669.45825,14.956782,178.14789,13.702823,206.91443,12.72,0.025,12.214,0.031,12.116,0.023,12.068,0.024,12.081,0.022,12.44,0.46,9.161,,,,21.38319969177246,0.2138999998569488,,,,,AAA,h000,AACU,RS,SSG,,,,,,,,,,,,,,,
412,ZTF J164808.33+301618.5,2MASS 16480832+3016186,1311356049225356800,WISEA J164808.33+301618.5,GALEX J164808.3+301618,252.03472106209983,30.271816356889236,1945.49495400982,,23.22,0.1,,14.998344,519.9904,15.519526,145.37537,14.318812,161.53499,13.498,0.024,12.981,0.023,12.864,0.023,12.813,0.024,12.868,0.026,12.159,,8.858,,,,22.17250061035156,0.3411999940872192,,,,,AAA,0000,AAUU,RS,RS,,,,,,,,,,,,,,,
413,ZTF J160714.13+265326.6,2MASS 16071413+2653265,1315598789718873984,WISEA J160714.13+265326.4,,241.80890507129237,26.89067635668364,1729.6025317982678,,3.54,0.13,,15.041169,707.7289,15.631039,152.97842,14.323793,212.60663,13.33,0.025,12.767,0.024,12.631,0.027,12.589,0.022,12.552,0.024,12.081,0.32,9.066,,,,,,,,,,AAA,0000,AABU,RS,RS,,,,,,,,,,,,,,,
414,CSS J161235.2+301912,2MASS 16123521+3019126,1318871898394970112,WISEA J161235.21+301912.5,GALEX J161235.1+301913,243.14672990795285,30.320143122165103,1893.882424924376,,16.07,0.08,-0.2876,14.970017,673.01874,15.5156355,186.51352,14.265349,252.66222,13.452,0.025,12.872,0.023,12.696,0.025,12.64,0.023,12.635,0.024,12.56,0.411,9.112,,,,22.17530059814453,0.2531999945640564,,,,,AAA,0000,AACU,RS,SSG,,,,,,,,,,,,,,,
415,ZTF J161519.14+304323.1,2MASS 16151914+3043232,1318901722647977344,WISEA J161519.14+304323.1,GALEX J161519.1+304323,243.82977606066297,30.72307473053952,1655.9723577189975,,7.12,0.07,-0.0933,14.434398,346.93115,15.050985,99.42935,13.676736,122.78237,12.626,0.022,12.006,0.025,11.887,0.023,11.852,0.023,11.862,0.022,11.724,0.201,8.958,,,,21.78089904785156,0.2327000051736831,,,,,AAA,0000,AABU,SSG,SSG,,,,,,,,,,,,,,,
416,ZTF J154623.14+294813.0,2MASS 15462314+2948130,1321034569047998976,WISEA J154623.14+294812.9,GALEX J154623.1+294812,236.59643174343623,29.803605304775523,1273.9606278676818,,9.58,0.08,0.762,14.324981,1060.4915,14.848557,269.3259,13.646003,412.92905,12.748,0.023,12.271,0.031,12.188,0.021,12.124,0.023,12.172,0.023,12.005,0.188,9.479,,,,21.282699584960938,0.1967000067234039,,,,,AAA,0000,AABU,RS,RS,,,,,,,,,,,,,,,
417,ZTF J161211.37+322655.3,2MASS 16121140+3226554,1322497842929826048,WISEA J161211.38+322655.3,GALEX J161211.3+322655,243.047383492334,32.448690635971666,797.2707613389921,,6.75,0.06,-0.3792,13.2097,899.9757,13.674799,220.13153,12.567461,307.3021,11.65,0.022,11.187,0.022,11.063,0.021,11.065,0.023,11.06,0.02,10.965,0.094,8.954,,,,19.14150047302246,0.0406000018119812,,,,,AAA,0000,AAAU,RS,SSG,,,,,,,,,,,,,,,
418,ZTF J160620.02+345545.1,2MASS 16062003+3455450,1324002254009950720,WISEA J160620.02+345545.0,,241.5834377859732,34.929174478296055,902.8529323082508,,4.62,0.07,,12.909467,1811.0985,13.330508,635.72833,12.315571,588.1099,11.599,0.022,11.15,0.022,11.046,0.021,11.058,0.022,11.056,0.02,10.973,0.074,9.227,,,,,,,,,,AAA,0000,AAAU,RS,RS,,,,,,,,,,,,,,,
419,ZTF J162349.29+324450.7,2MASS 16234930+3244505,1325511471158784128,WISEA J162349.33+324450.6,GALEX J162349.2+324451,245.95541341865405,32.747392841110006,1199.5795285855463,,4.73,0.07,,14.71597,796.18756,15.262688,227.41183,13.995302,276.45514,12.916,0.025,12.423,0.03,12.28,0.028,12.08,0.023,12.086,0.023,12.111,0.288,8.89,,,,21.28179931640625,0.3075999915599823,,,,,AAA,0000,AABU,SSG,SSG,,,,,,,,,,,,,,,
420,ZTF J161851.91+325416.1,2MASS 16185192+3254160,1328562925162840064,WISEA J161851.92+325416.0,GALEX J161852.1+325416,244.71631308586484,32.90444810416338,1365.6981974258415,,4.42,0.06,-0.9118,14.355038,475.0005,15.068443,139.18976,13.497739,180.7334,12.09,0.022,11.461,0.021,11.266,0.019,11.233,0.023,11.132,0.02,10.893,0.094,8.777,,,,20.86639976501465,0.1209999993443489,,,,,AAA,00P0,AAAU,cut,SSG,,,,,,,,,,,,,,,
421,ZTF J160905.88+360035.1,2MASS 16090587+3600350,1330097156200849664,WISEA J160905.88+360035.1,GALEX J160905.9+360035,242.27452893437564,36.00973862096656,1643.4641826026177,,19.39,0.07,,14.614947,737.0063,15.091119,191.23967,13.968748,288.14896,13.146,0.024,12.682,0.032,12.534,0.03,12.488,0.023,12.502,0.024,12.331,0.225,9.334,,,,21.05349922180176,0.2207999974489212,,,,,AAA,0000,AABU,RS,RS,,,,,,,,,,,,,,,
422,CSS J162819.7+372158,2MASS 16281971+3721585,1331162067572176640,WISEA J162819.72+372158.5,,247.0821733150271,37.36624832463516,1344.7583253953806,,4.56,0.03,-0.0415,14.430568,299.32623,15.050951,86.25042,13.676868,107.58638,12.836,0.022,12.215,0.024,12.052,0.019,11.852,0.023,11.85,0.021,11.623,0.194,9.143,,,,,,,,,,AAA,0000,AABU,SSG,SSG,,,,,,,,,,,,,,,
423,ROTSE1 J162157.22+381733.6,2MASS 16215720+3817340,1332235156560611584,WISEA J162157.18+381734.5,GALEX J162157.2+381734,245.488209202091,38.292963406409186,523.3150559570911,12.22075,31.98,0.03,,10.083652,460.0167,10.671415,141.12752,9.359291,157.99985,8.483,0.034,7.87,0.033,7.696,0.021,7.606,0.027,7.657,0.021,7.578,0.017,7.55,0.115,20.46769905090332,0.2015,17.63089942932129,0.0204000007361173,Yes,Absorption,Normal Emission,Normal Emission,AAA,0000,AAAB,RS,RS,,,,,,,,,,,,,,,
424,ZTF J171617.01+303515.3,2MASS 17161702+3035157,1333108409311561600,WISEA J171617.01+303515.4,GALEX J171617.0+303516,259.07090103615855,30.58758463612027,1579.411277918117,,0.95,0.11,,13.654289,565.63086,14.088017,125.22567,13.030025,195.98097,12.16,0.02,11.692,0.019,11.636,0.022,11.565,0.022,11.549,0.021,11.359,0.144,8.718,,,,18.323999404907227,0.0425000004470348,,,,,AAA,0000,AABU,RS,RS,,,,,,,,,,,,,,,
425,CSS J171031.9+312504,2MASS 17103196+3125040,1333438915635290112,WISEA J171031.96+312503.9,GALEX J171032.0+312503,257.6332063545077,31.41777840462161,1260.3271127308208,,4.6,0.09,0.0789,14.407366,585.46735,15.067195,162.58345,13.619637,208.21791,12.517,0.022,11.916,0.023,11.762,0.02,11.67,0.023,11.679,0.021,11.668,0.181,9.258,,,,21.89380073547364,0.36489999294281,,,,,AAA,0000,AABU,SSG,SSG,,,,,,,,,,,,,,,
426,ZTF J172624.25+330935.0,2MASS 17262426+3309354,1335331999780582272,WISEA J172624.26+330935.1,GALEX J172624.2+330935,261.6010812394764,33.15971321538268,909.0083901224314,,8.75,0.13,,12.727504,593.61914,13.213299,186.08174,12.074643,207.15012,11.22,0.022,10.675,0.022,10.517,0.018,10.42,0.023,10.439,0.021,10.362,0.051,9.615,,22.02039909362793,0.4071,18.583799362182617,0.0368999987840652,,,,,AAA,0000,AAAU,RS,RS,,,,,,,,,,,,,,,
427,CSS J173419.9+352319,2MASS 17341999+3523186,1336042937126955136,WISEA J173419.99+352318.5,GALEX J173420.0+352320,263.5833063791727,35.38847280698317,1677.679626430482,,1.93,0.09,-0.2223,14.581116,523.64935,15.161793,162.49745,13.839224,237.8018,12.933,0.023,12.351,0.022,12.171,0.021,12.026,0.023,11.992,0.022,11.786,0.191,9.021,,,,21.22520065307617,0.2410999983549118,,,,,AAA,0000,AABU,RS,SSG,,,,,,,,,,,,,,,
428,ZTF J172643.44+363313.8,2MASS 17264346+3633138,1337114067610495744,WISEA J172643.45+363313.8,,261.68102165495424,36.553821088956994,1953.6712535377796,,7.13,0.13,-0.0695,15.108217,994.41614,15.611647,201.91275,14.439241,300.9336,13.569,0.021,13.114,0.026,12.979,0.027,12.963,0.023,12.983,0.024,12.565,,9.173,,,,,,,,,,AAA,0000,AAUU,RS,RS,,,,,,,,,,,,,,,
429,ZTF J172430.46+365324.2,2MASS 17243047+3653242,1337324246130094464,WISEA J172430.46+365324.2,,261.12693278473836,36.890033151126744,1042.2775123852575,,5.11,0.16,0.0501,13.480372,764.12213,14.074605,220.42531,12.738924,280.41165,11.801,0.02,11.248,0.02,11.083,0.019,10.987,0.023,11.028,0.021,10.912,0.092,8.703,,,,,,,,,,AAA,hh00,AAAU,cut,SSG,,,,,,,,,,,,,,,
430,ROTSE1 J170537.88+335052.5,2MASS 17053805+3350598,1337732439821954304,WISEA J170538.05+335059.5,GALEX J170538.0+335059,256.40858273450897,33.84982951934134,608.2619248601495,38.471250000000005,5.78,0.07,-0.2967,11.272444,713.93024,11.72422,229.17165,10.650561,235.87234,9.88,0.021,9.394,0.022,9.242,0.018,9.162,0.024,9.152,0.021,9.01,0.025,8.649,0.296,21.268999099731445,0.288,16.806400299072266,0.0210999995470047,No,Variable H-alpha,No RV Data,No RV Data,AAA,0000,AAAB,RS,RS,,,,,,,,,,,,,,,
431,ZTF J170011.48+341853.9,2MASS 17001149+3418536,1337937601821081728,WISEA J170011.48+341853.8,GALEX J170011.4+341854,255.04786122626257,34.31496248513669,1583.5292033248545,,10.15,0.05,,14.019062,1999.3113,14.4286785,503.9063,13.441678,623.43,12.767,0.023,12.335,0.023,12.241,0.023,12.173,0.022,12.225,0.021,12.199,0.383,9.071,,,,20.1692008972168,0.1186000034213066,,,,,AAA,hhh0,AACU,RS,RS,,,,,,,,,,,,,,,
432,ZTF J165805.03+361658.1,2MASS 16580503+3616581,1339150500584392832,WISEA J165805.03+361658.0,GALEX J165804.9+361657,254.5209616495599,36.28278228992965,1653.0791593759725,,9.7,0.04,-0.3437,14.652638,707.7478,15.096744,224.90549,14.042735,246.76805,13.254,0.026,12.761,0.026,12.711,0.026,12.672,0.023,12.683,0.023,11.98,,9.133,,,,21.06599998474121,0.2360000014305114,,,,,AAA,0000,AAUU,RS,RS,,,,,,,,,,,,,,,
433,ZTF J170518.34+364838.3,2MASS 17051833+3648382,1339422183035163776,WISEA J170518.33+364838.2,GALEX J170518.2+364839,256.3264041448335,36.81062423770216,1216.373833669678,,7.12,0.07,-0.6121,14.570883,288.58188,15.159222,77.56674,13.8093605,80.97769,12.731,0.02,12.174,0.022,12.01,0.023,11.995,0.023,11.948,0.022,11.802,0.211,8.982,,,,20.74169921875,0.2115000039339065,,,,,AAA,0000,AABU,SSG,SSG,,,,,,,,,,,,,,,
434,CSS J172259.2+392928,2MASS 17225927+3929290,1340854159491539456,WISEA J172259.27+392929.0,GALEX J172259.2+392930,260.7469607135064,39.49140639433639,1490.0547327179154,,37.53,0.1,-0.0326,13.461872,380.7246,14.107645,107.46508,12.686689,144.96103,11.663,0.021,11.084,0.022,10.902,0.017,10.87,0.023,10.896,0.02,10.721,0.08,9.031,,,,20.81060028076172,0.2373999953269958,,,,,AAA,0000,AAAU,RS,SSG,,,,,,,,,,,,,,,
435,ZTF J173251.87+392354.8,2MASS 17325187+3923547,1343676090444253824,WISEA J173251.87+392354.7,GALEX J173251.8+392354,263.216136606655,39.39854280273316,1228.5356078103048,,11.42,0.1,,14.239869,613.8313,14.710807,163.08606,13.601723,231.53848,12.922,0.021,12.402,0.024,12.299,0.022,12.19,0.023,12.215,0.021,12.246,0.258,8.862,0.314,,,20.71139907836914,0.1632999926805496,,,,,AAA,0000,AABB,RS,RS,,,,,,,,,,,,,,,
436,ZTF J175126.20+393420.0,2MASS 17512620+3934200,1344466776743593984,WISEA J175126.20+393419.9,,267.8592182967507,39.57220724343085,911.9452348176792,,19.19,0.09,0.4735,13.296095,689.27985,13.857115,193.16922,12.583049,252.77791,11.583,0.021,11.056,0.02,10.929,0.018,10.906,0.023,10.926,0.021,10.846,0.09,9.398,,,,,,,,,,AAA,0000,AAAU,RS,RS,,,,,,,,,,,,,,,
437,ZTF J174813.99+411518.1,2MASS 17481399+4115181,1344858271602642176,WISEA J174813.99+411518.1,,267.05831018831464,41.255022369346136,1500.2711987405546,,10.35,0.12,0.0319,15.256316,472.38458,15.864617,136.34616,14.511888,160.38281,13.602,0.025,13.041,0.025,12.883,0.026,12.75,0.023,12.769,0.023,12.139,0.289,9.174,,,,,,,,,,AAA,0000,AABU,SSG,SSG,,,,,,,,,,,,,,,
438,ZTF J174727.03+431147.8,2MASS 17472701+4311481,1346009803874056960,WISEA J174727.02+431147.9,GALEX J174727.0+431148,266.86262392055494,43.19662301763584,1052.6484138681049,,20.64,0.1,,13.073699,945.89514,13.493813,263.27133,12.48292,372.178,11.775,0.025,11.394,0.018,11.266,0.012,11.246,0.023,11.284,0.02,11.13,0.093,9.334,,,,19.532699584960938,0.0790000036358833,,,,,AAA,0000,AAAU,RS,RS,,,,,,,,,,,,,,,
439,ZTF J172831.90+402500.3,2MASS 17283191+4025000,1346828184122485632,WISEA J172831.90+402500.1,GALEX J172831.9+402501,262.13293714276745,40.416708200992,1092.759730077417,,18.4,0.11,-0.1676,13.894187,483.4237,14.429749,144.41069,13.199559,187.41876,12.417,0.026,11.811,0.022,11.689,0.021,11.627,0.023,11.643,0.02,11.817,0.15,9.198,,,,20.90800094604492,0.2375999987125396,,,,,AAA,0h00,AABU,RS,SSG,,,,,,,,,,,,,,,
440,ZTF J172245.35+395434.8,2MASS 17224536+3954348,1346882403789493120,WISEA J172245.36+395434.7,GALEX J172245.2+395435,260.6889920946111,39.909641985315794,1773.5987720927442,,17.02,0.1,-0.2196,14.652417,569.23505,15.134582,178.7097,13.990783,186.58496,13.132,0.022,12.557,0.023,12.511,0.024,12.331,0.024,12.314,0.022,12.239,0.26,9.444,,,,20.33309936523437,0.1582999974489212,,,,,AAA,dd00,AABU,RS,SSG,,,,,,,,,,,,,,,
441,ZTF J173612.45+421953.1,2MASS 17361244+4219531,1347413639704813952,WISEA J173612.45+421952.9,GALEX J173612.3+421954,264.0518770407017,42.33138635285946,1863.6284845864045,,3.08,0.08,-0.52,15.357495,569.6693,15.937271,182.77628,14.603417,203.17197,13.528,0.023,12.909,0.02,12.757,0.027,12.74,0.023,12.715,0.025,12.88,0.432,9.16,,,,22.0846004486084,0.4092999994754791,,,,,AAA,0000,AACU,SSG,SSG,,,,,,,,,,,,,,,
442,ZTF J172206.17+414059.1,2MASS 17220618+4140594,1347920342765892480,WISEA J172206.17+414059.2,GALEX J172206.1+414058,260.5257319802917,41.68309821891905,1286.2167491724258,,13.91,0.06,,14.416036,715.3737,14.958487,196.22334,13.724614,266.7354,12.897,0.023,12.361,0.023,12.257,0.021,12.121,0.023,12.149,0.021,12.189,0.226,9.477,,,,21.798799514770508,0.2754000127315521,,,,,AAA,0000,AABU,RS,RS,,,,,,,,,,,,,,,
443,ZTF J174604.05+433549.1,2MASS 17460405+4335491,1349079502899915136,WISEA J174604.05+433549.0,GALEX J174603.9+433548,266.516899412846,43.596973527099024,1344.264481425599,,7.07,0.09,0.0487,14.480399,384.979,15.110946,112.203026,13.724768,144.4256,12.741,0.023,12.151,0.02,11.964,0.016,11.901,0.023,11.906,0.021,11.716,0.155,9.105,,,,21.727500915527344,0.3235000073909759,,,,,AAA,0000,AABU,SSG,SSG,,,,,,,,,,,,,,,
444,HD 161570,2MASS 17440755+4404517,1349329916673137024,WISEA J174407.57+440451.7,GALEX J174407.5+440452,266.0315149335877,44.08108171274888,285.09389891933165,7.866499999999999,64.1,0.11,-0.6495,7.949773,2814.4778,8.414341,792.90314,7.3131094,910.8374,6.501,0.034,6.094,0.017,7.029,,5.981,0.118,5.914,0.046,5.93,0.015,5.849,0.035,20.284500122070312,0.1813,14.910400390625,0.0094999996945261,Yes,Absorption,Variable,Normal Emission,AAU,0000,BAAA,RS,RS,45.62336808911685,0.0027891255,0.0019459071421554,0.002867893,23.403953150839907,0.061466247,,,SB1,0.51897895,0.547956,0.5759798,0.60315925,0.62958324,0.6553257
445,ZTF J165635.00+365745.2,2MASS 16563502+3657452,1351260796530197120,WISEA J165635.00+365745.2,GALEX J165634.9+365745,254.14584086114056,36.9625500446112,1943.4681803995493,,2.66,0.04,-0.1891,14.928597,272.3065,15.481089,76.741486,14.1918335,100.84904,13.154,0.022,12.632,0.02,12.486,0.025,12.419,0.024,12.38,0.023,11.993,0.259,8.753,,,,21.62459945678711,0.3109000027179718,,,,,AAA,dd00,AABU,cut,SSG,,,,,,,,,,,,,,,
446,ZTF J165638.21+401409.0,2MASS 16563819+4014089,1352965245711510912,WISEA J165638.20+401408.9,GALEX J165638.3+401409,254.1592253970068,40.23581919709245,1029.3782356701306,,16.49,0.06,,13.555533,794.5547,14.076108,235.8641,12.881316,314.66678,12.004,0.021,11.478,0.021,11.36,0.02,11.364,0.023,11.376,0.02,11.33,0.129,8.522,,,,20.45120048522949,0.1668999940156936,,,,,AAA,0000,AABU,RS,RS,,,,,,,,,,,,,,,
447,ZTF J171359.81+420307.2,2MASS 17135983+4203074,1354103171527416192,WISEA J171359.81+420307.3,GALEX J171359.8+420307,258.4992355242886,42.051996700139824,871.2417699189198,,6.2,0.06,-0.1792,12.902138,1087.2922,13.385417,365.3401,12.252458,337.60394,11.374,0.022,10.867,0.018,10.743,0.016,10.687,0.023,10.7,0.02,10.55,0.059,9.231,,,,19.48390007019043,0.0947000011801719,,,,,AAA,0000,AAAU,RS,RS,,,,,,,,,,,,,,,
448,CSS J170752.8+413315,2MASS 17075279+4133156,1354213225769122560,WISEA J170752.79+413315.6,,256.96999455631726,41.55432317141806,1800.7890491143023,,10.35,0.06,-0.5401,14.6719265,591.0416,15.136296,165.21945,14.031138,207.86604,13.17,0.022,12.65,0.035,12.575,0.032,12.45,0.022,12.458,0.022,12.304,0.318,9.279,,,,,,,,,,AAA,dd00,AABU,RS,SSG,,,,,,,,,,,,,,,
449,ZTF J171233.57+431400.4,2MASS 17123359+4314004,1354454740370241024,WISEA J171233.58+431400.3,GALEX J171233.6+431400,258.139914397383,43.23343419068057,1896.2113347446636,,10.72,0.04,,14.943009,838.37256,15.443391,188.78098,14.2740345,303.58078,13.438,0.024,12.947,0.026,12.792,0.037,12.788,0.023,12.808,0.023,12.201,,8.874,,,,21.400999069213867,0.2894999980926513,,,,,AAA,0000,AAUU,RS,RS,,,,,,,,,,,,,,,
450,ZTF J163850.39+405447.5,2MASS 16385039+4054473,1356095108638961024,WISEA J163850.38+405447.5,GALEX J163850.3+405448,249.7099660809123,40.913179501635774,1177.9088370763918,,12.09,0.02,,14.285963,668.91595,14.767487,197.22491,13.635174,280.49265,12.93,0.021,12.45,0.022,12.306,0.025,12.127,0.106,12.21,0.022,12.417,0.335,8.922,,,,21.478200912475582,0.2081000059843063,,,,,AAA,0000,AABU,RS,RS,,,,,,,,,,,,,,,
451,ZTF J165930.78+461839.4,2MASS 16593078+4618395,1359831730186620416,WISEA J165930.78+461839.4,GALEX J165930.8+461839,254.87826027206816,46.31093217000945,1627.5663506701098,,6.17,0.06,-0.364,15.387357,229.05154,16.012617,61.265804,14.606417,84.705246,13.526,0.026,12.969,0.024,12.746,0.024,12.706,0.023,12.651,0.023,12.391,0.292,9.249,,,,21.61260032653809,0.4257000088691711,,,,,AAA,dd00,AABU,SSG,SSG,,,,,,,,,,,,,,,
452,ZTF J171406.25+430733.0,2MASS 17140626+4307331,1360440481676068608,WISEA J171406.25+430733.0,,258.5260521736989,43.12581860942199,1850.3899070439077,,0.94,0.05,-0.3174,15.371291,692.9089,15.973769,169.48152,14.62039,172.50734,13.742,0.025,13.111,0.026,13.007,0.035,12.926,0.023,12.878,0.024,12.997,0.529,9.0,,,,,,,,,,AAA,0000,AACU,SSG,SSG,,,,,,,,,,,,,,,
453,ZTF J173014.48+451733.7,2MASS 17301450+4517336,1361090739720168576,WISEA J173014.49+451733.6,,262.5603742142004,45.292676585420224,1071.23445933814,,5.39,0.06,-0.0279,13.48226,555.03564,13.934819,173.66649,12.868292,198.20665,11.993,0.023,11.559,0.019,11.442,0.017,11.478,0.023,11.501,0.02,11.473,0.112,9.234,,,,,,,,,,AAA,0000,AABU,RS,RS,,,,,,,,,,,,,,,
454,CSS J173321.5+472248,2MASS 17332153+4722477,1362248113147856000,WISEA J173321.52+472247.9,,263.33968540556924,47.37999394719193,1959.72407818071,,1.55,0.08,-0.5516,15.278356,562.7297,15.74761,143.67775,14.628515,177.59637,13.87,0.028,13.335,0.026,13.216,0.035,13.165,0.024,13.163,0.025,12.871,0.368,9.631,,,,,,,,,,AAA,0000,AACU,RS,SSG,,,,,,,,,,,,,,,
455,ZTF J174631.95+464306.3,2MASS 17463194+4643063,1362543160220521856,WISEA J174631.94+464306.2,,266.63313049387665,46.71839683124073,1929.8677397661215,,8.5,0.06,0.0024,15.224536,580.0258,15.769646,160.94461,14.5185175,187.19363,13.674,0.024,13.102,0.026,13.02,0.026,12.877,0.024,12.916,0.024,12.635,0.372,9.34,,,,,,,,,,AAA,0000,AACU,RS,SSG,,,,,,,,,,,,,,,
456,ZTF J175351.78+495807.0,2MASS 17535175+4958069,1364468130203130112,WISEA J175351.76+495806.9,GALEX J175351.8+495807,268.46573551318124,49.96859442948376,1480.4277181574391,,6.8,0.13,,14.468772,695.74506,14.959311,188.79924,13.805988,305.482,12.938,0.027,12.438,0.031,12.333,0.024,12.304,0.023,12.311,0.022,12.198,0.213,9.51,,,,20.9862003326416,0.1905000060796737,,,,,AAA,0000,AABU,RS,RS,,,,,,,,,,,,,,,
457,ZALD J17135528+4559506,2MASS 17135527+4559506,1364690605212439296,WISEA J171355.27+455950.4,GALEX J171355.2+455950,258.4803143013194,45.99735310043571,511.6749290057443,,49.08,0.1,-0.033,9.844594,342.52298,10.466965,103.18771,9.08562,127.48398,7.955,0.02,7.371,0.016,7.258,0.018,7.152,0.045,7.218,0.02,7.133,0.016,7.149,0.084,,,17.35070037841797,0.0313000008463859,,,,,AAA,0000,AAAA,cut,SSG,50.17110745000665,0.0060671633,0.0062290710175522,0.0047226045,39.56778782503643,0.16420819,,,SB1,1.1371009,1.1910865,1.2432606,1.2938275,1.3429549,1.3907827
458,ZTF J171333.79+462732.9,2MASS 17133379+4627327,1364926317313972352,WISEA J171333.78+462732.8,GALEX J171333.8+462733,258.3907591272078,46.45912085469566,1778.1209908024505,,1.13,0.09,,13.670462,432.13126,14.234601,109.35245,12.950793,157.37361,12.139,0.02,11.545,0.019,11.395,0.024,11.253,0.023,11.268,0.02,11.004,0.103,8.58,,,,21.09029960632324,0.2410999983549118,,,,,AAA,0000,AAAU,RS,RS,,,,,,,,,,,,,,,
459,ZTF J172938.27+473745.7,2MASS 17293827+4737459,1365298708158691328,WISEA J172938.27+473745.8,GALEX J172938.2+473745,262.40948215110956,47.62935511067621,1877.029590778414,,4.05,0.06,-0.2257,14.818027,360.232,15.414423,101.0721,14.065654,103.09737,13.024,0.022,12.421,0.021,12.303,0.023,12.267,0.023,12.263,0.022,11.9,0.163,9.123,,,,21.259599685668945,0.3115000128746032,,,,,AAA,0000,AABU,SSG,SSG,,,,,,,,,,,,,,,
460,ZTF J171929.82+491408.6,2MASS 17192982+4914087,1366254115043354112,WISEA J171929.82+491408.6,GALEX J171929.8+491408,259.8742710732729,49.23571921951824,1237.1745639326928,,3.42,0.06,,14.409715,427.85168,14.937524,125.85655,13.72319,165.69025,12.811,0.022,12.323,0.016,12.204,0.024,12.076,0.024,12.087,0.022,11.92,0.218,8.779,,,,20.712299346923828,0.2105000019073486,,,,,AAA,hh00,AABU,RS,RS,,,,,,,,,,,,,,,
461,ZTF J174035.15+492518.9,2MASS 17403514+4925190,1367055246703848960,WISEA J174035.14+492518.9,,265.14648419005493,49.421907616787465,1969.146018253194,,7.61,0.07,-0.3433,15.242793,882.5582,15.714268,250.41415,14.605228,289.29016,13.779,0.034,13.288,0.035,13.225,0.031,13.135,0.024,13.131,0.024,12.852,,9.225,,,,,,,,,,AAA,0000,AAUU,RS,SSG,,,,,,,,,,,,,,,
462,ZTF J174718.18+504512.4,2MASS 17471819+5045122,1367694715794455424,WISEA J174718.18+504512.3,,266.82576163568586,50.75343959979063,1183.591815325449,,6.47,0.11,-0.5405,13.829559,393.04355,14.348618,130.26959,13.148862,138.27565,12.194,0.023,11.672,0.03,11.523,0.026,11.508,0.023,11.516,0.02,11.412,0.108,9.23,,,,,,,,,,AAA,0000,AAAU,RS,SSG,,,,,,,,,,,,,,,
463,ZTF J173714.08+511548.9,2MASS 17371411+5115490,1368305765085637248,WISEA J173714.09+511549.0,GALEX J173714.1+511549,264.30873659363175,51.26360510298526,924.2980354012012,,15.72,0.13,-0.0463,13.535805,551.557,14.07296,173.31096,12.821284,184.07643,11.98,0.029,11.387,0.032,11.251,0.024,11.173,0.023,11.199,0.021,11.051,0.07,9.313,,,,20.77440071105957,0.1331000030040741,,,,,AAA,0000,AAAU,RS,SSG,,,,,,,,,,,,,,,
464,V0382 Dra,2MASS 17471964+5133184,1368539278163416832,WISEA J174719.63+513318.6,GALEX J174719.6+513318,266.83182255099655,51.55520611875352,1045.794024828724,,4.22,0.1,-0.0129,13.909632,339.99213,14.566627,100.56343,13.1263895,130.60738,12.259,0.025,11.639,0.03,11.463,0.027,11.182,0.023,11.184,0.02,11.124,0.095,9.526,,,,21.954700469970703,0.291700005531311,,,,,AAA,0000,AAAU,SSG,SSG,,,,,,,,,,,,,,,
465,ZTF J155438.64+373828.1,2MASS 15543867+3738279,1373528930649274496,WISEA J155438.65+373828.0,GALEX J155438.6+373827,238.66100694655185,37.64113789619316,1491.4886755907894,,15.33,0.04,-0.2558,14.268538,516.70166,14.792974,124.628044,13.581697,197.12628,12.685,0.021,12.137,0.022,11.988,0.02,11.967,0.023,11.964,0.021,11.946,0.17,9.713,,,,21.421499252319336,0.3337999880313873,,,,,AAA,0000,AABU,RS,SSG,,,,,,,,,,,,,,,
466,CSS J154536.2+363824,2MASS 15453628+3638256,1375964314545669120,WISEA J154536.28+363825.6,GALEX J154536.2+363826,236.40117427274652,36.640438676216945,1365.779219836236,,1.19,0.06,,14.34021,582.2629,14.865623,162.18271,13.649868,211.86557,12.766,0.027,12.323,0.033,12.109,0.02,12.07,0.023,12.049,0.022,12.018,0.202,9.662,,,,21.16939926147461,0.1777999997138977,,,,,AAA,0000,AABU,RS,RS,,,,,,,,,,,,,,,
467,ZTF J154659.26+400135.5,2MASS 15465926+4001354,1377752601488564480,WISEA J154659.25+400135.4,GALEX J154659.4+400136,236.746904514243,40.026502044889945,1482.2887712919994,,3.64,0.04,-0.0702,14.799118,766.77167,15.351412,201.90036,14.0948,287.82727,13.37,0.023,12.833,0.024,12.662,0.024,12.494,0.023,12.472,0.023,12.098,0.205,8.926,,,,21.73310089111328,0.3501000106334686,,,,,AAA,0000,AABU,RS,SSG,,,,,,,,,,,,,,,
468,ZTF J154537.96+411843.4,2MASS 15453795+4118436,1378076373303013632,WISEA J154537.96+411843.5,GALEX J154538.0+411844,236.4081782858022,41.312058849832134,985.9741706469928,,2.7,0.06,-0.1223,14.05063,284.14645,14.622326,84.04072,13.305919,105.08323,12.205,0.024,11.655,0.029,11.531,0.019,11.504,0.023,11.482,0.021,11.309,0.11,9.104,,,,20.75480079650879,0.1187999993562698,,,,,AAA,0000,AABU,SSG,SSG,,,,,,,,,,,,,,,
469,ROTSE1 J160518.19+372623.5,2MASS 16051814+3726238,1378498547111953920,WISEA J160518.13+372623.3,GALEX J160518.1+372624,241.32553545710147,37.43974192437922,589.8558670500146,10.65725,5.92,0.04,-0.5029,11.981494,310.36462,12.410233,104.77038,11.368103,99.86561,10.599,0.022,10.146,0.019,10.008,0.017,9.857,0.023,9.853,0.02,9.765,0.032,9.043,,21.020000457763672,0.2949,17.642000198364258,0.0324000008404254,No,Variable H-alpha,No RV Data,No RV Data,AAA,0000,AAAU,RS,SSG,,,,,,,,,,,,,,,
470,CSS J160531.0+390213,2MASS 16053098+3902149,1379485844130555776,WISEA J160530.96+390214.8,GALEX J160530.9+390214,241.37903017851292,39.037443754606066,1386.0849904157096,,5.5,0.02,-0.3096,14.64344,218.21568,15.154819,65.24246,13.951341,65.01333,13.076,0.024,12.506,0.024,12.373,0.025,12.322,0.023,12.307,0.023,12.074,0.173,9.582,,,,21.29400062561035,0.2236000001430511,,,,,AAA,0000,AABU,RS,SSG,,,,,,,,,,,,,,,
471,ZTF J162639.53+412116.7,2MASS 16263952+4121168,1381075634865165568,WISEA J162639.53+412116.8,GALEX J162639.5+412117,246.66472576479592,41.35463639825454,1081.8820174405491,,18.02,0.02,-0.0546,14.127555,240.10356,14.728388,74.881966,13.354684,99.37115,12.385,0.022,11.802,0.022,11.648,0.02,11.567,0.023,11.597,0.021,11.522,0.171,9.207,,22.26639938354492,0.5008,21.649200439453125,0.2089000046253204,,,,,AAA,0000,AABU,cut,SSG,,,,,,,,,,,,,,,
472,ZTF J155936.55+394851.3,2MASS 15593656+3948512,1382759605642657920,WISEA J155936.55+394851.3,GALEX J155936.6+394851,239.902293434044,39.81423413036688,1776.2705581828222,,9.4,0.04,-0.519,14.707812,479.0097,15.155108,138.98805,14.090811,174.24284,13.279,0.022,12.808,0.021,12.704,0.022,12.639,0.023,12.638,0.023,12.587,0.262,9.161,,19.20759963989257,0.1179,19.13319969177246,0.0763999968767166,,,,,AAA,0000,AABU,RS,SSG,,,,,,,,,,,,,,,
473,V1145 Her,2MASS 15574958+4123197,1383472707652621056,WISEA J155749.55+412319.7,GALEX J155749.5+412319,239.45645724305183,41.38879838143389,790.9498822345372,,15.9,0.04,-0.19,12.712125,665.2775,13.188796,201.2252,12.070233,267.5714,11.206,0.018,10.708,0.018,10.615,0.02,10.526,0.023,10.543,0.02,10.407,0.046,9.063,,,,18.936399459838867,0.0379000008106231,,,,,AAA,0000,AAAU,RS,RS,,,,,,,,,,,,,,,
474,[YWW2015]_SK49 5129,2MASS 16080833+4159017,1384859535412552320,WISEA J160808.33+415902.0,GALEX J160808.2+415902,242.03472359103637,41.98389276409283,1197.0796234192007,,5.3,0.04,-0.0716,14.245892,345.91766,14.824679,80.17106,13.530907,132.9292,12.639,0.021,12.064,0.021,11.923,0.026,11.883,0.023,11.874,0.022,11.891,0.147,9.278,,,,21.99139976501465,0.2284999936819076,,,,,AAA,0000,AABU,SSG,SSG,,,,,,,,,,,,,,,
475,ZTF J161401.01+445356.3,2MASS 16140100+4453565,1385781819509732608,WISEA J161401.01+445356.4,,243.50420712217675,44.89897333988151,916.0807575302662,,15.65,0.03,0.0386,12.960471,433.86166,13.556195,125.18924,12.230378,168.55748,11.402,0.021,10.852,0.019,10.692,0.017,10.519,0.023,10.581,0.02,10.475,0.05,9.401,0.413,,,,,,,,,AAA,0000,AAAC,RS,SSG,,,,,,,,,,,,,,,
476,ZTF J160529.88+445431.9,2MASS 16052988+4454319,1386310444084962176,WISEA J160529.88+445431.9,,241.37451873151744,44.908864602678314,1593.5609788696747,,1.07,0.04,-0.4332,14.333505,998.3819,14.778096,294.82516,13.722934,329.0653,12.959,0.023,12.509,0.024,12.411,0.025,12.355,0.023,12.368,0.022,12.408,0.225,9.581,,,,,,,,,,AAA,0000,AABU,RS,SSG,,,,,,,,,,,,,,,
477,ZTF J161705.01+473232.1,2MASS 16170501+4732321,1387035125326433792,WISEA J161705.01+473232.1,,244.2708892576737,47.54224457148739,1843.6837773054212,,6.86,0.03,-0.0213,15.296179,681.6148,15.795431,194.92369,14.638208,191.95567,13.754,0.025,13.287,0.026,13.108,0.036,13.104,0.023,13.105,0.025,12.895,0.334,9.226,,,,,,,,,,AAA,0000,AABU,RS,SSG,,,,,,,,,,,,,,,
478,ZTF J152224.63+354541.1,2MASS 15222463+3545409,1387109926476905600,WISEA J152224.63+354541.0,GALEX J152224.5+354540,230.6026325630261,35.761398936505685,1509.9351621958642,,18.71,0.05,,14.82167,1069.9249,15.328817,299.64032,14.149641,309.6263,13.178,0.021,12.679,0.018,12.565,0.023,12.599,0.023,12.591,0.023,12.538,0.302,9.027,,,,21.22879981994629,0.227400004863739,,,,,AAA,0000,AABU,RS,RS,,,,,,,,,,,,,,,
479,ZTF J151745.69+444248.2,2MASS 15174571+4442483,1395123476458157824,WISEA J151745.71+444248.2,GALEX J151745.6+444248,229.44043462802725,44.713383885021706,1766.7685724942553,,12.17,0.07,-0.3181,14.216166,663.43207,14.645592,177.07881,13.605726,206.21808,12.875,0.023,12.427,0.021,12.347,0.025,12.245,0.023,12.278,0.022,12.55,0.281,9.524,,,,20.190399169921875,0.0794999971985817,,,,,AAA,0000,AABU,RS,RS,,,,,,,,,,,,,,,
480,ZTF J152446.97+462848.2,2MASS 15244701+4628486,1395693126560164352,WISEA J152446.99+462848.3,GALEX J152447.0+462848,231.1957555923143,46.48004295876932,1133.8613762626776,,10.04,0.05,,13.076167,388.90973,13.549829,126.62431,12.360465,149.09393,11.215,0.022,10.698,0.021,10.588,0.018,10.709,0.023,10.658,0.02,10.608,0.053,9.35,,,,18.952299118041992,0.0627999976277351,,,,,AAA,0000,AAAU,cut,RS,,,,,,,,,,,,,,,
481,ZALD J15293649+4632471,2MASS 15293648+4632470,1395743223059351552,WISEA J152936.48+463247.2,GALEX J152936.5+463246,232.40200720370424,46.546464613039696,690.7738314453258,,40.83,0.04,0.1149,10.277135,381.6669,10.895134,102.143974,9.533012,147.10071,8.592,0.027,8.004,0.026,7.875,0.02,7.688,0.029,7.791,0.02,7.674,0.017,7.675,0.104,22.1658992767334,0.4404,18.044300079345703,0.0408999994397163,,,,,AAA,0000,AAAA,RS,RS,,,,,,,,,,,,,,,
482,ZTF J154854.35+441305.1,2MASS 15485437+4413052,1396587991586615296,WISEA J154854.35+441305.1,GALEX J154854.3+441304,237.22648684257,44.218073143688464,946.6296072749744,,4.73,0.04,-0.1926,13.132852,265.66293,13.679363,76.69096,12.414112,97.283195,11.335,0.022,10.749,0.021,10.638,0.02,10.646,0.023,10.642,0.021,10.613,0.053,9.639,,19.96689987182617,0.1919,18.717199325561523,0.0707999989390373,,,,,AAA,0000,AAAU,RS,SSG,,,,,,,,,,,,,,,
483,ZTF J155140.40+444617.6,2MASS 15514038+4446177,1397001064361204480,WISEA J155140.39+444617.7,GALEX J155140.5+444617,237.91831812494377,44.77155478694063,1849.6467324422092,,13.23,0.05,-0.2412,13.915955,290.42148,14.443567,90.44253,13.193236,108.01265,12.042,0.022,11.473,0.015,11.359,0.018,11.346,0.022,11.336,0.021,11.135,0.077,9.361,,,,20.07859992980957,0.1167000010609626,,,,,AAA,0000,AAAU,cut,SSG,,,,,,,,,,,,,,,
484,ZTF J160236.15+470028.8,2MASS 16023616+4700289,1398816598576776704,WISEA J160236.15+470028.8,,240.650655070182,47.00797253067889,695.5527689685223,,3.84,0.04,,12.929923,1034.2344,13.400087,277.52368,12.29459,334.78802,11.491,0.026,11.028,0.027,10.947,0.02,10.878,0.022,10.918,0.02,10.891,0.065,9.002,,,,,,,,,,AAA,hhhH,AAAU,RS,RS,,,,,,,,,,,,,,,
485,QZ Boo,2MASS 15392086+4745238,1401159589135954432,WISEA J153920.84+474523.7,GALEX J153920.8+474523,234.83681491306592,47.756597991592656,310.51083010318524,10.34625,20.0,0.05,0.0,10.827241,266.77393,11.434642,71.62713,10.070057,99.08103,9.225,0.021,8.612,0.023,8.457,0.018,8.233,0.023,8.279,0.02,8.173,0.018,8.178,0.147,21.404600143432617,0.2552,18.207500457763672,0.0309999994933605,Yes,Variable H-alpha,Normal Emission,Variable,AAA,0000,AAAB,SSG,SSG,15.7623,0.0736,0.1837,0.0095,32.926,0.156,,,SB1,0.450698,0.47715878,0.50279295,0.5276926,0.55193335,0.57557815
486,ZTF J155242.99+501016.5,2MASS 15524299+5010164,1403317586863541504,WISEA J155242.99+501016.4,GALEX J155243.0+501016,238.17914692818545,50.17122526301805,1627.9221146400414,,1.72,0.05,-0.4523,14.798996,585.3074,15.270193,173.59406,14.158268,218.17912,13.392,0.027,12.835,0.031,12.782,0.025,12.74,0.023,12.736,0.022,12.393,0.184,9.248,,,,21.18000030517578,0.1532000005245208,,,,,AAA,0000,AABU,RS,SSG,,,,,,,,,,,,,,,
487,ZTF J155957.62+503645.5,2MASS 15595761+5036452,1403533469100017024,WISEA J155957.61+503645.4,GALEX J155957.6+503646,239.99006836623707,50.61262426334848,1858.1213975541136,,1.14,0.06,-0.5818,14.629895,950.84656,15.055552,287.47284,14.027759,339.8555,13.309,0.021,12.826,0.017,12.696,0.027,12.663,0.023,12.684,0.022,12.307,0.185,9.748,,,,20.35689926147461,0.12950000166893,,,,,AAA,0000,AABU,RS,SSG,,,,,,,,,,,,,,,
488,ZTF J163616.24+450736.1,2MASS 16361625+4507362,1406813690243014528,WISEA J163616.26+450736.2,,249.06771211754523,45.126700549658,1565.0454853614244,,5.91,0.04,-0.5674,14.321883,965.5796,14.76964,297.1201,13.691174,272.26697,12.692,0.025,12.167,0.022,12.06,0.019,12.041,0.023,12.012,0.021,11.734,0.169,9.518,0.54,,,,,,,,,AAA,0000,AABC,RS,SSG,,,,,,,,,,,,,,,
489,ZTF J165758.71+481224.9,2MASS 16575871+4812250,1408304765449026560,WISEA J165758.71+481225.0,GALEX J165758.7+481223,254.49464344830196,48.20690983498916,853.4509171174966,,7.3,0.06,-0.9898,13.388761,433.01675,13.988509,127.66508,12.643892,166.37364,11.574,0.019,11.046,0.017,10.905,0.012,10.837,0.124,10.856,0.02,10.456,0.054,8.691,0.257,,,21.07150077819824,0.2894999980926513,,,,,AAA,0000,BAAB,SSG,SSG,,,,,,,,,,,,,,,
490,ZTF J162719.08+480801.8,2MASS 16271909+4808018,1410951358656960768,WISEA J162719.04+480802.2,,246.8294836150093,48.13383454017513,1782.8637755145212,,5.53,0.04,,13.58533,806.6985,13.955038,222.58743,13.046137,275.44327,12.423,0.023,12.006,0.015,11.961,0.024,11.718,0.023,11.744,0.021,11.225,0.07,9.039,0.269,,,,,,,,,AAA,0000,AAAB,RS,RS,,,,,,,,,,,,,,,
491,V1190 Her,2MASS 16294304+4822237,1411333228493377152,WISEA J162943.03+482223.5,GALEX J162943.0+482223,247.42929000327575,48.37318199300661,595.9152669583309,,2.66,0.05,-0.2024,12.744304,322.99506,13.36279,100.29856,11.97522,115.009056,10.835,0.022,10.27,0.023,10.071,0.016,9.956,0.023,9.935,0.021,9.812,0.03,9.783,0.427,22.26549911499023,0.4501,19.53860092163086,0.0557999983429908,,,,,AAA,0000,AAAC,SSG,SSG,,,,,,,,,,,,,,,
492,ZTF J164418.86+511456.7,2MASS 16441886+5114570,1413238377202438272,WISEA J164418.86+511456.8,GALEX J164418.8+511457,251.0785992106412,51.249097687464634,1519.8146946927295,,7.6,0.05,-0.2572,14.506133,496.96216,15.076,143.23712,13.775438,174.13715,12.768,0.025,12.18,0.017,12.037,0.019,11.92,0.023,11.897,0.021,11.756,0.122,9.765,,,,21.36090087890625,0.2215999960899353,,,,,AAA,0000,AABU,RS,SSG,,,,,,,,,,,,,,,
493,ZTF J164935.35+523611.1,2MASS 16493535+5236110,1413922617032076032,WISEA J164935.35+523611.1,GALEX J164935.3+523611,252.3973054210819,52.60306677780209,1857.2356969388456,,6.42,0.16,-0.4815,14.885465,454.2058,15.375092,125.32313,14.227106,163.79515,13.297,0.023,12.817,0.021,12.7,0.024,12.643,0.023,12.634,0.023,12.014,0.154,9.646,,,,20.67589950561523,0.1089000031352043,,,,,AAA,0000,AABU,RS,SSG,,,,,,,,,,,,,,,
494,ZTF J164846.53+524308.3,2MASS 16484653+5243082,1413937700957320320,WISEA J164846.53+524308.2,GALEX J164846.5+524307,252.19386613284203,52.71895345282176,1478.448762335652,,25.6,0.14,0.0198,13.854714,776.18304,14.421348,226.51698,13.134329,278.39908,12.248,0.021,11.68,0.019,11.538,0.016,11.47,0.022,11.5,0.021,11.331,0.08,9.297,,,,20.767900466918945,0.1622000038623809,,,,,AAA,0000,AAAU,RS,SSG,,,,,,,,,,,,,,,
495,ZTF J172910.11+541311.0,2MASS 17291012+5413106,1416381056312535680,WISEA J172910.12+541310.7,GALEX J172910.0+541310,262.29215177984617,54.21968404730954,978.7219917290356,,2.36,0.12,-0.4527,13.87899,447.45013,14.528912,137.82112,13.092646,174.56383,11.977,0.022,11.366,0.019,11.164,0.023,11.0,0.023,10.981,0.02,10.976,0.071,9.638,,,,20.791900634765625,0.1309999972581863,,,,,AAA,0000,AAAU,cut,SSG,,,,,,,,,,,,,,,
496,ZTF J174124.69+522717.7,2MASS 17412470+5227178,1416538320834557568,WISEA J174124.69+522717.7,GALEX J174124.7+522717,265.3529098169267,52.45491822609581,951.73239465518,,1.94,0.1,0.2176,14.359265,137.04564,15.117733,41.132843,13.507531,50.715366,12.233,0.029,11.514,0.032,11.37,0.023,11.283,0.023,11.209,0.021,11.031,0.076,9.327,,,,21.10149955749512,0.1596000045537948,,,,,AAA,0000,AAAU,SSG,SSG,,,,,,,,,,,,,,,
497,ZTF J173755.19+535046.2,2MASS 17375520+5350462,1417667519276150784,WISEA J173755.19+535046.2,GALEX J173755.3+535046,264.47998390277473,53.84616654430483,1807.613058328772,,3.44,0.1,-0.2724,14.566041,478.8466,15.130569,137.26938,13.846756,176.25917,12.897,0.027,12.267,0.028,12.159,0.023,12.099,0.023,12.081,0.021,11.898,0.139,9.521,,,,21.431400299072266,0.1923999935388565,,,,,AAA,0000,AABU,RS,SSG,,,,,,,,,,,,,,,
498,ZTF J175126.98+560308.9,2MASS 17512698+5603088,1418417420566126208,WISEA J175126.98+560308.8,GALEX J175126.7+560308,267.8624134397544,56.05245569561696,1438.3820764807615,,12.85,0.11,-0.2486,15.532454,545.3426,16.231863,147.68704,14.716319,210.2515,13.403,0.03,12.82,0.037,12.632,0.026,12.792,0.023,12.725,0.023,12.461,0.31,8.821,,,,22.46489906311035,0.3948999941349029,,,,,AAA,0000,AABU,SSG,SSG,,,,,,,,,,,,,,,
499,CSS J170910.3+542945,2MASS 17091037+5429450,1420002778894668288,WISEA J170910.36+542945.1,GALEX J170910.3+542944,257.2931850700017,54.495861041009405,1689.785069608502,,5.03,0.05,-0.636,15.390112,107.25532,16.028116,34.0958,14.606582,44.45124,13.409,0.025,12.798,0.026,12.649,0.023,12.584,0.129,12.545,0.023,12.27,0.233,9.605,,,,21.347000122070312,0.3350000083446502,,,,,AAA,0000,BABU,SSG,SSG,,,,,,,,,,,,,,,
500,ZTF J173523.47+554016.5,2MASS 17352344+5540166,1421022679008990336,WISEA J173523.46+554016.5,GALEX J173523.7+554015,263.8477889895652,55.6712355570875,1093.9819768814025,,10.14,0.13,-0.5041,13.776788,401.2032,14.287035,114.38297,13.104927,133.8988,12.46,0.027,11.914,0.033,11.78,0.02,11.575,0.023,11.587,0.021,11.591,0.124,9.615,0.483,,,20.52429962158203,0.1212000027298927,,,,,AAA,0000,AABC,RS,SSG,,,,,,,,,,,,,,,
501,ZTF J175405.81+570007.9,2MASS 17540581+5700077,1421603770903729024,WISEA J175405.81+570007.7,GALEX J175405.8+570007,268.5242361773755,57.00217723507031,919.66280188341,,8.01,0.13,-0.1108,13.120658,327.68405,13.642333,123.19124,12.414179,155.71825,11.515,0.022,10.971,0.021,10.866,0.016,10.721,0.023,10.706,0.02,10.548,0.076,9.272,,,,19.85020065307617,0.0982000008225441,,,,,AAA,dddD,AAAU,RS,SSG,,,,,,,,,,,,,,,
502,ZTF J175025.61+575308.4,2MASS 17502561+5753085,1421863015129862400,WISEA J175025.60+575308.6,GALEX J175025.6+575308,267.60672771472633,57.8856751639433,1503.3125876050851,,8.9,0.11,-0.1664,14.34491,375.98584,14.888552,119.63626,13.6292305,143.64488,12.671,0.026,12.068,0.032,11.962,0.021,11.914,0.036,11.911,0.034,11.89,0.206,9.091,,,,21.454200744628903,0.2552999854087829,,,,,AAA,hh00,AABU,RS,SSG,,,,,,,,,,,,,,,
503,ZTF J173010.13+572439.7,2MASS 17301013+5724398,1422377586571452032,WISEA J173010.13+572439.7,GALEX J173010.1+572437,262.54221209614184,57.41102213295884,1950.002313232124,,4.17,0.11,-0.1284,14.529231,288.5085,15.153136,83.05962,13.764557,113.651825,12.969,0.025,12.284,0.027,12.164,0.024,11.923,0.023,11.904,0.021,11.86,0.148,9.506,,21.46949958801269,0.4488,21.82979965209961,0.3995000123977661,,,,,AAA,0000,AABU,RS,SSG,,,,,,,,,,,,,,,
504,ZTF J162331.01+514729.5,2MASS 16233103+5147296,1424852346727465600,WISEA J162331.02+514729.4,,245.87923339336163,51.79150957003522,765.360438655786,,9.96,0.05,,13.335334,616.1552,13.883754,186.616,12.631484,211.57164,11.771,0.021,11.237,0.018,11.099,0.016,11.038,0.023,11.075,0.02,10.997,0.069,9.775,,,,,,,,,,AAA,0000,AAAU,RS,RS,,,,,,,,,,,,,,,
505,ZTF J164949.32+543808.4,2MASS 16494931+5438083,1426346720468539776,WISEA J164949.31+543808.3,GALEX J164949.4+543808,252.45547929885635,54.63565013428184,1273.288423733799,,3.53,0.04,-0.2174,14.404847,494.53552,14.903259,141.64954,13.737597,190.48448,12.917,0.021,12.367,0.022,12.287,0.022,12.19,0.022,12.188,0.021,12.246,0.138,9.986,,,,20.90539932250977,0.1264999955892563,,,,,AAA,0000,AABU,RS,SSG,,,,,,,,,,,,,,,
506,ZTF J165416.25+554048.9,2MASS 16541622+5540488,1427259727436333056,WISEA J165416.24+554048.9,GALEX J165416.2+554048,253.5677044827109,55.68024922556964,1841.570499885025,,11.23,0.03,-0.8577,13.824232,2011.8441,14.1572695,508.68015,13.323103,876.9582,12.738,,12.395,0.031,12.3,0.022,12.298,0.023,12.313,0.022,11.982,0.117,9.932,,,,18.67329978942871,0.0381000004708766,,,,,UAA,0000,AABU,RS,RS,,,,,,,,,,,,,,,
507,ZTF J170222.34+544046.5,2MASS 17022237+5440465,1432156024513915648,WISEA J170222.35+544046.4,GALEX J170222.4+544047,255.5931335407932,54.67958209496137,1170.405665294214,,8.48,0.04,,14.329769,481.32846,14.84178,112.57441,13.653565,147.62807,12.845,0.022,12.293,0.019,12.16,0.024,12.113,0.093,12.145,0.022,12.146,0.203,9.697,,,,20.917800903320312,0.2502999901771545,,,,,AAA,hh00,AABU,RS,RS,,,,,,,,,,,,,,,
508,NSVS 2912600,2MASS 17212080+6003296,1434382501200491392,WISEA J172120.79+600329.6,GALEX J172120.8+600330,260.3366188644712,60.05822627772295,661.9413430933356,,4.4,0.06,,11.457684,332.14978,11.942182,113.561905,10.808663,91.125244,9.807,0.022,9.301,0.018,9.167,0.015,9.14,0.023,9.147,0.02,9.05,0.025,9.07,0.391,21.49530029296875,0.3485,16.997299194335938,0.0237000007182359,,,,,AAA,0000,AAAC,RS,RS,,,,,,,,,,,,,,,
509,ZTF J174735.97+603731.5,2MASS 17473597+6037314,1435350105792741760,WISEA J174735.97+603731.4,GALEX J174735.9+603731,266.8998799105325,60.62540359985507,1622.333679906622,,11.15,0.1,-1.0307,14.147823,586.2115,14.572942,234.91801,13.500044,314.3363,12.731,0.025,12.28,0.023,12.13,0.024,12.082,0.023,12.106,0.021,12.082,0.165,9.812,,,,20.63290023803711,0.1457999944686889,,,,,AAA,0000,AABU,cut,SSG,,,,,,,,,,,,,,,
510,ZTF J165919.55+580052.8,2MASS 16591955+5800527,1436687519953114368,WISEA J165919.55+580052.7,,254.83146486847585,58.01466565447029,1335.808013878482,,0.93,0.05,-0.2254,13.961903,1121.272,14.398207,308.98734,13.362618,332.897,12.73,0.023,12.216,0.024,12.144,0.021,12.044,0.023,12.085,0.021,12.141,0.139,10.064,,,,,,,,,,AAA,d000,AABU,RS,RS,,,,,,,,,,,,,,,
511,ZTF J174206.72+624735.5,2MASS 17420682+6247350,1439558898864573568,WISEA J174206.76+624735.3,GALEX J174206.7+624735,265.5280808263343,62.79317405941681,1559.161211473665,,14.18,0.1,,13.243721,766.94635,13.658304,237.27193,12.657524,307.97095,11.978,0.023,11.53,0.023,11.436,0.021,11.33,0.023,11.338,0.021,11.245,0.078,9.276,,,,18.008499145507812,0.0432999990880489,,,,,AAA,h000,AAAU,RS,RS,,,,,,,,,,,,,,,
512,ZTF J174833.28+630846.2,2MASS 17483340+6308459,1439595556409332480,WISEA J174833.33+630846.1,GALEX J174833.3+630845,267.1387458886103,63.14615961534344,927.7744733886008,,3.14,0.08,-0.1645,12.454509,1190.4362,12.854683,338.7087,11.879606,467.09436,11.224,0.022,10.829,0.021,10.753,0.018,10.681,0.023,10.693,0.02,10.574,0.048,9.47,,,,18.374099731445312,0.0434000007808208,,,,,AAA,0000,AAAU,RS,RS,,,,,,,,,,,,,,,
513,IT Com,2MASS 13350812+2046550,1441340794896375040,WISEA J133508.03+204654.4,GALEX J133508.0+204654,203.7832851411036,20.78171682859745,156.36607804345454,,65.1,0.06,-0.0244,7.365985,1370.1069,7.9461756,381.231,6.633611,472.22504,5.744,0.026,5.24,0.036,5.022,0.017,4.936,0.208,4.796,0.086,4.921,0.014,4.838,0.031,18.77109909057617,0.1175,15.10569953918457,0.0062000001780688,,,,,AAA,0000,BAAA,RS,SSG,59.09016547357474,0.018808745,0.6036527439346656,0.0061597037,9.817597899616944,0.062281813,,,SB1,0.15787323,0.16770525,0.1772307,0.18648387,0.19549294,0.20428133
514,CSS J133019.7+290541,2MASS 13301973+2905410,1450047243360903168,WISEA J133019.72+290540.8,GALEX J133019.7+290541,202.58217205925592,29.09467337125257,1567.630058809994,,3.84,0.02,-0.0346,13.727854,317.3591,14.355425,92.55298,12.960289,114.84295,12.025,0.023,11.389,0.022,11.239,0.018,11.099,0.022,11.144,0.02,10.917,0.119,8.809,,,,20.83970069885254,0.1693000048398971,,,,,AAA,0000,AABU,SSG,SSG,,,,,,,,,,,,,,,
515,CSS J135518.3+255712,2MASS 13551843+2557122,1450405374913661056,WISEA J135518.41+255712.1,GALEX J135518.4+255711,208.8266796946499,25.95335167522637,1295.4114834164066,,16.33,0.04,-0.3712,14.690875,420.66144,15.275593,129.2551,13.94727,167.9077,12.921,0.023,12.354,0.023,12.201,0.021,12.081,0.023,12.065,0.022,11.822,0.205,8.862,,,,21.86389923095703,0.4395000040531158,,,,,AAA,0000,AABU,SSG,SSG,,,,,,,,,,,,,,,
516,CZ CVn,2MASS 14062615+3050475,1454245453633192576,WISEA J140626.16+305046.0,GALEX J140626.1+305046,211.60912172026536,30.84587525713554,98.10610636031775,,58.32,0.04,-0.0925,7.233197,345.09576,7.7821198,98.75837,6.537473,117.97161,5.619,0.019,5.128,0.017,4.993,0.016,4.885,0.219,4.762,0.091,4.931,0.014,4.844,0.03,18.56579971313477,0.0836,14.599300384521484,0.0043000001460313,,,,,AAA,0000,BAAA,cut,SSG,147.85535773977674,0.1306188,0.8241446401710526,0.023916405,,,,,AstroSpectroSB1,0.5532035,0.5837923,0.613372,0.64205784,0.66994387,0.6971085
517,ZTF J130804.64+282512.7,2MASS 13080466+2825129,1460978072569145600,WISEA J130804.65+282512.6,GALEX J130804.6+282513,197.01937855297385,28.420166808262568,1722.5013496074498,,21.43,0.03,,14.121718,858.7869,14.556755,266.70892,13.512577,305.20297,12.699,0.021,12.23,0.019,12.095,0.026,12.072,0.023,12.087,0.023,12.035,0.29,8.814,,,,19.437599182128903,0.0874999985098838,,,,,AAA,0000,AABU,RS,RS,,,,,,,,,,,,,,,
518,NT Com,2MASS 13034595+2837205,1461221030278712064,WISEA J130345.93+283720.8,GALEX J130345.9+283720,195.94131152711995,28.622491402445085,213.0175233004328,,3.2,0.03,-0.3,10.453638,682.5068,10.937222,192.46696,9.792073,257.6259,9.063,0.032,8.566,0.029,8.392,0.034,8.239,0.024,8.238,0.02,8.155,0.02,8.176,0.186,20.859100341796875,0.2594,16.54960060119629,0.0211999993771314,,,,,AAA,0000,AAAB,RS,SSG,,,,,,,,,,,,,,,
519,ROTSE1 J125818.06+282517.7,2MASS 12581804+2825180,1463836768440988928,WISEA J125818.05+282517.9,GALEX J125818.0+282518,194.57525926385185,28.42165204132562,670.3268208729469,,8.16,0.03,-0.3388,12.773299,362.17883,13.296918,108.59142,12.090153,132.39944,11.152,0.026,10.608,0.028,10.502,0.019,10.429,0.022,10.451,0.019,10.314,0.066,8.615,,22.05739974975586,0.4809,19.768699645996097,0.100100003182888,,,,,AAA,0000,AAAU,RS,SSG,,,,,,,,,,,,,,,
520,ZTF J124858.18+295455.3,2MASS 12485818+2954556,1465120448266023168,WISEA J124858.18+295455.4,GALEX J124858.3+295454,192.24240021820452,29.91536656461422,1289.7456886254008,,1.74,0.04,-0.2958,14.569089,617.14294,15.14849,188.39668,13.836307,226.52193,12.877,0.019,12.301,0.019,12.186,0.023,12.143,0.023,12.126,0.022,12.192,0.375,9.018,,,,21.75300025939941,0.3686000108718872,,,,,AAA,0000,AACU,SSG,SSG,,,,,,,,,,,,,,,
521,BH CVn,2MASS 13344780+3710567,1475118788534734592,WISEA J133447.91+371056.7,,203.6996807618988,37.182371955123614,46.888162860276154,,2.61,0.02,,4.7812433,2020.5197,5.0305934,1845.1085,4.3837357,662.6483,3.848,0.282,3.652,0.2,3.612,0.32,3.449,0.508,3.177,0.312,3.416,0.012,3.289,0.018,,,,,,,,,DCD,hh00,CBAA,cut,RS,,,,,,,,,,,,,,,
522,BM CVn,2MASS 13213226+3852498,1476446929861764992,WISEA J132132.23+385249.4,,200.38410378725064,38.88035556082892,116.60995522680425,14.888714285714286,20.51,0.03,0.0629,7.055393,852.96014,7.713554,260.59613,6.2618294,247.98561,5.145,0.024,4.54,0.036,4.382,0.298,4.275,0.332,3.949,0.137,4.242,0.015,4.133,0.022,,,,,Yes,Variable H-alpha,Normal Emission,Normal Emission,AED,0000,BBAA,cut,SSG,20.6252,0.0018,0.0,0.0,11.71,0.21,,,SB1,0.159601063,0.169737861,0.179564685,0.189115927,0.198419839,0.207499966
523,ZTF J135950.48+350355.6,2MASS 13595047+3503555,1482874022002335232,WISEA J135950.48+350355.6,,209.9603341242013,35.06542691657995,1468.1207799447934,,4.78,0.04,-0.1985,14.655339,395.5817,15.199824,114.28486,13.941662,157.51126,13.027,0.023,12.47,0.018,12.371,0.023,12.273,0.023,12.252,0.023,12.164,0.301,8.89,,,,,,,,,,AAA,0000,AABU,RS,SSG,,,,,,,,,,,,,,,
524,MX Boo,2MASS 14495258+4206267,1489388868914750976,WISEA J144952.58+420626.5,GALEX J144952.5+420626,222.4690904198376,42.10735214626822,351.51996907195746,11.9055,13.71,0.05,,10.732858,685.047,11.268822,181.4297,10.045882,238.6574,9.114,0.026,8.61,0.036,8.493,0.021,8.438,0.023,8.454,0.02,8.343,0.021,8.232,0.171,20.87150001525879,0.1977,17.630599975585938,0.0313000008463859,Yes,Absorption,Normal Emission,Normal Emission,AAA,0000,AAAB,RS,RS,,,,,,,,,,,,,,,
525,KQ Boo,2MASS 14251030+3920006,1490766179027059200,WISEA J142510.29+392000.6,GALEX J142510.3+392001,216.29289365655927,39.333513464562635,652.9389597622925,,6.37,0.02,-0.0766,12.774292,536.9049,13.334298,153.82864,12.049355,184.35419,10.886,0.022,10.292,0.019,10.163,0.017,10.134,0.023,10.123,0.02,9.938,0.043,8.723,,,,19.299999237060547,0.0680999979376792,,,,,AAA,0000,AAAU,RS,SSG,,,,,,,,,,,,,,,
526,KY Boo,2MASS 14310400+4404216,1494123125466322560,WISEA J143103.95+440421.5,GALEX J143103.9+440421,217.76640305123985,44.072641768022095,302.66036988465726,15.04,6.7,0.03,-0.19,11.211016,492.4206,11.793745,146.46008,10.476751,194.22343,9.707,0.021,9.109,0.016,8.931,0.016,8.721,0.022,8.706,0.02,8.559,0.021,8.299,0.199,20.910200119018555,0.2269,18.35280036926269,0.0410000011324882,Yes,Emission,Normal Emission,Normal Emission,AAA,0000,AAAB,SSG,SSG,,,,,,,,,,,,,,,
527,UCAC4 667-058562,2MASS 13582151+4320582,1499498122418077568,WISEA J135821.51+432058.3,GALEX J135821.5+432058,209.58958214506671,43.34952073720277,848.5942500669347,,10.87,0.02,0.1229,12.82345,662.7668,13.334537,185.93333,12.136075,245.67688,11.418,0.023,10.832,0.022,10.684,0.016,10.511,0.023,10.536,0.02,10.447,0.059,8.682,,,,19.68510055541992,0.1162000000476837,,,,,AAA,0000,AAAU,RS,RS,,,,,,,,,,,,,,,
528,GSC 03475-01111,2MASS 14291206+4740559,1507132443966522496,WISEA J142912.07+474055.7,GALEX J142912.1+474058,217.30030466044292,47.68214870767253,1138.2523903895144,,19.9,0.04,-0.0676,13.947681,297.53146,14.553382,85.75149,13.20137,110.63192,12.392,0.021,11.712,0.018,11.6,0.016,11.496,0.022,11.496,0.021,11.53,0.147,9.218,,,,20.938600540161133,0.2578000128269195,,,,,AAA,0000,AABU,SSG,SSG,,,,,,,,,,,,,,,
529,ZTF J140144.91+532612.0,2MASS 14014493+5326119,1513099356131773312,WISEA J140144.91+532612.0,GALEX J140145.0+532611,210.4371578365816,53.436659843205966,906.6626039017056,,13.25,0.03,,13.527089,693.2709,14.125539,207.28156,12.789843,255.30522,11.965,0.021,11.361,0.019,11.203,0.023,11.108,0.022,11.136,0.021,10.976,0.084,8.976,,,,21.167600631713867,0.152099996805191,,,,,AAA,0000,AAAU,SSG,SSG,,,,,,,,,,,,,,,
530,CC CVn,2MASS 12585901+3432442,1515716125086658816,WISEA J125859.02+343244.5,GALEX J125859.0+343244,194.74582468744777,34.54570910016963,659.7144381437016,,39.0,0.03,-0.85,6.8805184,1167.6882,8.231682,267.02106,5.724931,512.1559,4.209,0.272,3.326,0.23,2.977,0.272,1.655,,1.999,,2.803,0.014,2.69,0.019,20.85639953613281,0.2066,17.5226993560791,0.0274999998509883,,,,,DDD,hh00,UUAA,RS,cut,,,,,,,,,,,,,,,
531,ET CVn,2MASS 12432799+3757362,1520484187323263488,WISEA J124327.93+375736.4,GALEX J124327.9+375736,190.86630633536453,37.96013899450677,381.484671529,,11.03,0.04,,10.723699,970.70447,11.245693,266.02115,10.040736,344.6221,9.167,0.035,8.619,0.034,8.503,0.018,8.394,0.023,8.435,0.02,8.328,0.021,7.893,0.169,21.336700439453125,0.3366,17.383499145507812,0.0255999993532896,,,,,AAA,0000,AAAB,RS,RS,,,,,,,,,,,,,,,
532,ZTF J130946.79+401742.8,2MASS 13094678+4017429,1524132577359081472,WISEA J130946.79+401742.8,GALEX J130946.8+401743,197.44497704538753,40.29522291974226,966.3377733969564,,9.79,0.04,,13.156091,1301.6907,13.571868,327.93546,12.571484,401.50653,11.85,0.022,11.404,0.019,11.339,0.017,11.292,0.023,11.324,0.021,11.352,0.145,9.141,,,,19.0132999420166,0.0441000014543533,,,,,AAA,0000,AABU,RS,RS,,,,,,,,,,,,,,,
533,ZTF J130038.44+434017.2,2MASS 13003844+4340170,1529363435210173056,WISEA J130038.44+434017.0,GALEX J130038.4+434016,195.16019445447793,43.67142106214795,525.7059544196505,,0.9,0.04,-0.1825,12.736316,1066.8547,13.289847,302.73596,12.027098,408.38092,11.116,0.018,10.565,0.017,10.44,0.018,10.34,0.023,10.362,0.021,10.27,0.055,8.519,,22.0713005065918,0.3756,19.632200241088867,0.0758000016212463,,,,,AAA,0000,AAAU,RS,SSG,,,,,,,,,,,,,,,
534,CSS J122339.9+440642,2MASS 12233982+4406424,1535585949466493568,WISEA J122339.80+440642.4,GALEX J122339.9+440642,185.9158123533974,44.111768080043966,872.6218457936062,,8.08,0.03,,13.443296,347.19608,13.981584,104.863594,12.749435,135.36757,11.93,0.024,11.342,0.031,11.234,0.02,10.991,0.023,11.013,0.02,10.988,0.108,8.737,,,,20.125900268554688,0.1447000056505203,,,,,AAA,0000,AAAU,RS,RS,,,,,,,,,,,,,,,
535,CSS J121303.1+410303,2MASS 12130313+4103028,1536199751832811648,WISEA J121303.13+410302.8,GALEX J121303.1+410303,183.26306557402785,41.050786436013865,1718.770422888742,,1.99,0.05,,13.480298,466.38535,13.980538,137.48201,12.811755,146.4007,11.92,0.022,11.362,0.016,11.263,0.017,11.2,0.023,11.23,0.021,11.065,0.114,9.25,,,,19.692800521850582,0.1083000004291534,,,,,AAA,0000,AABU,RS,RS,,,,,,,,,,,,,,,
536,ZTF J122804.84+444128.3,2MASS 12280488+4441286,1541665664653439232,WISEA J122804.84+444128.3,GALEX J122804.8+444129,187.0201622982563,44.691195983515904,1000.5616274463896,,6.77,0.05,-0.1326,13.845823,467.70163,14.35674,137.60727,13.151618,157.52795,12.185,0.019,11.622,0.019,11.491,0.022,11.479,0.024,11.475,0.021,11.15,0.132,9.099,0.486,,,20.17350006103516,0.1375000029802322,,,,,AAA,0000,AABC,cut,SSG,,,,,,,,,,,,,,,
537,EP CVn,2MASS 12230871+4527544,1544750550683288832,WISEA J122308.69+452754.4,GALEX J122308.7+452754,185.7862200745045,45.46510457960134,237.1981689878147,10.974166666666669,11.8,0.03,,10.936239,388.63855,11.517793,111.53228,10.197393,150.47585,9.28,0.024,8.701,0.063,8.528,0.031,8.444,0.022,8.475,0.02,8.369,0.021,8.376,0.257,21.4419002532959,0.3744,18.150999069213867,0.048599999397993,Yes,Variable H-alpha,Normal Emission,Normal Emission,AAA,0000,AAAB,cut,SSG,,,,,,,,,,,,,,,
538,ZTF J132535.79+462359.8,2MASS 13253585+4623597,1551108442312634368,WISEA J132535.81+462359.7,GALEX J132535.9+462359,201.39918720984764,46.39992751915146,624.4732351368627,,1.54,0.08,-0.1001,13.184588,546.4192,13.695267,151.34354,12.505199,191.20555,11.637,0.021,11.105,0.019,10.986,0.017,10.945,0.023,10.949,0.021,10.833,0.097,8.963,,22.2455997467041,0.4906,19.70800018310547,0.1083000004291534,,,,,AAA,0000,AAAU,RS,SSG,,,,,,,,,,,,,,,
539,GSC 03460-00534,2MASS 13293864+4713359,1552000799077437056,WISEA J132938.64+471335.9,,202.4110026764244,47.22665445844584,1978.7076564053452,,29.0,0.1,,15.128375,682.62006,15.651851,191.32462,14.418863,168.90977,13.449,0.025,12.904,0.025,12.771,0.028,12.67,0.023,12.791,0.025,12.634,,9.112,,,,,,,,,,AAA,0000,AAUU,RS,RS,,,,,,,,,,,,,,,
540,ZTF J131110.35+513518.3,2MASS 13111038+5135183,1556963788406071680,WISEA J131110.36+513518.4,GALEX J131110.3+513518,197.79316728838768,51.588432347375424,1740.8380084227094,,6.65,0.04,,14.510497,548.3845,15.033612,158.81334,13.81428,197.3533,12.987,0.024,12.412,0.03,12.295,0.023,12.164,0.024,12.173,0.022,12.045,0.264,9.199,,,,21.13969993591309,0.1802999973297119,,,,,AAA,0000,AABU,RS,RS,,,,,,,,,,,,,,,
541,ZTF J130313.18+521929.2,2MASS 13031316+5219296,1557974273951797632,WISEA J130313.17+521929.3,GALEX J130313.1+521930,195.80491624183952,52.32477788560989,661.8297475828966,,10.91,0.04,-0.5144,13.31765,395.095,13.907366,115.20346,12.571443,150.20049,11.536,0.022,10.965,0.021,10.837,0.018,10.774,0.023,10.718,0.02,10.525,0.066,9.164,,,,20.13319969177246,0.0888999998569488,,,,,AAA,0000,AAAU,SSG,SSG,,,,,,,,,,,,,,,
542,ZTF J132911.28+502640.4,2MASS 13291129+5026405,1559461397788568576,WISEA J132911.28+502640.4,GALEX J132911.3+502640,202.29699882921787,50.44455676277725,916.0703415875906,,13.76,0.03,,13.478867,642.8198,14.008534,180.19493,12.793025,242.80829,11.879,0.02,11.386,0.019,11.243,0.02,11.211,0.023,11.254,0.021,11.054,0.111,9.067,,,,20.108299255371097,0.1587000042200088,,,,,AAA,0000,AABU,RS,RS,,,,,,,,,,,,,,,
543,ZTF J125042.87+541537.5,2MASS 12504288+5415374,1570392226995319936,WISEA J125042.88+541537.4,,192.6786398074136,54.26040514586182,1224.6301814407032,,5.64,0.03,-0.1303,14.480388,428.15036,15.147866,118.4451,13.68627,154.05733,12.692,0.023,12.021,0.019,11.856,0.02,11.743,0.023,11.735,0.021,11.461,0.146,9.233,,,,,,,,,,AAA,0000,AABU,SSG,SSG,,,,,,,,,,,,,,,
544,ZTF J121222.44+531141.7,2MASS 12122244+5311418,1572902893078585728,WISEA J121222.44+531141.7,GALEX J121222.3+531141,183.0935035828128,53.19490569389607,906.1129803526272,,16.21,0.06,-0.1937,13.608844,1077.8357,14.077336,313.182,12.973666,411.41995,12.142,0.023,11.672,0.025,11.59,0.018,11.538,0.023,11.564,0.021,11.331,0.11,9.07,,,,19.92490005493164,0.1049999967217445,,,,,AAA,0000,AABU,RS,SSG,,,,,,,,,,,,,,,
545,ZTF J120224.21+625527.0,2MASS 12022430+6255274,1582997852929561600,WISEA J120224.24+625527.1,,180.6009366603496,62.924163594263554,464.6313735231042,,4.5,0.07,-0.1592,12.45343,536.8205,13.04098,159.19852,11.7133255,207.24146,10.656,0.021,10.097,0.019,9.95,0.015,9.884,0.023,9.877,0.02,9.764,0.038,8.712,,,,,,,,,,AAA,0000,AAAU,SSG,SSG,,,,,,,,,,,,,,,
546,ZTF J143838.79+480407.8,2MASS 14383877+4804082,1591233091942568704,WISEA J143838.78+480407.9,,219.66160679222236,48.068831518022385,1249.838416339187,,8.86,0.07,,14.636982,587.0653,15.190028,156.52852,13.928028,182.23868,13.049,0.023,12.484,0.022,12.393,0.029,12.246,0.023,12.273,0.022,12.164,0.261,9.225,,,,,,,,,,AAA,0000,AABU,RS,SSG,,,,,,,,,,,,,,,
547,ZTF J144454.42+490006.8,2MASS 14445443+4900069,1591551778515908736,WISEA J144454.42+490006.8,,221.2267867955969,49.00188508518052,1960.3446956843056,,6.38,0.09,-0.4574,15.002614,287.0903,15.597087,84.72706,14.255442,106.19297,13.257,0.024,12.638,0.021,12.556,0.023,12.474,0.024,12.426,0.023,12.339,0.292,9.362,,,,,,,,,,AAA,0000,AABU,RS,SSG,,,,,,,,,,,,,,,
548,CSS J144724.4+492427,2MASS 14472431+4924274,1591581774567542272,WISEA J144724.31+492427.5,GALEX J144724.3+492427,221.8513559129076,49.40765209890157,1438.739082543191,,16.92,0.06,-0.4115,14.130045,560.6546,14.584915,153.04219,13.504215,209.10661,12.859,0.023,12.331,0.02,12.266,0.024,12.107,0.023,12.119,0.022,12.057,0.212,9.392,,,,20.31940078735352,0.1246000006794929,,,,,AAA,0000,AABU,RS,SSG,,,,,,,,,,,,,,,
549,CSS J152303.0+485545,2MASS 15230304+4855451,1594368040111330304,WISEA J152303.03+485545.2,GALEX J152303.1+485545,230.7626291472613,48.929230679412456,1220.2380849360843,,4.83,0.04,-0.1598,14.277411,235.6069,14.850042,64.55118,13.539801,89.082825,12.539,0.022,11.949,0.018,11.829,0.018,11.808,0.023,11.809,0.021,11.606,0.116,9.017,,,,21.25309944152832,0.2633000016212463,,,,,AAA,0000,AABU,SSG,SSG,,,,,,,,,,,,,,,
550,ZTF J152615.23+502150.7,2MASS 15261522+5021509,1594776165083975936,WISEA J152615.22+502150.7,,231.5634740767659,50.36407800185037,1817.325835828188,,8.62,0.06,-0.4898,13.980971,761.47345,14.44475,251.12653,13.349775,247.05055,12.462,0.022,11.943,0.015,11.808,0.024,11.752,0.022,11.751,0.021,11.598,0.11,9.577,,,,,,,,,,AAA,0000,AABU,RS,SSG,,,,,,,,,,,,,,,
551,ZTF J152159.92+521052.9,2MASS 15215989+5210530,1595883751249905664,WISEA J152159.92+521052.9,,230.4996897808519,52.181361091534214,1311.9650853279309,,14.63,0.05,-0.3265,13.973701,437.18387,14.41594,117.599434,13.3594,136.97218,12.606,0.024,12.136,0.021,12.049,0.026,11.989,0.023,12.006,0.021,12.025,0.193,9.556,0.54,,,,,,,,,AAA,0000,AABC,RS,RS,,,,,,,,,,,,,,,
552,QT Dra,2MASS 15241508+5307532,1596369357432347520,WISEA J152415.07+530753.2,GALEX J152415.1+530753,231.062807421941,53.13147260418067,1031.1709423099376,,7.29,0.04,-0.0743,12.842928,398.63535,13.35395,122.56932,12.171761,129.73398,11.289,0.021,10.724,0.03,10.595,0.021,10.581,0.022,10.56,0.021,10.403,0.047,8.953,,,,18.722999572753903,0.0631999969482421,,,,,AAA,0000,AAAU,RS,RS,,,,,,,,,,,,,,,
553,ZTF J153813.01+523043.2,2MASS 15381302+5230433,1596833042101525888,WISEA J153813.02+523043.2,,234.5542457427779,52.51199635774507,1196.3059645327278,,3.66,0.03,-0.3649,14.354521,239.95955,14.888786,66.84147,13.646852,91.693146,12.655,0.024,12.055,0.028,11.93,0.021,11.968,0.023,11.944,0.021,11.625,0.11,9.757,,,,,,,,,,AAA,0000,AABU,RS,SSG,,,,,,,,,,,,,,,
554,ZTF J154258.90+562448.1,2MASS 15425892+5624482,1598633831694059520,WISEA J154258.90+562448.1,GALEX J154259.0+562448,235.7454620410093,56.41334388823623,1089.9551009606423,,0.74,0.03,-0.2199,13.757054,683.4567,14.222805,198.64128,13.124261,255.8376,12.378,0.025,11.902,0.031,11.775,0.023,11.7,0.023,11.714,0.02,11.745,0.135,9.006,,,,20.17770004272461,0.148399993777275,,,,,AAA,0000,AABU,RS,SSG,,,,,,,,,,,,,,,
555,ZALD J15172872+5253363,2MASS 15172872+5253363,1599005058602839424,WISEA J151728.70+525336.4,,229.3695792868256,52.89347221267341,652.5822196948052,,19.73,0.03,-0.0737,10.602879,350.1187,11.164468,101.84967,9.898982,136.97563,8.97,0.024,8.435,0.018,8.278,0.014,8.196,0.023,8.234,0.02,8.129,0.019,8.159,0.146,,,,,,,,,AAA,0000,AAAB,RS,SSG,,,,,,,,,,,,,,,
556,ZTF J151137.45+523554.9,2MASS 15113743+5235552,1599076904815968256,WISEA J151137.45+523554.9,GALEX J151137.4+523554,227.9060432368594,52.59857877133818,1789.1092287114525,,13.66,0.06,,15.294313,438.0019,15.836104,98.15908,14.593724,132.12057,13.767,0.029,13.144,0.037,13.047,0.034,12.925,0.024,12.893,0.024,12.578,0.287,9.719,,,,22.21579933166504,0.3939000070095062,,,,,AAA,0000,AABU,RS,RS,,,,,,,,,,,,,,,
557,MP Boo,2MASS 14443829+5313043,1605979810614504704,WISEA J144438.28+531304.3,GALEX J144438.3+531304,221.159494383445,53.21788817929556,1092.419305032518,6.6652000000000005,72.0,0.03,,10.858623,854.4194,11.473723,235.8609,10.110371,361.41187,9.137,0.018,8.558,0.02,8.399,0.018,8.364,0.023,8.458,0.02,8.296,0.019,8.304,0.228,21.60460090637207,0.457,18.877500534057617,0.0697999969124794,Yes,Absorption,Variable,Normal Emission,AAA,0000,AAAB,RS,RS,,,,,,,,,,,,,,,
558,ZTF J144103.69+534105.2,2MASS 14410366+5341056,1606804375615685120,WISEA J144103.68+534105.4,,220.26540354504613,53.68479207486532,837.2336002109389,,10.58,0.03,-0.1324,13.232625,883.2384,13.728851,277.9236,12.581863,329.08078,11.881,0.022,11.386,0.018,11.249,0.018,11.141,0.023,11.187,0.02,11.147,0.083,9.568,,,,,,,,,,AAA,0000,AAAU,RS,SSG,,,,,,,,,,,,,,,
559,NSVS 2738335,2MASS 14241450+5522169,1610336414984358144,WISEA J142414.51+552217.1,,216.0604957579773,55.37142836021563,496.90790269017776,,6.77,0.03,-0.1901,12.407637,276.83002,13.035387,90.56401,11.643228,112.31385,10.472,0.024,9.87,0.028,9.72,0.019,9.697,0.023,9.679,0.019,9.521,0.035,9.138,0.465,,,,,,,,,AAA,0000,AAAC,SSG,SSG,,,,,,,,,,,,,,,
560,ZTF J151546.92+580813.5,2MASS 15154690+5808136,1614621731489725312,WISEA J151546.92+580813.5,GALEX J151546.9+580813,228.94551687434856,58.13708829164532,1714.1401625222695,,11.31,0.04,-0.3974,13.877775,560.6017,14.326188,165.0063,13.250802,184.48816,12.505,0.023,11.979,0.023,11.868,0.018,11.741,0.023,11.759,0.021,11.648,0.144,9.469,,,,19.19129943847656,0.0559000000357627,,,,,AAA,0000,AABU,RS,RS,,,,,,,,,,,,,,,
561,ZTF J152146.23+604806.5,2MASS 15214630+6048065,1615511614353682432,WISEA J152146.26+604806.6,,230.44270856170135,60.80181676356437,1475.363059571057,,10.57,0.04,,14.5373745,445.9122,14.988414,115.89677,13.904723,165.51917,13.202,0.027,12.698,0.027,12.639,0.028,12.508,0.023,12.51,0.022,12.032,0.183,9.349,,,,,,,,,,AAA,0000,AABU,RS,RS,,,,,,,,,,,,,,,
562,ZTF J144741.22+605733.1,2MASS 14474122+6057331,1617853299243073920,WISEA J144741.22+605733.1,GALEX J144741.3+605733,221.92175921458593,60.95919244619477,1412.8704853063418,,7.74,0.02,-0.1603,14.414654,283.98807,14.937059,88.28069,13.736296,107.63707,12.897,0.027,12.315,0.03,12.2,0.023,12.102,0.023,12.114,0.021,12.147,0.216,9.467,,,,20.985700607299805,0.2296999990940094,,,,,AAA,0000,AABU,RS,SSG,,,,,,,,,,,,,,,
563,ZTF J150740.07+623524.5,2MASS 15074005+6235247,1619684673298148864,WISEA J150740.05+623524.6,,226.9169719820297,62.59012594069335,898.3876964687369,,18.03,0.04,-0.2951,13.355859,958.4714,13.836611,308.43066,12.711507,332.4151,11.899,0.021,11.402,0.03,11.334,0.023,11.252,0.023,11.282,0.021,11.096,0.087,9.432,,,,,,,,,,AAA,0000,AAAU,RS,SSG,,,,,,,,,,,,,,,
564,ZTF J151859.81+631939.1,2MASS 15185981+6319392,1619792287999059456,WISEA J151859.81+631939.1,GALEX J151859.8+631939,229.7492371183204,63.32751221842521,1858.6147888412197,,17.87,0.05,,13.191337,502.03903,13.718518,143.98363,12.502446,190.95776,11.514,0.022,10.969,0.021,10.842,0.019,10.802,0.022,10.819,0.02,10.734,0.064,9.046,,,,20.12380027770996,0.1499000042676925,,,,,AAA,0000,AAAU,RS,RS,,,,,,,,,,,,,,,
565,ZTF J171530.03+632629.7,2MASS 17153004+6326297,1631065202761120256,WISEA J171530.04+632629.8,GALEX J171530.1+632629,258.875158613365,63.44158950284187,1837.814170551017,,0.85,0.08,-0.0642,15.412917,445.2755,15.920194,119.36907,14.70664,141.77225,13.73,0.024,13.207,0.029,13.06,0.031,13.036,0.023,13.042,0.024,13.308,,10.231,,,,21.86529922485352,0.4363000094890594,,,,,AAA,00O0,AAUU,RS,SSG,,,,,,,,,,,,,,,
566,ZTF J171011.84+641204.4,2MASS 17101188+6412044,1631379903604826624,WISEA J171011.86+641204.4,,257.54940010344353,64.20122116473154,843.5352407584955,,3.71,0.07,-0.0441,12.951654,582.3483,13.599369,157.92532,12.175955,206.97974,11.043,0.022,10.441,0.03,10.269,0.022,10.168,0.023,10.153,0.02,9.961,0.032,9.491,,,,,,,,,,AAA,h0h0,AAAU,SSG,SSG,,,,,,,,,,,,,,,
567,ZTF J165544.58+652350.9,2MASS 16554461+6523509,1635440468766727680,WISEA J165544.59+652350.8,,253.93576126194608,65.39745203182733,1140.587850228857,,4.54,0.09,-0.4334,14.005076,903.8157,14.590225,267.44315,13.264355,355.0313,12.409,0.024,11.819,0.029,11.666,0.021,11.475,0.023,11.469,0.021,11.283,0.076,9.303,,,,,,,,,,AAA,0000,AAAU,RS,SSG,,,,,,,,,,,,,,,
568,ZTF J170135.92+665412.9,2MASS 17013592+6654130,1635773345911417088,WISEA J170135.92+665413.0,,255.39969979159864,66.90359027075688,1628.9632643945156,,8.56,0.09,-0.1501,14.92779,856.584,15.404788,264.58417,14.2853985,302.99518,13.411,0.024,12.967,0.029,12.899,0.039,12.816,0.023,12.834,0.022,12.555,0.235,9.637,0.475,,,,,,,,,AAA,0000,AABC,RS,SSG,,,,,,,,,,,,,,,
569,TYC 4428-785-1,2MASS 17501212+6858010,1637769715430118528,WISEA J175012.11+685800.8,GALEX J175012.1+685800,267.5505676458963,68.96688523381836,1521.618727607865,,30.57,0.09,-0.1297,11.624098,394.1835,12.189749,130.55249,10.913562,162.9241,10.093,0.022,9.512,0.021,9.346,0.014,9.168,0.024,9.207,0.022,9.076,0.023,8.936,0.252,,,18.792800903320312,0.0653000026941299,No,Variable H-alpha,Normal Emission,Normal Emission,AAA,0000,AAAB,RS,RS,55.45592147795735,0.07171491,0.2396299485384499,0.052693486,15.637705087067625,0.8041457,,,SB1,0.32860652,0.3480112,0.36679164,0.38501862,0.40275005,0.4200341
570,ZTF J174721.91+693856.2,2MASS 17472192+6938561,1638061326529190784,WISEA J174721.90+693856.1,GALEX J174721.7+693856,266.84130854659384,69.64894125422272,1481.4813451889163,,0.95,0.08,-0.19,14.613696,359.84183,15.231306,117.94842,13.830247,127.57504,12.929,0.023,12.262,0.023,12.121,0.022,11.956,0.023,11.913,0.021,11.741,0.118,9.728,,,,21.874099731445312,0.3176000118255615,,,,,AAA,0000,AABU,SSG,SSG,,,,,,,,,,,,,,,
571,GSC 04196-02053,2MASS 16250995+6645393,1642379516712248064,WISEA J162509.94+664539.2,GALEX J162509.8+664539,246.2914425368158,66.76088002140739,887.2535699217849,,2.88,0.09,-0.1902,12.810036,318.30716,13.430068,96.86826,12.04858,115.62075,10.898,0.019,10.295,0.019,10.163,0.022,10.061,0.022,10.051,0.02,9.846,0.036,9.145,0.388,16.275800704956055,0.0303,16.800100326538086,0.0206000003963708,,,,,AAA,0000,AAAC,cut,SSG,525.5443207320669,10.39111,0.273308835716946,0.12111583,,,,,Orbital,0.24755727,0.26254418,0.27705535,0.29114437,0.30485526,0.31822458
572,ZTF J162219.49+675740.7,2MASS 16221948+6757405,1643441030765166080,WISEA J162219.51+675740.7,GALEX J162219.6+675740,245.5812690460475,67.96128213333128,1419.6684722381767,,6.45,0.1,,14.439011,367.06903,14.966007,116.83902,13.731762,117.949356,12.764,0.023,12.22,0.024,12.079,0.024,11.998,0.023,11.965,0.022,12.055,0.186,9.198,,,,20.9685001373291,0.1905999928712844,,,,,AAA,0000,AABU,RS,RS,,,,,,,,,,,,,,,
573,TYC 4422-1970-1,2MASS 16081945+7003468,1647104259911614208,WISEA J160819.42+700347.1,GALEX J160819.4+700347,242.0809958667429,70.06311050377272,370.0549705552533,,5.2,0.07,-0.3751,10.787131,592.10876,11.1969185,191.10736,10.200751,240.98476,9.548,0.021,9.116,0.021,9.01,0.015,8.934,0.023,8.948,0.02,8.885,0.022,9.001,0.283,21.29949951171875,0.4032,16.69849967956543,0.0281000006943941,No,Absorption,Normal Emission,Normal Emission,AAA,0000,AAAB,RS,RS,5.3512,0.0585,0.0116,0.0052,38.301,0.562,,,SB1 ,0.35918292,0.38084134,0.4018256,0.42221087,0.44205886,0.461421
574,TYC 4415-328-1,2MASS 15434628+7018248,1647677204253342080,WISEA J154346.28+701824.8,,235.94289766981717,70.30688949096917,402.7329508583864,,22.55,0.08,-0.009,11.690474,463.3791,12.290954,130.90332,10.938255,160.09778,10.09,0.018,9.488,0.017,9.336,0.02,9.073,0.022,9.093,0.02,8.983,0.023,8.969,0.288,,,,,Yes,Variable H-alpha,Normal Emission,Normal Emission,AAA,0000,AAAB,SSG,SSG,16.8366,0.2256,0.2861,0.0303,12.916,0.177,,,SB1 ,0.15752417,0.16753387,0.17723757,0.1866692,0.19585668,0.20482321
575,ZTF J162318.95+690543.5,2MASS 16231897+6905434,1649739858002811904,WISEA J162318.96+690543.4,,245.8289697341847,69.09539705874693,1393.3168318437238,,17.2,0.1,-0.1038,13.958915,535.3226,14.491721,164.16623,13.269155,227.43019,12.432,0.023,11.882,0.021,11.746,0.02,11.656,0.023,11.693,0.021,11.899,0.155,9.748,,,,,,,,,,AAA,0000,AABU,RS,SSG,,,,,,,,,,,,,,,
576,RX J1744.1+7203,2MASS 17441097+7203028,1651250380821820672,WISEA J174410.90+720303.0,,266.04542110204807,72.05086356928135,323.00572508653096,,4.27,0.11,-0.1001,9.684693,312.31976,10.245811,93.26521,8.97284,123.81083,8.03,0.019,7.459,0.02,7.352,0.024,7.205,0.037,7.229,0.02,7.137,0.016,7.008,0.051,,,,,No,Variable H-alpha,No RV Data,No RV Data,AAA,dd00,AAAA,RS,SSG,,,,,,,,,,,,,,,
577,V0515 Dra,2MASS 17281239+7239230,1651905311794208896,WISEA J172812.35+723923.4,,262.05140301440423,72.6565608928629,487.4373553614166,,13.87,0.12,0.0362,11.2828865,315.8269,11.88779,91.34834,10.514614,116.305176,9.578,0.023,8.946,0.019,8.797,0.019,8.735,0.023,8.742,0.019,8.595,0.021,8.275,0.161,,,,,,,,,AAA,dh00,AAAB,RS,SSG,,,,,,,,,,,,,,,
578,29 Dra,2MASS 17324120+7413383,1655646778064790528,WISEA J173241.11+741338.3,GALEX J173240.9+741340,263.17063429405675,74.22749068131633,85.93699777780678,8.1356,26.74,0.09,-0.0535,6.2837353,409.32532,6.842404,119.44417,5.562939,138.55318,4.923,0.256,4.218,0.248,4.09,0.396,4.112,0.282,3.774,0.184,4.094,0.027,3.878,0.023,13.520400047302246,0.01,13.208100318908691,0.0035999999381601,Yes,Absorption,Normal Emission,Normal Emission,DDD,HHH0,BBAA,cut,SSG,881.5090597960923,6.7330465,0.1059615078121108,0.00987151,,,,,Orbital,0.34271282,0.36286435,0.3823663,0.40129235,0.41970283,0.43764788
579,ZTF J140412.33+591513.5,2MASS 14041239+5915135,1659976998452314240,WISEA J140412.34+591513.4,GALEX J140412.4+591513,211.0513804097294,59.253746784986525,534.226243158061,,0.86,0.04,-0.0999,12.506762,622.9912,13.001567,179.2338,11.845387,236.72997,11.049,0.022,10.529,0.019,10.414,0.017,10.326,0.022,10.362,0.02,10.278,0.056,9.098,,,,19.25,0.0619000010192394,,,,,AAA,0000,AAAU,RS,SSG,,,,,,,,,,,,,,,
580,ZTF J141255.40+610653.4,2MASS 14125539+6106534,1660642477864711552,WISEA J141255.38+610653.5,GALEX J141255.3+610653,213.2308124164688,61.11484452000726,1402.611368156135,,9.38,0.04,-0.5468,13.826484,609.2295,14.267527,221.36827,13.206285,202.35062,12.311,0.023,11.82,0.027,11.67,0.018,11.654,0.023,11.66,0.021,11.393,0.126,9.488,0.536,,,19.542699813842773,0.1039000004529953,,,,,AAA,0000,AABC,RS,SSG,,,,,,,,,,,,,,,
581,ZTF J131522.51+604941.4,2MASS 13152253+6049413,1663355900763262336,WISEA J131522.52+604941.4,GALEX J131522.5+604941,198.84382097257185,60.82816720867283,1699.6701007185438,,4.14,0.04,-0.2752,13.953964,1430.7102,14.465095,355.63348,13.27695,401.899,12.5,0.022,11.971,0.021,11.855,0.019,11.729,0.023,11.772,0.021,11.404,0.141,9.334,,,,20.94219970703125,0.1111000031232833,,,,,AAA,0000,AABU,RS,SSG,,,,,,,,,,,,,,,
582,ZTF J142511.30+661907.4,2MASS 14251133+6619072,1670035262103582208,WISEA J142511.31+661907.3,GALEX J142511.3+661907,216.29710376793503,66.31871739078044,1247.753242817179,,7.06,0.04,-0.0398,13.771985,609.3764,14.360706,193.26634,13.045317,228.61768,12.08,0.02,11.518,0.023,11.383,0.025,11.297,0.022,11.338,0.02,11.197,0.076,9.667,,,,21.183799743652344,0.2389000058174133,,,,,AAA,0000,AAAU,RS,SSG,,,,,,,,,,,,,,,
583,TYC 4178-282-1,2MASS 14202632+6645123,1670104256458326912,WISEA J142026.30+664512.3,GALEX J142026.4+664512,215.10954889337623,66.75341052921762,1328.0077576744804,,5.95,0.05,-0.1201,11.6058235,501.32333,12.158098,149.66661,10.913803,186.96292,10.064,0.021,9.51,0.019,9.364,0.015,9.283,0.023,9.356,0.02,9.223,0.026,9.496,0.48,,,19.088600158691406,0.0785999968647956,,,,,AAA,0000,AAAC,RS,RS,,,,,,,,,,,,,,,
584,CSS J135558.9+641925,2MASS 13555894+6419253,1670934490816447232,WISEA J135558.94+641925.3,,208.99563116011257,64.32371741648038,1766.184660736142,,1.1,0.05,,13.928503,458.94937,14.415578,122.63087,13.25917,152.17876,12.438,0.022,11.886,0.024,11.758,0.019,11.65,0.023,11.669,0.021,11.433,0.099,9.35,,,,,,,,,,AAA,0000,AAAU,RS,RS,,,,,,,,,,,,,,,
585,ZTF J125735.04+651732.0,2MASS 12573508+6517319,1677287950037819520,WISEA J125735.05+651731.9,,194.3960210114174,65.29221615005402,1397.5638352232145,,3.7,0.06,-0.2214,14.085465,627.57684,14.533603,175.7065,13.459961,209.60558,12.711,0.022,12.245,0.02,12.146,0.021,12.103,0.024,12.142,0.022,12.353,0.306,9.247,,,,,,,,,,AAA,0000,AABU,cut,RS,,,,,,,,,,,,,,,
586,ZTF J125134.06+665532.1,2MASS 12513406+6655320,1679211545630600960,WISEA J125134.06+665532.1,,192.8919492572915,66.92558317551935,1945.8499742096235,,3.28,0.05,-0.1807,15.358648,463.85623,15.900021,136.25162,14.645994,173.32037,13.825,0.029,13.199,0.041,13.131,0.03,12.969,0.024,12.985,0.026,12.702,0.412,9.379,,,,,,,,,,AAA,0000,AACU,RS,SSG,,,,,,,,,,,,,,,
587,ZTF J123038.11+664749.0,2MASS 12303815+6647491,1680848855883397632,WISEA J123038.12+664748.9,GALEX J123038.0+664748,187.65881144326735,66.79693606122797,805.2297597210578,,10.94,0.04,0.2047,13.477537,483.3195,14.077831,145.22874,12.741735,196.79448,11.727,0.022,11.18,0.021,11.045,0.018,10.972,0.022,11.015,0.021,10.91,0.11,9.154,,,,20.749099731445312,0.2020999938249588,,,,,AAA,0000,AABU,SSG,SSG,,,,,,,,,,,,,,,
588,MX Dra,2MASS 12121509+6852598,1683510704814985856,WISEA J121214.92+685259.8,,183.06188295199377,68.8832937776066,202.86245430438768,30.474444444444444,6.4,0.05,,10.237233,109.87113,10.879305,31.818396,9.425941,43.81343,8.457,0.024,7.834,0.018,7.701,0.02,7.403,0.033,7.449,0.02,7.347,0.017,7.111,0.079,,,,,Yes,Variable H-alpha,Normal Emission,Normal Emission,AAA,0000,AAAA,SSG,SSG,,,,,,,,,,,,,,,
589,PMAK V19,2MASS 13353214+7317138,1687685546169961984,WISEA J133532.12+731713.8,GALEX J133532.0+731714,203.88385098622135,73.28716166305801,1079.2838007836936,,12.86,0.04,-0.3171,13.13015,347.61798,13.658632,97.90344,12.442894,134.1497,11.639,0.023,11.066,0.031,10.945,0.023,10.873,0.022,10.89,0.02,10.827,0.069,8.878,,,,19.90130043029785,0.1220000013709068,,,,,AAA,0000,AAAU,RS,SSG,,,,,,,,,,,,,,,
590,DK Dra,2MASS 12154146+7233042,1690218825255945216,WISEA J121541.44+723304.1,GALEX J121541.2+723303,183.92274688865177,72.55108572309328,149.1228961531214,,63.15,0.04,-0.4392,5.8696275,371.21408,6.454032,108.99074,5.1211777,100.78897,4.337,0.292,3.754,0.262,3.608,0.324,3.49,0.432,3.081,0.233,3.425,0.012,3.361,0.02,16.33060073852539,0.032,13.66349983215332,0.0043999999761581,,,,,DDD,HHH0,CBAA,RS,RS,64.44618698588387,0.016786218,0.0109401654653855,0.0018871861,37.55487842714356,0.12502415,35.95117438067585,0.11479944,SB2,1.0446079,1.1490686,1.2535294,1.3579901,1.462451,1.5669117
591,ZTF J142056.40+745017.0,2MASS 14205641+7450170,1700071686391474176,WISEA J142056.41+745017.0,GALEX J142056.3+745017,215.235019366306,74.83806088463153,989.0093895038954,,9.28,0.11,,13.379577,794.6703,13.8113985,232.18895,12.776802,342.56516,12.064,0.027,11.636,0.031,11.528,0.024,11.473,0.023,11.509,0.02,11.394,0.108,9.454,,,,19.67449951171875,0.0460000000894069,,,,,AAA,dd00,AAAU,RS,RS,,,,,,,,,,,,,,,
592,ZTF J152230.78+745033.1,2MASS 15223078+7450329,1700737612480707328,WISEA J152230.79+745033.0,GALEX J152230.8+745033,230.62827649933055,74.84251671735183,1772.93839978215,,5.48,0.07,,14.821465,306.1881,15.335915,100.28231,14.140023,105.65497,13.281,0.023,12.752,0.027,12.709,0.035,12.493,0.023,12.491,0.022,12.056,0.191,9.72,,,,21.121000289916992,0.2070000022649765,,,,,AAA,0000,AABU,RS,RS,,,,,,,,,,,,,,,
593,ZTF J172007.94+774622.6,2MASS 17200794+7746225,1705463588334905344,WISEA J172007.95+774622.5,GALEX J172008.2+774622,260.03310552762366,77.77293820109354,1574.3093095671506,,13.78,0.11,-0.0773,14.209983,342.07104,14.756237,107.67333,13.510963,105.08087,12.513,0.021,11.979,0.019,11.853,0.024,11.842,0.022,11.847,0.021,11.844,0.132,9.474,,,,21.225799560546875,0.2061000019311905,,,,,AAA,0000,AABU,RS,SSG,,,,,,,,,,,,,,,
594,ZTF J160459.24+775134.9,2MASS 16045926+7751348,1707541115555642496,WISEA J160459.27+775134.8,,241.2468684515584,77.8596777124568,1002.7828770293636,,1.11,0.12,-0.2095,13.341387,544.5361,13.890863,162.03996,12.632634,216.22661,11.722,0.022,11.18,0.023,11.036,0.016,10.99,0.022,11.009,0.021,10.896,0.071,9.186,,,,,,,,,,AAA,0000,AAAU,RS,SSG,,,,,,,,,,,,,,,
595,ZTF J152141.81+771331.7,2MASS 15214190+7713319,1708005315621055872,WISEA J152141.87+771331.7,GALEX J152141.9+771332,230.4243203058197,77.22546532014843,838.2337853428817,,0.95,0.1,-0.2067,13.263526,1697.4794,13.718025,412.55505,12.650164,587.33435,11.921,0.021,11.501,0.023,11.418,0.02,11.355,0.023,11.406,0.02,11.265,0.088,9.486,,19.64690017700196,0.1609,19.42480087280273,0.0930000022053718,,,,,AAA,0000,AAAU,RS,RS,,,,,,,,,,,,,,,
596,ZTF J145124.32+775512.7,2MASS 14512431+7755127,1714337300006108672,WISEA J145124.32+775512.7,GALEX J145124.4+775511,222.85136168957845,77.92018865048337,1030.2642583249994,,15.5,0.12,-0.1797,13.829443,527.6362,14.355982,150.55902,13.145017,193.88127,12.229,0.023,11.661,0.021,11.597,0.022,11.577,0.023,11.597,0.02,11.443,0.098,9.15,,,,21.00320053100586,0.2239000052213668,,,,,AAA,0000,AAAU,RS,SSG,,,,,,,,,,,,,,,
597,ZTF J144636.63+775918.0,2MASS 14463663+7759180,1714348363841907968,WISEA J144636.63+775917.9,,221.6526713169341,77.9883122134167,1886.0077036167504,,4.78,0.1,,15.5068,386.37515,16.035852,89.51352,14.809619,125.8195,13.98,0.026,13.391,0.035,13.42,0.045,13.173,0.023,13.182,0.025,12.592,,9.713,,,,,,,,,,AAA,0000,AAUU,RS,SSG,,,,,,,,,,,,,,,
598,GSC 04561-01171,2MASS 13405128+7925550,1715297173657683200,WISEA J134051.32+792554.6,GALEX J134051.2+792554,205.21398888099287,79.43178048047045,319.22838204059974,,22.01,0.09,,11.057189,774.6156,11.624726,230.62349,10.338039,267.62592,9.519,0.023,8.919,0.027,8.776,0.024,8.636,0.022,8.668,0.02,8.559,0.021,8.573,0.248,20.85400009155273,0.1937,18.476600646972656,0.0296999998390674,,,,,AAA,0000,AAAB,RS,RS,,,,,,,,,,,,,,,
599,ZTF J210637.78+021757.3,2MASS 21063778+0217572,1730162845742489472,WISEA J210637.78+021757.2,,316.6574484053426,2.299231805161231,908.7555168715236,,10.37,0.24,-0.5694,13.943249,588.41547,14.50711,172.01581,13.218735,196.23363,12.187,0.023,11.639,0.03,11.52,0.021,11.484,0.023,11.44,0.021,11.493,0.209,8.868,,,,,,,,,,AAA,0000,AABU,RS,SSG,,,,,,,,,,,,,,,
600,ZTF J205354.71+021114.7,2MASS 20535473+0211148,1730638899918153856,WISEA J205354.72+021114.7,GALEX J205354.7+021114,313.47800761904455,2.187421703187444,971.5401241417554,,16.29,0.3,-0.096,13.827388,849.3286,14.481095,254.27898,13.015338,307.13126,11.95,0.022,11.357,0.023,11.188,0.024,11.069,0.023,11.113,0.021,10.911,0.133,8.215,,,,21.4591007232666,0.2143999934196472,,,,,AAA,0000,AABU,SSG,SSG,,,,,,,,,,,,,,,
601,ZTF J210206.65+033119.2,2MASS 21020665+0331193,1731292662660209024,WISEA J210206.65+033119.2,,315.52774254876323,3.5219992611685265,1736.7978455166185,,8.08,0.3,-1.0073,14.507082,1266.8546,15.1301,359.25125,13.745583,407.18674,12.696,0.023,12.091,0.024,11.895,0.023,11.923,0.023,11.954,0.022,12.113,0.403,8.588,,,,,,,,,,AAA,0000,AACU,RS,SSG,,,,,,,,,,,,,,,
602,CSS J210247.4+035650,2MASS 21024745+0356504,1731344305346824576,WISEA J210247.46+035650.2,,315.6977709724579,3.9472565444068177,912.1376622892913,,5.72,0.27,-0.183,13.25265,320.31662,13.878535,94.06299,12.489543,126.48494,11.729,0.023,11.083,0.024,10.935,0.024,10.619,0.023,10.629,0.02,10.282,0.076,8.753,,,,,,,,,,AAA,0000,AAAU,RS,SSG,,,,,,,,,,,,,,,
603,CSS J211049.6+024900,2MASS 21104972+0249013,1731665324087808640,WISEA J211049.73+024901.3,GALEX J211049.7+024901,317.70723416824126,2.817068547801894,1407.0082680608057,,12.55,0.25,-0.1597,14.670551,398.7314,15.221867,106.42316,13.956055,148.7109,13.007,0.027,12.476,0.028,12.36,0.027,12.303,0.024,12.323,0.024,11.67,,8.865,,,,21.83810043334961,0.3815000057220459,,,,,AAA,0000,AAUU,RS,SSG,,,,,,,,,,,,,,,
604,ZTF J210810.54+050938.2,2MASS 21081052+0509380,1733034117279395456,WISEA J210810.53+050938.1,GALEX J210810.4+050938,317.04391289035874,5.160603780623434,1021.6665610192116,,7.49,0.31,-0.5801,13.469589,254.34666,13.9812975,87.070335,12.781679,78.92943,11.704,0.023,11.151,0.025,10.984,0.022,10.983,0.022,10.971,0.02,10.916,0.117,9.046,,,,19.58989906311035,0.1020999997854232,,,,,AAA,0000,AABU,RS,SSG,,,,,,,,,,,,,,,
605,CSS J211202.8+052303,2MASS 21120278+0523039,1733379363930654336,WISEA J211202.78+052303.7,GALEX J211202.9+052305,318.0116181279613,5.384363507901518,1206.2745342769374,,6.81,0.3,-0.1001,14.436577,169.65459,15.183085,45.871296,13.576432,60.835682,12.198,0.023,11.582,0.025,11.388,0.025,11.392,0.023,11.389,0.021,11.389,0.179,8.579,,,,21.645000457763672,0.2736000120639801,,,,,AAA,0000,AABU,SSG,SSG,,,,,,,,,,,,,,,
606,ZTF J204302.55+035722.5,2MASS 20430254+0357225,1735039420330650880,WISEA J204302.55+035722.0,,310.76062918335373,3.9562332161042537,1755.1204236528536,,1.14,0.26,-0.333,14.490582,811.886,14.967673,242.62949,13.839551,262.2525,12.951,0.035,12.475,0.034,12.406,0.035,12.502,0.043,12.501,0.043,11.623,,8.116,,,,,,,,,,AAA,0000,AAUU,RS,RS,,,,,,,,,,,,,,,
607,QU Del,2MASS 20492285+0647391,1736112509320818560,WISEA J204922.83+064739.0,GALEX J204922.8+064739,312.3450903343498,6.794144987323872,267.63985695059273,,9.05,0.24,,9.889213,1415.389,10.278721,484.75305,9.324598,528.87335,8.684,0.05,8.275,0.069,8.162,0.017,8.091,0.024,8.129,0.021,8.041,0.02,8.268,0.28,20.789400100708008,0.2381,15.520999908447266,0.0114000001922249,,,,,AAA,0000,AAAB,RS,RS,9.20011857886024,0.0004949647,0.0178736421436216,0.011234491,56.14421093402153,0.75631195,58.93599848158294,0.9801765,SB2,0.95263016,1.0478932,1.1431562,1.2384193,1.3336823,1.4289453
608,UV Equ,2MASS 21070712+0632323,1736744247468720256,WISEA J210707.09+063231.9,GALEX J210707.1+063231,316.77953287653554,6.542216951409636,258.5109558718694,,7.23,0.19,-0.4599,9.717067,1768.7759,10.111455,540.10254,9.136756,587.00275,8.412,0.026,8.025,0.033,7.869,0.027,7.73,0.026,7.788,0.021,7.739,0.02,7.646,0.187,19.27879905700684,0.0932,14.72819995880127,0.0071000000461936,,,,,AAA,0000,AAAB,RS,RS,,,,,,,,,,,,,,,
609,ZTF J205555.50+065310.3,2MASS 20555550+0653101,1737427697024749440,WISEA J205555.49+065310.3,GALEX J205555.5+065310,313.9812599350048,6.88619679115484,986.3114598225771,,9.88,0.21,-0.59,13.328035,220.52986,13.87889,67.3711,12.587885,69.75915,11.3,0.019,10.696,0.03,10.549,0.022,10.509,0.023,10.499,0.021,10.377,0.079,8.837,,,,19.8174991607666,0.1026000007987022,,,,,AAA,0000,AAAU,cut,SSG,,,,,,,,,,,,,,,
610,ZTF J205530.55+080351.1,2MASS 20553054+0803511,1737802763634455040,WISEA J205530.57+080351.4,,313.8772967220422,8.06419138195545,1832.242596046293,,5.06,0.28,-0.2494,15.606808,130.6031,16.382856,34.084972,14.667677,49.710747,13.333,0.024,12.619,0.032,12.435,0.029,12.224,0.024,12.182,0.024,11.906,0.287,8.896,,,,,,,,,,AAA,0000,AABU,cut,SSG,,,,,,,,,,,,,,,
611,ZTF J205946.24+093040.5,2MASS 20594624+0930402,1738388670187679616,WISEA J205946.24+093040.4,GALEX J205946.2+093041,314.94269376184366,9.511219357405212,1968.3166689139257,,6.31,0.16,-0.3547,15.581915,433.6358,16.177166,131.21422,14.823029,136.59354,13.542,0.025,13.016,0.026,12.892,0.033,12.886,0.024,12.832,0.026,12.204,0.32,9.218,,,,22.230300903320312,0.4307999908924103,,,,,AAA,0000,AABU,SSG,SSG,,,,,,,,,,,,,,,
612,ZTF J212308.74+055102.0,2MASS 21230875+0551022,1738618227598955136,WISEA J212308.75+055102.0,GALEX J212308.7+055102,320.78644841311217,5.850563352802544,1639.562917718397,,12.29,0.23,-0.1712,14.651297,566.5394,15.180742,167.38187,13.953683,191.63669,12.984,0.024,12.416,0.024,12.338,0.027,12.34,0.023,12.349,0.023,11.672,,8.802,,,,20.88369941711425,0.2382999956607818,,,,,AAA,0000,AAUU,RS,SSG,,,,,,,,,,,,,,,
613,CSS J212540.2+063931,2MASS 21254023+0639311,1739236084414546816,WISEA J212540.23+063931.1,,321.4176609015021,6.65865815691309,1844.2851091363195,,14.0,0.18,-0.1552,15.220443,390.71628,15.731955,132.51775,14.536585,142.76453,13.723,0.028,13.15,0.033,13.033,0.029,12.914,0.024,12.926,0.028,12.018,0.36,9.125,,,,,,,,,,AAA,0000,AACU,RS,SSG,,,,,,,,,,,,,,,
614,CSS J212728.1+074200,2MASS 21272817+0742007,1739454681070270976,WISEA J212728.16+074200.6,,321.86733728629326,7.700185989836555,1722.9226009886474,,3.75,0.16,-0.5216,15.601089,658.29504,16.27858,162.87552,14.781708,224.72482,13.598,0.03,12.993,0.035,12.834,0.034,12.678,0.023,12.6,0.025,12.011,0.385,8.88,,,,,,,,,,AAA,0000,AACU,SSG,SSG,,,,,,,,,,,,,,,
615,ZTF J211607.55+070524.3,2MASS 21160755+0705241,1739841292550831488,WISEA J211607.55+070524.1,GALEX J211607.6+070526,319.0314824687823,7.090064502394821,1535.0065663630496,,5.55,0.2,-0.1601,14.832257,821.6709,15.454259,240.35277,14.060044,280.9239,13.067,0.026,12.418,0.025,12.296,0.023,12.251,0.023,12.23,0.023,12.354,0.438,8.725,,,,21.30150032043457,0.2653000056743622,,,,,AAA,0000,AACU,SSG,SSG,,,,,,,,,,,,,,,
616,ZTF J212829.74+103103.2,2MASS 21282974+1031033,1742309769170154880,WISEA J212829.74+103103.2,GALEX J212829.6+103101,322.12393269223475,10.517538112134638,1607.7622738336263,,8.07,0.13,-0.0381,14.62573,444.0619,15.202126,141.8907,13.882866,122.28075,12.8,0.024,12.197,0.022,12.097,0.021,12.045,0.023,12.042,0.023,11.533,0.221,8.591,,,,21.22879981994629,0.3522999882698059,,,,,AAA,0000,AABU,RS,SSG,,,,,,,,,,,,,,,
617,ZTF J211416.76+082619.8,2MASS 21141676+0826200,1743139934808935040,WISEA J211416.77+082619.7,GALEX J211416.7+082619,318.5698924014941,8.438829417135263,1602.578938354874,,6.79,0.27,-0.5967,14.561955,979.931,15.034218,288.47327,13.910727,313.0418,13.087,0.03,12.564,0.024,12.446,0.026,12.404,0.022,12.4,0.024,11.955,0.333,8.832,,,,20.210599899291992,0.1076999977231025,,,,,AAA,0000,AABU,RS,SSG,,,,,,,,,,,,,,,
618,ZTF J210903.56+082641.3,2MASS 21090358+0826414,1743235141347608832,WISEA J210903.58+082641.2,,317.26487814775135,8.444794341491741,1078.608769777576,,2.34,0.33,-0.1999,14.33653,315.85825,15.048984,94.732574,13.498398,113.045525,12.286,0.023,11.641,0.025,11.496,0.023,11.384,0.023,11.388,0.02,11.2,0.147,8.839,,,,,,,,,,AAA,0000,AABU,cut,SSG,,,,,,,,,,,,,,,
619,CSS J210749.6+082430,2MASS 21074961+0824304,1743260430115051520,WISEA J210749.61+082430.3,GALEX J210749.5+082430,316.9567002771683,8.408433804302359,1083.658055765547,,16.23,0.34,,13.086975,585.0115,13.700608,160.67781,12.324798,195.74713,11.287,0.024,10.711,0.022,10.564,0.022,10.403,0.023,10.436,0.021,10.413,0.08,8.655,,,,20.59720039367676,0.1555999964475631,,,,,AAA,0000,AAAU,RS,RS,,,,,,,,,,,,,,,
620,UY Equ,2MASS 21105419+0858164,1743397083091392896,WISEA J211054.19+085816.2,GALEX J211054.1+085816,317.72584035066535,8.971171691694773,371.3944655849096,,14.01,0.3,-0.0989,10.948202,268.88354,11.488822,76.66346,10.243441,94.4508,9.567,0.025,9.0,0.023,8.881,0.026,8.68,0.022,8.684,0.019,8.593,0.026,8.284,0.353,21.649900436401367,0.4913,18.393699645996097,0.063400000333786,,,,,AAA,0000,AAAB,RS,RS,11.561452759932076,0.0031050101,0.0675594172973444,0.027665583,27.78486054485095,0.7034879,,,SB1,0.3616553,0.38279983,0.40326098,0.42311633,0.44242936,0.4612529
621,ZTF J210832.55+085926.6,2MASS 21083257+0859268,1743409035985787648,WISEA J210832.57+085926.6,GALEX J210832.5+085927,317.13568148983626,8.99072054961955,984.0668474808948,,5.26,0.43,-0.5011,12.900056,621.1293,13.431657,208.76707,12.204054,211.83168,11.269,0.022,10.716,0.023,10.581,0.025,10.487,0.023,10.497,0.021,10.494,0.1,8.666,,,,19.06110000610352,0.0736000016331672,,,,,AAA,0000,AAAU,RS,SSG,,,,,,,,,,,,,,,
622,RV Equ,2MASS 21145359+0859370,1743547578744848640,WISEA J211453.59+085936.9,GALEX J211453.6+085936,318.7233471708746,8.99359022549086,297.5770180170628,,84.0,0.31,0.0195,9.056274,393.92114,9.614901,109.53665,8.336509,138.17632,7.436,0.023,6.8,0.027,6.718,0.02,6.603,0.079,6.599,0.023,6.58,0.016,6.503,0.075,20.611400604248047,0.2489,16.292999267578125,0.0204000007361173,,,,,AAA,0000,AAAA,RS,RS,,,,,,,,,,,,,,,
623,ZTF J210543.20+092742.6,2MASS 21054320+0927426,1744154676665795200,WISEA J210543.20+092742.5,GALEX J210543.1+092743,316.4300183427266,9.461836675202573,1664.5088766722463,,6.79,0.26,,14.163301,892.8157,14.635774,287.94446,13.512991,261.78586,12.61,0.024,12.064,0.023,11.932,0.024,11.863,0.024,11.86,0.022,11.974,0.31,8.824,,,,19.88949966430664,0.093299999833107,,,,,AAA,0000,AABU,RS,RS,,,,,,,,,,,,,,,
624,ZTF J210332.06+092005.0,2MASS 21033205+0920051,1744316240452006784,WISEA J210332.06+092005.0,GALEX J210332.0+092005,315.883594795748,9.334741776005483,1586.8723399543942,,10.82,0.22,-0.5951,13.968581,568.22064,14.623964,137.95654,13.163695,169.18962,12.102,0.021,11.512,0.024,11.324,0.025,11.301,0.023,11.327,0.021,11.178,0.147,8.958,,,,21.654199600219727,0.2208999991416931,,,,,AAA,0000,AABU,cut,SSG,,,,,,,,,,,,,,,
625,ZTF J211409.95+112000.1,2MASS 21140994+1120003,1744862010536587264,WISEA J211409.94+112000.1,GALEX J211409.9+111958,318.5414600560365,11.333348431314468,1107.156425162734,,4.37,0.26,,14.627437,272.9734,15.307628,76.05354,13.807007,93.60754,12.675,0.022,12.112,0.022,11.926,0.025,11.824,0.023,11.781,0.022,11.947,0.327,8.773,,,,22.373699188232425,0.4347000122070312,,,,,AAA,0000,AABU,SSG,SSG,,,,,,,,,,,,,,,
626,ZTF J211219.03+113507.4,2MASS 21121903+1135074,1745071776739179904,WISEA J211219.03+113507.3,GALEX J211219.0+113507,318.0793270406758,11.585362700831288,874.5375131833354,,5.41,0.28,-0.4999,13.898158,273.9989,14.553167,82.53003,13.106725,107.69848,12.174,0.024,11.558,0.021,11.379,0.021,11.25,0.023,11.243,0.022,11.409,0.204,8.444,,,,21.624799728393555,0.2433999925851822,,,,,AAA,dd00,AABU,SSG,SSG,,,,,,,,,,,,,,,
627,CSS J212521.5+115542,2MASS 21252158+1155428,1746022716857827456,WISEA J212521.58+115542.7,GALEX J212521.5+115544,321.33993812998114,11.928541614763947,1130.1707731445624,,4.81,0.22,-0.0105,14.013524,298.92416,14.654961,87.93457,13.234382,108.894585,12.166,0.024,11.507,0.03,11.371,0.02,11.251,0.023,11.258,0.02,11.021,0.156,8.509,,,,21.51449966430664,0.3513999879360199,,,,,AAA,0000,AABU,SSG,SSG,,,,,,,,,,,,,,,
628,CSS J212147.7+115830,2MASS 21214778+1158301,1746457230109132544,WISEA J212147.78+115830.0,GALEX J212147.7+115829,320.44911914922545,11.975000616946948,1082.590189406559,,1.07,0.19,-0.2166,14.03168,349.3431,14.63432,100.51565,13.282284,134.38701,12.281,0.027,11.676,0.023,11.556,0.023,11.494,0.023,11.506,0.021,11.225,0.173,8.985,,,,21.13120079040528,0.231900006532669,,,,,AAA,0000,AABU,RS,SSG,,,,,,,,,,,,,,,
629,ASAS J204258+0616.5,2MASS 20425798+0616344,1747980156794126848,WISEA J204257.98+061634.3,,310.7415947748541,6.276203675890394,968.0626469069344,,82.2,0.22,-0.0428,10.745186,451.4873,11.353838,123.59379,10.000786,166.91634,9.246,0.029,8.532,0.034,8.417,0.025,8.247,0.023,8.308,0.02,8.192,0.02,8.374,0.245,,,,,,,,,AAA,0000,AAAB,cut,RS,53.19181758597198,0.01998789,0.4175587701524706,0.011775744,15.752750131202204,0.22462286,,,SB1,0.30134225,0.31928518,0.33665335,0.35351175,0.36991367,0.38590342
630,ZTF J204633.84+073802.4,2MASS 20463385+0738025,1748235204834653440,WISEA J204633.85+073802.3,GALEX J204633.8+073803,311.6410364689329,7.633980728658863,1127.1991534319409,,0.66,0.23,-0.1611,14.117782,525.28876,14.624148,145.73209,13.445489,207.27597,12.455,0.022,11.956,0.024,11.85,0.025,11.856,0.023,11.863,0.022,11.913,0.218,8.661,,,,20.334699630737305,0.1398999989032745,,,,,AAA,h000,AABU,RS,SSG,,,,,,,,,,,,,,,
631,ZTF J203829.90+071407.9,2MASS 20382990+0714078,1748333374904975232,WISEA J203829.90+071407.8,,309.6245977158143,7.2355065848688,1491.21475785375,,10.72,0.23,-0.1823,14.025823,290.91132,14.666405,91.50709,13.241418,104.89747,11.852,0.024,11.282,0.022,11.117,0.023,11.405,0.023,11.325,0.02,12.018,0.43,8.747,,,,,,,,,,AAA,0000,AACU,RS,SSG,,,,,,,,,,,,,,,
632,ZTF J204030.34+073626.4,2MASS 20403035+0736265,1748376324578202880,WISEA J204030.34+073626.4,GALEX J204030.3+073626,310.12643353902143,7.60734178531812,1412.043726326546,,9.77,0.22,-0.01,14.455183,684.40186,15.005429,170.47803,13.749833,261.6806,12.958,0.026,12.444,0.032,12.309,0.026,12.18,0.023,12.223,0.025,12.528,0.507,9.106,,,,21.818099975585938,0.3680000007152557,,,,,AAA,dddD,AACU,RS,SSG,,,,,,,,,,,,,,,
633,ZTF J204328.34+074650.4,2MASS 20432837+0746505,1748439512136644992,WISEA J204328.36+074650.5,GALEX J204328.4+074651,310.8681354254036,7.780656857374006,1317.4097981432033,,4.5,0.19,,14.012376,1039.1929,14.457433,283.99448,13.396713,417.98746,12.667,0.027,12.149,0.026,12.116,0.026,11.969,0.023,12.014,0.023,11.632,0.178,9.345,,,,18.871299743652344,0.0584000013768672,,,,,AAA,0000,AABU,RS,RS,,,,,,,,,,,,,,,
634,ZTF J204931.84+083500.6,2MASS 20493181+0835003,1750079708606156160,WISEA J204931.83+083500.4,GALEX J204931.8+083500,312.38265669251217,8.583489772393085,929.641855789085,,11.72,0.22,-0.5905,12.521261,1736.6514,12.943331,603.16516,11.919499,566.7509,11.106,0.023,10.626,0.024,10.473,0.021,10.493,0.023,10.482,0.02,10.244,0.08,8.589,,,,17.54010009765625,0.0248000007122755,,,,,AAA,0000,AAAU,RS,RS,,,,,,,,,,,,,,,
635,ZTF J205449.25+091728.7,2MASS 20544926+0917288,1750331011436125184,WISEA J205449.26+091728.7,GALEX J205449.2+091729,313.70524603785327,9.291290582542551,1542.4403377150902,,17.2,0.24,-0.0406,14.223328,2334.135,14.664054,541.1799,13.619741,782.0089,12.914,0.027,12.502,0.028,12.373,0.025,12.342,0.023,12.406,0.023,12.502,0.537,8.864,,,,20.67259979248047,0.1196999996900558,,,,,AAA,0000,AACU,RS,RS,,,,,,,,,,,,,,,
636,QX Del,2MASS 20555087+1023407,1750702032187797504,WISEA J205550.88+102340.6,GALEX J205550.8+102340,313.9620129182522,10.394609481876389,493.09842607644015,,10.15,0.39,,11.094249,1083.5857,11.553858,327.64746,10.456206,332.34085,9.596,0.022,9.089,0.031,8.931,0.021,8.846,0.022,8.862,0.02,8.748,0.026,8.326,,,,17.133399963378906,0.02449999935925,,,,,AAA,0000,AAAU,RS,RS,,,,,,,,,,,,,,,
637,ZTF J205259.86+103844.1,2MASS 20525986+1038441,1751515395914838144,WISEA J205259.86+103843.9,GALEX J205259.8+103845,313.24943428667876,10.64557896903247,1495.2285273924722,,6.32,0.26,,15.101221,493.66364,15.709178,133.72061,14.346065,169.60902,13.39,0.026,12.754,0.035,12.637,0.024,12.496,0.023,12.494,0.023,12.327,0.466,9.003,,,,22.08639907836914,0.3212000131607055,,,,,AAA,0000,AACU,RS,SSG,,,,,,,,,,,,,,,
638,ZTF J202723.02+091419.8,2MASS 20272302+0914198,1752439157482745216,WISEA J202723.01+091419.7,,306.8459136533785,9.238826304189702,1417.202537070273,,7.35,0.34,-0.2449,14.8493805,537.831,15.444098,130.38083,14.099153,196.47044,13.141,0.028,12.526,0.022,12.399,0.024,12.362,0.023,12.347,0.023,12.489,0.528,8.954,,,,,,,,,,AAA,0000,AACU,RS,SSG,,,,,,,,,,,,,,,
639,ZTF J203024.28+091548.5,2MASS 20302428+0915486,1752568590616324736,WISEA J203024.28+091548.5,,307.60117598586965,9.263467433849414,1595.2766252763013,,0.9,0.29,,15.104485,822.49756,15.616105,216.99002,14.42468,190.52542,13.579,0.029,13.115,0.026,12.989,0.034,13.013,0.025,13.054,0.027,12.514,,8.407,,,,,,,,,,AAA,0000,AAUU,RS,SSG,,,,,,,,,,,,,,,
640,ZTF J202554.89+103231.2,2MASS 20255490+1032313,1753716308958973568,WISEA J202554.90+103231.4,,306.47875534274334,10.542005591124544,1948.8071446222953,,12.24,0.35,-0.2207,15.273388,726.37317,15.88753,220.42233,14.5160885,239.37183,13.451,0.027,12.842,0.023,12.691,0.033,12.639,0.024,12.642,0.024,11.631,0.2,8.751,,,,,,,,,,AAA,0000,AABU,RS,SSG,,,,,,,,,,,,,,,
641,ZTF J203741.52+095718.5,2MASS 20374151+0957186,1754179027256630016,WISEA J203741.51+095718.5,GALEX J203741.5+095718,309.42299186634017,9.955118619041077,667.6596154576926,,7.1,0.26,,12.372168,747.43445,12.827826,225.76494,11.752064,286.50473,10.95,0.023,10.504,0.023,10.426,0.023,10.365,0.023,10.394,0.02,10.359,0.065,8.974,,,,18.518999099731445,0.0456000007688999,,,,,AAA,0000,AAAU,RS,RS,,,,,,,,,,,,,,,
642,ZTF J203712.93+111615.4,2MASS 20371294+1116155,1754605985662616192,WISEA J203712.93+111615.5,,309.30389530175023,11.270944458489728,1591.1341010197134,,0.9,0.27,-0.2699,14.736329,898.21094,15.200793,202.21495,14.099516,298.6449,13.384,0.026,12.926,0.025,12.796,0.029,12.722,0.023,12.711,0.025,12.102,,9.338,,,,,,,,,,AAA,0000,AAUU,RS,SSG,,,,,,,,,,,,,,,
643,ZTF J202622.44+120044.1,2MASS 20262244+1200440,1755652961252495232,WISEA J202622.44+120044.0,GALEX J202622.5+120044,306.59351896097013,12.012243476936606,1580.0216831260716,,8.6,0.29,-0.8003,13.307566,464.90952,13.807551,153.95319,12.629839,143.47777,11.515,0.021,10.987,0.022,10.832,0.018,10.862,0.023,10.818,0.021,10.679,0.108,8.649,,,,18.71809959411621,0.0397000014781951,,,,,AAA,0000,AAAU,RS,SSG,,,,,,,,,,,,,,,
644,ZTF J203158.08+120314.3,2MASS 20315808+1203144,1755700308970373376,WISEA J203158.08+120314.2,,307.9920098814486,12.053957229560938,940.478344435098,,15.06,0.23,-0.1799,13.136915,288.9896,13.792241,87.35105,12.328186,106.938515,11.059,0.023,10.443,0.03,10.239,0.021,10.186,0.022,10.144,0.019,10.164,0.081,8.292,,,,,,,,,,AAA,0000,AAAU,cut,SSG,,,,,,,,,,,,,,,
645,ZTF J210803.35+112503.9,2MASS 21080336+1125038,1757014255428422784,WISEA J210803.35+112503.8,GALEX J210803.5+112504,317.01397647175736,11.41773568249087,1638.6255404830613,,7.56,0.38,,15.185117,421.76898,15.843189,116.449234,14.383597,120.12048,13.187,0.025,12.587,0.025,12.455,0.031,12.423,0.023,12.345,0.023,12.219,,9.123,,,,21.920499801635746,0.4835000038146972,,,,,AAA,0000,AAUU,SSG,SSG,,,,,,,,,,,,,,,
646,ZTF J210309.87+112500.8,2MASS 21030986+1125006,1757060817168801408,WISEA J210309.87+112500.7,,315.79113722279504,11.416864350717766,936.2941943377452,,11.4,0.24,-0.0981,13.048797,205.18478,13.700948,62.602596,12.272743,81.94341,11.098,0.022,10.523,0.026,10.374,0.023,10.363,0.023,10.353,0.021,10.118,0.062,8.912,,,,,,,,,,AAA,dd00,AAAU,cut,SSG,,,,,,,,,,,,,,,
647,ZTF J205554.68+112614.7,2MASS 20555468+1126147,1757579717938351488,WISEA J205554.68+112614.7,GALEX J205554.6+112615,313.9778438327979,11.437393263523916,1773.393235998425,,6.85,0.3,-0.213,14.965998,635.42017,15.456175,172.10126,14.306066,198.5895,13.491,0.025,13.033,0.032,12.955,0.03,12.812,0.023,12.786,0.025,12.065,,8.991,,,,21.3971004486084,0.3079999983310699,,,,,AAA,0000,AAUU,RS,SSG,,,,,,,,,,,,,,,
648,ZTF J210152.32+125434.7,2MASS 21015233+1254346,1758255677070949632,WISEA J210152.33+125434.6,GALEX J210152.3+125435,315.46804903574406,12.909616919882597,1855.731567184375,,4.15,0.32,-0.0693,14.981815,671.8559,15.51807,179.58029,14.2775955,239.05959,13.43,0.025,12.846,0.032,12.81,0.03,12.618,0.023,12.68,0.026,12.607,,9.072,,,,21.420000076293945,0.2610999941825866,,,,,AAA,hhH0,AAUU,RS,SSG,,,,,,,,,,,,,,,
649,ZTF J210250.83+125915.8,2MASS 21025082+1259156,1758260246915972608,WISEA J210250.83+125915.7,GALEX J210250.7+125916,315.7118225470237,12.987693862899432,1562.2188223289786,,1.13,0.3,-0.0353,14.903976,715.0089,15.473217,226.06001,14.175989,217.16557,13.266,0.027,12.683,0.034,12.594,0.027,12.513,0.022,12.58,0.026,12.039,,8.749,,,,18.98310089111328,0.1076999977231025,,,,,AAA,0000,AAUU,RS,SSG,,,,,,,,,,,,,,,
650,ZTF J210150.14+140145.4,2MASS 21015015+1401455,1758579616388740352,WISEA J210150.14+140145.3,,315.4589450919786,14.029269493806366,1890.2172674648164,,11.7,0.27,,14.647084,864.52795,15.158618,278.05997,13.964618,293.7213,12.92,0.031,12.411,0.041,12.276,0.029,12.276,0.036,12.283,0.033,11.816,0.268,8.257,,,,,,,,,,AAA,0000,AABU,RS,RS,,,,,,,,,,,,,,,
651,ZTF J211416.14+135458.1,2MASS 21141615+1354581,1759500663535503872,WISEA J211416.14+135458.0,,318.5673048406574,13.916128256774671,1443.5668596429848,,4.23,0.21,-0.2085,14.741549,848.2911,15.411204,214.08186,13.945728,266.69458,12.947,0.026,12.309,0.026,12.144,0.023,11.98,0.023,11.969,0.021,12.059,0.345,8.621,,,,,,,,,,AAA,0000,AABU,SSG,SSG,,,,,,,,,,,,,,,
652,ZTF J211611.06+143528.4,2MASS 21161108+1435286,1759552516675965312,WISEA J211611.07+143528.4,,319.0461240894462,14.591206276181614,1714.0790163432507,,6.97,0.29,-0.3072,14.804649,297.3529,15.46513,90.630196,13.988993,90.192314,12.914,0.023,12.253,0.023,12.1,0.025,11.999,0.024,11.978,0.022,11.61,0.196,9.049,,,,,,,,,,AAA,0000,AABU,SSG,SSG,,,,,,,,,,,,,,,
653,ZTF J211526.21+145111.0,2MASS 21152620+1451110,1759711705343356544,WISEA J211526.21+145110.9,GALEX J211526.2+145110,318.85923273570586,14.85304154060824,921.773035958854,,0.61,0.27,-0.341,12.646045,594.3294,13.095807,213.77051,12.022859,175.9976,11.193,0.024,10.671,0.031,10.574,0.024,10.399,0.023,10.395,0.021,10.275,0.058,8.977,,,,18.11669921875,0.0469000004231929,,,,,AAA,0000,AAAU,RS,RS,,,,,,,,,,,,,,,
654,CSS J210842.8+143543,2MASS 21084284+1435432,1760030357557579264,WISEA J210842.84+143543.3,,317.17849562572945,14.59538817978968,1647.8238527818637,,2.02,0.28,-0.2197,14.964037,460.7871,15.579884,122.81584,14.195263,182.42168,13.175,0.024,12.567,0.022,12.383,0.023,12.3,0.023,12.302,0.024,12.103,0.339,9.009,,,,,,,,,,AAA,0000,AABU,RS,SSG,,,,,,,,,,,,,,,
655,QS Del,2MASS 20475170+1350284,1761413852424176000,WISEA J204751.69+135028.3,GALEX J204751.6+135028,311.9653783536952,13.841168256661506,1004.2997726641084,,17.94,0.25,-0.1375,11.427182,489.27856,12.028031,156.24602,10.655914,207.93488,9.661,0.02,9.091,0.022,8.906,0.019,8.857,0.022,8.881,0.019,8.739,0.025,8.789,0.486,,,19.074499130249023,0.06700000166893,,,,,AAA,0000,AAAC,cut,SSG,,,,,,,,,,,,,,,
656,ZTF J205737.84+141845.3,2MASS 20573784+1418453,1761640557977526272,WISEA J205737.84+141845.2,GALEX J205737.8+141847,314.4076798224819,14.312583172133063,1355.2460130320146,,6.17,0.29,,14.424889,446.0037,15.0340185,128.26389,13.666082,165.50183,12.529,0.023,11.98,0.03,11.818,0.023,11.724,0.023,11.722,0.021,11.822,0.236,8.376,,,,21.502599716186523,0.3488000035285949,,,,,AAA,0000,AABU,RS,RS,,,,,,,,,,,,,,,
657,ZTF J205520.79+152049.8,2MASS 20552078+1520497,1762009444127883008,WISEA J205520.78+152049.7,,313.8366190442606,15.347158177286692,1626.5646885025833,,3.09,0.24,-0.2202,15.194346,229.88458,15.898966,65.64852,14.371908,76.59682,13.189,0.024,12.61,0.035,12.42,0.025,12.299,0.024,12.277,0.024,11.933,0.322,8.824,,,,,,,,,,AAA,0000,AABU,SSG,SSG,,,,,,,,,,,,,,,
658,ZTF J204027.21+135642.7,2MASS 20402722+1356428,1762315692476350464,WISEA J204027.21+135642.7,,310.1133860422834,13.945179985601614,1254.1361792627931,,8.52,0.3,,15.029178,450.77176,15.746279,130.97446,14.186051,180.96341,12.891,0.021,12.259,0.023,12.097,0.022,12.07,0.023,12.012,0.023,11.872,0.255,9.031,,,,,,,,,,AAA,hh00,AABU,SSG,SSG,,,,,,,,,,,,,,,
659,ZTF J205056.40+151747.7,2MASS 20505638+1517477,1762754878651643520,WISEA J205056.39+151747.7,GALEX J205056.4+151748,312.73498318121386,15.296585549112292,1658.0398729266458,,8.09,0.18,,13.877805,1438.6068,14.314091,425.00546,13.271213,348.709,12.555,0.025,12.126,0.03,12.02,0.023,11.963,0.022,12.005,0.022,11.877,0.295,8.598,,,,20.268999099731445,0.1247999966144561,,,,,AAA,0000,AABU,RS,RS,,,,,,,,,,,,,,,
660,ZTF J205703.11+171622.0,2MASS 20570310+1716218,1764551991750618752,WISEA J205703.10+171621.8,GALEX J205703.2+171622,314.2629409275536,17.272744913488218,929.5721704951652,,0.92,0.26,-0.1602,13.589365,440.82675,14.1620035,139.5398,12.867494,172.4139,11.836,0.023,11.319,0.027,11.196,0.019,11.131,0.023,11.149,0.02,10.878,0.106,8.59,,,,20.680200576782227,0.2205000072717666,,,,,AAA,0000,AAAU,RS,SSG,,,,,,,,,,,,,,,
661,ZTF J210212.10+183115.2,2MASS 21021211+1831150,1765115564476717824,WISEA J210212.11+183115.0,GALEX J210212.1+183116,315.5504493555081,18.52086404770066,1899.6002358520568,,1.94,0.23,-0.3429,12.940436,1512.9148,13.211143,644.1179,12.510583,388.81912,11.923,0.022,11.559,0.028,11.502,0.021,11.428,0.022,11.457,0.021,11.351,0.176,8.654,,20.867900848388672,0.2595,17.050800323486328,0.0276999995112419,,,,,AAA,0000,AABU,RS,RS,,,,,,,,,,,,,,,
662,QY Del,2MASS 20590249+1847021,1765354016765575680,WISEA J205902.49+184702.0,GALEX J205902.5+184702,314.760366424822,18.7838814254971,334.51614986132205,,3.62,0.36,-0.1316,10.947775,585.90405,11.503868,175.5885,10.145879,193.09683,9.139,0.024,8.573,0.029,8.408,0.023,8.325,0.023,8.32,0.02,8.216,0.022,8.116,0.194,21.8567008972168,0.4072,18.26180076599121,0.0520999990403652,,,,,AAA,0000,AAAB,RS,SSG,,,,,,,,,,,,,,,
663,CSS J214022.0+113434,2MASS 21402203+1134340,1766604268859576320,WISEA J214022.03+113433.9,,325.09180888270754,11.576099395845276,1389.764217355349,,10.29,0.26,-0.603,15.452467,226.61717,16.193102,62.214737,14.595168,81.75927,13.101,0.024,12.474,0.026,12.392,0.029,12.353,0.023,12.326,0.023,12.004,0.34,8.772,,,,,,,,,,AAA,0000,AABU,SSG,SSG,,,,,,,,,,,,,,,
664,CSS J213812.6+115420,2MASS 21381269+1154206,1766857740649574016,WISEA J213812.69+115420.5,GALEX J213812.6+115421,324.55292129590305,11.905719208780148,1186.0751831938808,,6.73,0.34,-0.0403,14.370464,331.32736,15.014405,97.76232,13.592666,117.25836,12.628,0.022,12.003,0.021,11.826,0.023,11.74,0.024,11.739,0.022,11.6,0.187,8.625,,,,21.02470016479492,0.2560000121593475,,,,,AAA,0000,AABU,RS,SSG,,,,,,,,,,,,,,,
665,CSS J214742.8+131257,2MASS 21474280+1312570,1767275658147177984,WISEA J214742.80+131257.3,GALEX J214742.7+131258,326.92834699439464,13.215899178514157,1090.3767263629163,,5.58,0.26,-0.3434,14.368379,171.29004,15.078681,48.797745,13.526756,61.699116,12.203,0.021,11.575,0.022,11.423,0.022,11.341,0.024,11.334,0.021,11.172,0.16,8.746,,,,21.45439910888672,0.2520000040531158,,,,,AAA,0000,AABU,cut,SSG,,,,,,,,,,,,,,,
666,CSS J214236.8+132703,2MASS 21423688+1327031,1767491024987491840,WISEA J214236.86+132703.1,,325.6535838229611,13.450881778921186,1954.8267224399335,,3.93,0.32,,15.138848,416.8347,15.761734,111.63704,14.366329,138.44916,13.363,0.024,12.791,0.026,12.601,0.028,12.458,0.023,12.436,0.024,12.302,0.437,8.795,,,,,,,,,,AAA,0000,AACU,RS,RS,,,,,,,,,,,,,,,
667,CSS J213302.7+123006,2MASS 21330272+1230061,1769993891409336704,WISEA J213302.72+123006.0,,323.2613284223709,12.501676304013904,1971.136649889296,,4.72,0.24,-0.4077,15.229347,345.1484,15.868935,96.52236,14.438342,118.59019,13.216,0.022,12.596,0.026,12.44,0.026,12.337,0.025,12.336,0.027,12.036,,9.023,,,,,,,,,,AAA,hhd0,AAUU,SSG,SSG,,,,,,,,,,,,,,,
668,ZTF J213410.15+151929.7,2MASS 21341016+1519299,1771719300031694080,WISEA J213410.15+151929.7,GALEX J213410.2+151930,323.5423094440852,15.324919397613076,1497.5161700875542,,15.53,0.28,-0.1325,15.125911,368.79395,15.866517,105.4089,14.273087,140.37299,13.116,0.021,12.413,0.03,12.222,0.024,12.244,0.024,12.187,0.023,11.899,0.311,8.905,,,,22.469200134277344,0.4453000128269195,,,,,AAA,0000,AABU,SSG,SSG,,,,,,,,,,,,,,,
669,ZTF J213801.86+152631.2,2MASS 21380185+1526312,1771779631436055552,WISEA J213801.86+152631.2,GALEX J213801.9+152630,324.50776974010626,15.44201100723437,1154.814942260496,,4.84,0.32,-0.3992,14.713442,252.6621,15.415535,68.450066,13.889639,94.119774,12.62,0.024,12.007,0.03,11.807,0.024,11.787,0.023,11.723,0.022,12.001,0.359,8.867,,,,21.7278995513916,0.3181999921798706,,,,,AAA,0h00,AACU,SSG,SSG,,,,,,,,,,,,,,,
670,ZTF J213108.88+152607.5,2MASS 21310889+1526076,1771900169694323328,WISEA J213108.89+152607.5,GALEX J213108.8+152607,322.78705709461866,15.435415502308386,1138.4128046272049,,1.05,0.27,-0.1882,13.313745,1890.3876,13.836642,606.29034,12.625207,670.2719,11.717,0.022,11.158,0.023,11.038,0.018,10.884,0.024,10.916,0.021,10.69,0.09,9.1,,,,19.954200744628903,0.0891999974846839,,,,,AAA,0000,AAAU,RS,RS,,,,,,,,,,,,,,,
671,ZTF J213431.92+163347.3,2MASS 21343193+1633473,1772140894021293952,WISEA J213431.93+163347.2,GALEX J213431.8+163348,323.63303010906145,16.563135997877673,1780.758329998204,,7.69,0.33,-0.2904,14.632493,465.22998,15.1643505,144.99388,13.940455,141.33789,12.961,0.021,12.479,0.019,12.323,0.023,12.227,0.022,12.245,0.023,12.319,0.534,8.798,0.491,,,20.72879981994629,0.157600000500679,,,,,AAA,0000,AACC,RS,SSG,,,,,,,,,,,,,,,
672,ZTF J214050.18+154328.4,2MASS 21405018+1543284,1772532972995454976,WISEA J214050.18+154328.4,GALEX J214050.3+154327,325.20910212369853,15.724566619456828,1686.9382943453518,,13.27,0.31,-0.125,15.022233,264.1118,15.626581,78.87394,14.274806,102.792694,13.312,0.019,12.714,0.023,12.569,0.023,12.587,0.024,12.596,0.026,12.507,0.477,8.962,,,,22.625200271606445,0.4149999916553497,,,,,AAA,0000,AACU,RS,SSG,,,,,,,,,,,,,,,
673,ZTF J215116.38+164327.8,2MASS 21511641+1643280,1772851625209251840,WISEA J215116.39+164327.8,GALEX J215116.3+164328,327.81829201767414,16.72438403743448,1256.339695770906,,3.17,0.27,-0.5182,12.829701,1043.7328,13.222815,414.7954,12.259295,323.8503,11.546,0.021,11.104,0.016,10.984,0.02,10.937,0.023,10.915,0.021,10.919,0.111,8.946,,,,17.980199813842773,0.0463000014424324,,,,,AAA,0000,AABU,RS,RS,,,,,,,,,,,,,,,
674,ZTF J214700.95+171704.4,2MASS 21470095+1717043,1773139211924164992,WISEA J214700.95+171704.3,GALEX J214700.8+171706,326.753990415138,17.28453840323347,1683.6106186873856,,0.72,0.31,-0.3468,15.078597,497.21207,15.637745,141.37929,14.363209,178.17393,13.497,0.024,12.943,0.026,12.803,0.033,12.716,0.022,12.716,0.025,12.288,0.485,8.877,,,,21.347000122070312,0.3409000039100647,,,,,AAA,0000,AACU,RS,SSG,,,,,,,,,,,,,,,
675,ZTF J221438.01+160733.8,2MASS 22143802+1607341,1775018178511512192,WISEA J221438.01+160733.8,GALEX J221437.9+160734,333.6583920783495,16.126058064089055,1466.5571902639642,,6.04,0.14,-0.6531,14.717107,453.64835,15.231172,120.86914,14.019262,177.2323,13.159,0.024,12.635,0.027,12.49,0.026,12.361,0.022,12.348,0.023,12.167,0.45,8.654,,,,20.96739959716797,0.1365000009536743,,,,,AAA,0000,AACU,RS,SSG,,,,,,,,,,,,,,,
676,V0631 Peg,2MASS 21594459+1657382,1775883528522777216,WISEA J215944.59+165738.2,GALEX J215944.6+165738,329.9358154354177,16.960627043146946,976.4193381800948,,44.22,0.21,,11.073463,135.1948,11.741123,35.425392,10.279094,45.540344,9.193,0.022,8.591,0.04,8.425,0.021,8.278,0.024,8.366,0.02,8.243,0.023,8.015,0.2,21.91360092163086,0.3779,19.14119911193848,0.0632999986410141,,,,,AAA,0000,AAAB,RS,RS,,,,,,,,,,,,,,,
677,ZTF J220346.30+173716.8,2MASS 22034630+1737167,1776016565134147584,WISEA J220346.32+173716.2,,330.9429622323071,17.6213332994271,1584.3469724019626,,4.78,0.15,-0.7732,15.781522,289.42615,16.401525,83.31407,15.025827,116.07174,14.114,0.034,13.465,0.039,13.289,0.038,13.149,0.024,13.126,0.028,11.92,,9.067,,,,,,,,,,AAA,0000,AAUU,SSG,SSG,,,,,,,,,,,,,,,
678,ZTF J222441.71+201051.7,2MASS 22244173+2010516,1777761494382697600,WISEA J222441.72+201051.7,GALEX J222441.8+201052,336.1738310466212,20.18102968925493,1605.0819582303657,,0.93,0.16,-0.3578,14.748126,476.37674,15.279492,136.8484,14.053275,143.38875,13.169,0.027,12.615,0.031,12.529,0.028,12.524,0.023,12.522,0.025,12.038,,8.703,,,,21.38409996032715,0.2996000051498413,,,,,AAA,0000,AAUU,RS,SSG,,,,,,,,,,,,,,,
679,CSS J222156.2+205732,2MASS 22215622+2057316,1778609492725593344,WISEA J222156.23+205731.5,,335.4843185652055,20.95877239953029,1075.293455533435,,0.16,0.12,-0.1395,14.235167,288.30142,14.815733,81.7096,13.507908,113.49653,12.733,0.022,12.176,0.03,12.018,0.024,11.916,0.025,11.887,0.022,12.412,0.411,8.478,,,,,,,,,,AAA,0000,AACU,RS,SSG,,,,,,,,,,,,,,,
680,CSS J221939.0+213949,2MASS 22193909+2139495,1778898011448975104,WISEA J221939.10+213949.5,GALEX J221939.1+213949,334.91295429164956,21.663767226828856,833.0654160431321,,6.79,0.12,-0.0508,13.2021055,153.14798,13.843754,46.93962,12.407158,59.44812,11.324,0.022,10.707,0.03,10.544,0.019,10.494,0.023,10.486,0.02,10.295,0.077,9.127,,,,20.5762996673584,0.1668999940156936,,,,,AAA,0000,AAAU,SSG,SSG,,,,,,,,,,,,,,,
681,ZTF J215530.82+181518.3,2MASS 21553080+1815184,1779254218856707456,WISEA J215530.82+181518.3,GALEX J215530.8+181520,328.87842707621076,18.25508912113988,1668.0908854031306,,1.87,0.24,-0.7895,15.416694,385.89755,15.94489,102.99676,14.717204,136.29721,13.763,0.028,13.222,0.031,13.109,0.029,13.055,0.024,13.034,0.026,12.311,,8.744,,,,21.747699737548828,0.3650999963283539,,,,,AAA,0000,AAUU,RS,SSG,,,,,,,,,,,,,,,
682,CSS J215532.0+181552,2MASS 21553201+1815525,1779254321935922944,WISEA J215532.01+181552.5,GALEX J215531.9+181554,328.88338187271523,18.264583176899812,1200.129873339674,,1.33,0.24,-0.1003,13.913713,681.2165,14.4151745,182.81122,13.24556,222.71156,12.495,0.023,12.01,0.03,11.869,0.021,11.771,0.023,11.785,0.022,11.569,0.175,8.868,,,,20.640199661254883,0.1905999928712844,,,,,AAA,0000,AABU,RS,RS,,,,,,,,,,,,,,,
683,CSS J220112.2+190039,2MASS 22011229+1900393,1779607986722898304,WISEA J220112.28+190039.1,GALEX J220112.2+190039,330.3011562629662,19.01086047060503,1423.5099328162707,,2.15,0.21,-0.1611,15.20997,256.3877,15.876509,54.619865,14.406309,85.051765,13.25,0.024,12.608,0.031,12.478,0.018,12.417,0.023,12.402,0.024,12.215,0.363,9.147,,,,22.398099899291992,0.4172999858856201,,,,,AAA,0000,AACU,SSG,SSG,,,,,,,,,,,,,,,
684,ZTF J214616.84+191440.4,2MASS 21461686+1914407,1780400940765306624,WISEA J214616.85+191440.5,,326.5701944634961,19.24456305553239,1924.844767286041,,4.52,0.33,0.0411,14.50854,213.6684,15.197694,59.929405,13.697893,81.392624,12.583,0.027,11.931,0.032,11.783,0.018,11.662,0.023,11.627,0.021,11.54,0.173,8.72,,,,,,,,,,AAA,0000,AABU,SSG,SSG,,,,,,,,,,,,,,,
685,ZTF J215303.44+200745.1,2MASS 21530344+2007450,1780517866954567808,WISEA J215303.44+200744.9,,328.26435590885757,20.12915632944792,1459.9549408628868,,24.71,0.3,,13.8158455,1805.659,14.2489195,421.4522,13.214938,484.707,12.492,0.022,12.146,0.024,12.028,0.022,11.974,0.024,12.005,0.023,11.704,0.22,8.737,,,,,,,,,,AAA,0000,AABU,RS,RS,,,,,,,,,,,,,,,
686,NSVS 11758912,2MASS 22142813+2148270,1781949431093803904,WISEA J221428.12+214826.8,GALEX J221428.1+214827,333.6172295853815,21.80745034856436,1133.854407442297,,34.07,0.14,-0.1348,12.71164,315.18945,13.270812,148.04747,11.978868,140.81728,10.943,0.022,10.419,0.028,10.275,0.019,10.253,0.023,10.267,0.02,10.131,0.042,8.862,,,,19.87980079650879,0.1008000001311302,,,,,AAA,0000,AAAU,RS,SSG,,,,,,,,,,,,,,,
687,ZTF J220914.23+223754.9,2MASS 22091422+2237550,1782911194530740224,WISEA J220914.23+223754.8,GALEX J220914.2+223755,332.3093111502822,22.631909449479043,948.2185893957344,,10.29,0.25,0.1336,13.529135,161.28287,14.204563,54.083282,12.704821,66.37031,11.507,0.023,10.898,0.032,10.743,0.019,10.688,0.023,10.705,0.02,10.566,0.085,8.663,,,,20.7283992767334,0.1722999960184097,,,,,AAA,0000,AAAU,SSG,SSG,,,,,,,,,,,,,,,
688,ZTF J221036.57+234105.7,2MASS 22103657+2341057,1783123950030993280,WISEA J221036.57+234105.6,,332.65239673012684,23.684894760351703,1573.0160860583078,,0.89,0.21,-0.1104,14.330256,151.75017,15.090832,45.300766,13.47644,57.196735,12.109,0.023,11.516,0.033,11.29,0.018,11.35,0.023,11.332,0.021,11.104,0.091,8.983,,,,,,,,,,AAA,0000,AAAU,SSG,SSG,,,,,,,,,,,,,,,
689,ZTF J212330.64+152418.5,2MASS 21233064+1524187,1783543271981701888,WISEA J212330.64+152418.5,GALEX J212330.6+152419,320.8777009753117,15.405122126720554,643.333348132176,,4.14,0.24,0.0099,13.280093,443.9809,13.951498,128.08313,12.481555,159.0542,11.314,0.021,10.705,0.022,10.522,0.02,10.392,0.023,10.388,0.02,10.296,0.073,8.669,0.396,,,20.63640022277832,0.2176000028848648,,,,,AAA,0000,AAAC,SSG,SSG,,,,,,,,,,,,,,,
690,ZTF J212713.88+160121.2,2MASS 21271389+1601212,1784011251618166784,WISEA J212713.88+160121.1,GALEX J212713.8+160122,321.8078844429134,16.022545799575035,1494.1382504413957,,0.77,0.26,,13.344094,494.55768,13.757698,155.2443,12.750026,182.60304,12.021,0.024,11.589,0.033,11.51,0.025,11.421,0.022,11.432,0.021,11.235,0.144,8.369,,21.388900756835938,0.3441,19.04610061645508,0.0786999985575676,,,,,AAA,0000,AABU,RS,RS,,,,,,,,,,,,,,,
691,CSS J212702.8+160300,2MASS 21270282+1603004,1784012149267717248,WISEA J212702.82+160300.3,GALEX J212702.7+160302,321.76175376802485,16.050077267115164,1180.6070133377316,,10.71,0.27,0.1291,14.309386,303.29358,15.007256,89.881874,13.491289,109.10647,12.34,0.022,11.704,0.027,11.512,0.022,11.504,0.023,11.512,0.021,11.654,0.222,8.822,,,,21.000099182128903,0.3582000136375427,,,,,AAA,0000,AABU,SSG,SSG,,,,,,,,,,,,,,,
692,ZTF J212628.78+174943.6,2MASS 21262879+1749436,1784515446419862656,WISEA J212628.78+174943.6,,321.61994447476604,17.82876821969249,604.7486282209779,,9.54,0.2,-0.0961,12.570169,429.04947,13.098869,139.46814,11.877887,149.0811,10.867,0.022,10.322,0.028,10.177,0.022,10.066,0.023,10.071,0.019,9.84,0.047,8.36,,,,,,,,,,AAA,0000,AAAU,RS,SSG,,,,,,,,,,,,,,,
693,ZTF J211521.38+171607.1,2MASS 21152140+1716073,1784950131469150208,WISEA J211521.39+171607.1,GALEX J211521.3+171606,318.8391197188849,17.268627673281514,1005.3202190627431,,15.32,0.38,-0.01,13.682258,1542.935,14.209885,426.09464,13.000544,535.8115,12.179,0.024,11.696,0.031,11.635,0.021,11.532,0.023,11.587,0.022,11.799,0.248,8.701,,,,20.92460060119629,0.2533999979496002,,,,,AAA,hh00,AABU,RS,SSG,,,,,,,,,,,,,,,
694,ZTF J212306.36+173015.4,2MASS 21230633+1730150,1785168388823969536,WISEA J212306.34+173015.1,,320.7764791907675,17.50424514617273,1116.032662526015,,8.74,0.19,-0.2046,13.510032,296.77106,14.070059,87.69773,12.797528,110.12056,11.711,0.021,11.188,0.022,11.056,0.018,11.058,0.022,11.079,0.02,11.045,0.147,8.993,,,,,,,,,,AAA,0000,AABU,RS,SSG,,,,,,,,,,,,,,,
695,ZTF J211713.66+181708.4,2MASS 21171368+1817085,1785490305212428544,WISEA J211713.67+181708.4,,319.30695262184054,18.2856618359623,1493.2851421988476,,6.16,0.26,-0.2818,14.812252,629.5187,15.52701,181.1923,13.979322,227.83403,12.778,0.023,12.15,0.019,11.985,0.022,11.837,0.023,11.814,0.022,11.655,0.195,9.015,,,,,,,,,,AAA,0000,AABU,SSG,SSG,,,,,,,,,,,,,,,
696,ZTF J212303.06+182008.4,2MASS 21230306+1820083,1785539263543163776,WISEA J212303.06+182008.3,GALEX J212303.0+182008,320.76276622166944,18.33565698611653,1578.4528087567037,,12.81,0.2,,14.630622,599.8032,15.177502,189.0285,13.909469,197.07079,12.89,0.029,12.223,0.034,12.128,0.02,12.243,0.023,12.168,0.023,11.818,0.226,8.455,,,,21.29590034484864,0.2892000079154968,,,,,AAA,0000,AABU,RS,RS,,,,,,,,,,,,,,,
697,ASAS J213401+1745.0,2MASS 21340066+1744599,1785786344422472576,WISEA J213400.66+174459.9,GALEX J213400.7+174500,323.5027790673991,17.74998636497368,1402.3204127160302,,40.85,0.34,0.0187,10.340693,346.3173,11.028209,93.47263,9.543596,118.400894,8.445,0.023,7.854,0.02,7.683,0.017,7.501,0.03,7.601,0.02,7.497,0.018,7.41,0.13,20.989200592041016,0.3373,18.102500915527344,0.0333000011742115,,,,,AAA,0000,AAAB,RS,RS,,,,,,,,,,,,,,,
698,ZTF J213814.43+182151.0,2MASS 21381444+1821509,1785883002662076928,WISEA J213814.43+182151.0,,324.56013614459454,18.36415983724532,1090.7080725217932,,12.77,0.34,-0.1437,13.739935,393.07394,14.281763,103.3337,13.040149,139.20428,12.133,0.023,11.645,0.03,11.547,0.026,11.421,0.023,11.46,0.021,11.344,0.159,9.311,,,,,,,,,,AAA,0000,AABU,RS,SSG,,,,,,,,,,,,,,,
699,ZTF J212849.97+180650.5,2MASS 21284994+1806507,1786047207851688320,WISEA J212849.95+180650.5,,322.2082011938838,18.11402698658612,789.4287469930598,,4.18,0.24,-0.3466,13.736089,206.38553,14.328221,63.695236,13.00055,74.24135,11.857,0.024,11.267,0.03,11.172,0.02,11.156,0.023,11.12,0.021,10.992,0.132,8.682,,,,,,,,,,AAA,0000,AABU,RS,SSG,,,,,,,,,,,,,,,
700,ZTF J213538.49+191403.2,2MASS 21353849+1914033,1786547279483890432,WISEA J213538.49+191403.2,,323.91041523098244,19.23422442953087,1639.3946551430092,,3.25,0.27,-0.164,14.915108,201.01724,15.543607,54.67277,14.151037,71.37576,13.108,0.026,12.502,0.031,12.364,0.025,12.334,0.024,12.321,0.024,12.538,0.488,9.085,,,,,,,,,,AAA,0000,AACU,RS,SSG,,,,,,,,,,,,,,,
701,ZTF J213946.31+194226.7,2MASS 21394632+1942267,1786672658169096832,WISEA J213946.31+194226.7,,324.9430048725359,19.707402059026663,1697.8112586023883,,4.11,0.36,-0.0387,15.536917,267.00806,16.281216,74.95136,14.682247,90.04672,13.489,0.026,12.834,0.032,12.589,0.024,12.408,0.023,12.339,0.024,11.607,0.249,8.41,,,,,,,,,,AAA,0000,AABU,SSG,SSG,,,,,,,,,,,,,,,
702,ZTF J212746.62+190706.0,2MASS 21274664+1907060,1786928913098116864,WISEA J212746.63+190706.0,,321.94430875774424,19.11833627703276,1781.4378586897085,,3.19,0.26,-0.1589,14.6188965,179.83093,15.166549,54.830837,13.896901,67.79057,12.951,0.023,12.325,0.031,12.173,0.021,12.085,0.023,12.054,0.022,11.601,0.18,9.065,,,,,,,,,,AAA,dd00,AABU,RS,SSG,,,,,,,,,,,,,,,
703,ZTF J213001.13+200104.1,2MASS 21300114+2001041,1787270758135325440,WISEA J213001.13+200104.0,GALEX J213001.1+200104,322.50473717233007,20.01778294618339,1562.5783731701626,,5.25,0.26,-0.4006,14.091617,1395.4789,14.5634165,374.49973,13.451367,421.77945,12.695,0.027,12.249,0.032,12.098,0.023,11.977,0.023,12.012,0.023,12.077,0.283,8.965,,,,20.115699768066406,0.1010999977588653,,,,,AAA,0000,AABU,RS,RS,,,,,,,,,,,,,,,
704,ZTF J211411.36+182351.2,2MASS 21141136+1823511,1788182077179460480,WISEA J211411.36+182351.1,GALEX J211411.3+182351,318.5473464940327,18.397527073314144,1607.316944843906,,0.8,0.42,-0.2103,12.76637,2551.4138,13.036974,1010.0732,12.340804,1039.9933,11.846,0.022,11.651,0.017,11.606,0.018,11.571,0.023,11.573,0.022,11.882,0.219,9.128,,,,17.100299835205078,0.0234999991953372,,,,,AAA,0000,AABU,cut,RS,,,,,,,,,,,,,,,
705,ZTF J210812.03+180441.4,2MASS 21081203+1804413,1788242348457001728,WISEA J210812.03+180441.2,GALEX J210812.0+180444,317.0501451428148,18.07814211412992,1887.5959324353455,,7.54,0.26,-0.8705,15.163846,488.06824,15.649479,162.40956,14.488055,143.3473,13.588,0.029,13.014,0.03,12.907,0.027,12.894,0.023,12.9,0.025,12.334,0.476,8.56,,,,20.18510055541992,0.2018000036478042,,,,,AAA,0000,AACU,cut,SSG,,,,,,,,,,,,,,,
706,ZTF J211542.31+191034.1,2MASS 21154232+1910340,1788621091557662080,WISEA J211542.31+191034.1,GALEX J211542.2+191034,318.9262988233324,19.176122011567212,1856.981177702698,,2.54,0.31,,15.2531595,613.444,15.802199,177.70392,14.536955,175.43999,13.549,0.023,12.995,0.022,12.849,0.035,12.774,0.023,12.774,0.026,12.204,0.404,8.884,,,,21.75589942932129,0.2867999970912933,,,,,AAA,0000,AACU,RS,RS,,,,,,,,,,,,,,,
707,V0428 Peg,2MASS 21163271+1942129,1788920777194624512,WISEA J211632.70+194212.9,GALEX J211632.7+194213,319.1362681638596,19.7035850921198,890.7360268207817,,15.25,0.23,,10.150556,718.95605,10.573376,249.59349,9.532849,326.6793,8.756,0.029,8.343,0.026,8.236,0.015,8.173,0.023,8.173,0.02,8.114,0.02,8.004,0.205,20.34980010986328,0.1627,15.633899688720703,0.0115000000223517,,,,,AAA,0000,AAAB,cut,RS,,,,,,,,,,,,,,,
708,ASAS J210323+1930.9,2MASS 21032325+1930557,1789396148472412288,WISEA J210323.26+193055.6,GALEX J210323.2+193056,315.8469363344249,19.515443160569312,382.4099419860549,17.674181818181818,10.38,0.3,-0.0766,11.112376,516.6845,11.730392,140.88701,10.349746,195.33835,9.367,0.026,8.751,0.057,8.596,0.018,8.511,0.023,8.527,0.02,8.406,0.024,8.034,0.193,20.921499252319336,0.3103,18.35449981689453,0.0546000003814697,Yes,Variable H-alpha,Normal Emission,Normal Emission,AAA,0000,AAAB,RS,SSG,10.4411,0.0648,0.0,0.0066,28.866,0.346,,,SB1,0.33517742,0.35552526,0.37524056,0.39439395,0.4130433,0.43123683
709,ZTF J211533.17+203635.9,2MASS 21153316+2036359,1789800562592049920,WISEA J211533.17+203635.8,GALEX J211533.1+203636,318.8882191589478,20.60994250438821,1133.6923638703188,,5.2,0.27,-0.8029,13.397737,1318.229,13.820242,425.40826,12.797221,482.36395,12.047,0.021,11.565,0.017,11.469,0.018,11.417,0.022,11.404,0.02,11.443,0.191,8.606,,,,18.268699645996097,0.0401000007987022,,,,,AAA,0000,AABU,RS,RS,,,,,,,,,,,,,,,
710,ZTF J212324.76+214414.0,2MASS 21232477+2144143,1790721609738853632,WISEA J212324.77+214414.1,GALEX J212324.8+214414,320.85319910222034,21.737227925627167,1274.587577912318,,4.48,0.39,-0.1899,14.052348,519.19025,14.643552,147.18253,13.308376,177.91643,12.27,0.029,11.718,0.032,11.586,0.02,11.442,0.023,11.446,0.021,11.351,0.145,8.474,,,,21.07690048217773,0.2433000057935714,,,,,AAA,0000,AABU,RS,SSG,,,,,,,,,,,,,,,
711,ZTF J211657.52+224522.5,2MASS 21165752+2245225,1791835449377803520,WISEA J211657.51+224522.4,,319.2396518748113,22.756228487006553,1840.065212666247,,10.08,0.48,-0.2564,15.004913,917.9429,15.73523,151.7631,14.170127,260.87686,13.0,0.022,12.348,0.018,12.162,0.019,12.104,0.024,12.059,0.023,11.702,0.231,9.133,,,,,,,,,,AAA,0000,AABU,SSG,SSG,,,,,,,,,,,,,,,
712,ZTF J211920.93+234246.0,2MASS 21192094+2342458,1792278690003083776,WISEA J211920.94+234245.9,GALEX J211920.9+234246,319.8372588112263,23.712755277423486,1945.9011147555025,,1.72,0.39,-0.707,14.749844,548.15247,15.169784,147.34023,14.064713,180.95732,13.303,0.027,12.853,0.035,12.732,0.023,12.666,0.024,12.657,0.025,12.128,0.341,8.952,0.476,,,20.27890014648437,0.1045000031590461,,,,,AAA,0000,AABC,cut,SSG,,,,,,,,,,,,,,,
713,ZTF J214904.14+211853.3,2MASS 21490415+2118533,1793074083585688832,WISEA J214904.14+211853.0,GALEX J214904.0+211852,327.2672842634363,21.314786868858935,1426.2055403063089,,10.31,0.29,-0.2188,13.958763,400.56107,14.427443,127.76404,13.325339,143.0469,12.414,0.023,11.967,0.021,11.844,0.022,11.721,0.023,11.741,0.022,11.276,0.155,8.84,,,,19.863800048828125,0.145699992775917,,,,,AAA,0000,AABU,RS,RS,,,,,,,,,,,,,,,
714,ZTF J214909.03+223711.4,2MASS 21490904+2237113,1793496708367836416,WISEA J214909.04+223711.4,,327.2876779403862,22.61983990238527,1832.0495394499967,,0.43,0.22,-0.6903,15.880095,138.12659,16.583954,39.637836,15.068557,54.907642,13.844,0.026,13.22,0.024,13.067,0.036,13.09,0.024,13.014,0.027,12.233,0.335,9.256,,,,,,,,,,AAA,0000,AABU,SSG,SSG,,,,,,,,,,,,,,,
715,ZTF J213650.45+220139.1,2MASS 21365045+2201393,1793898476788563840,WISEA J213650.46+220139.0,,324.21024339788005,22.02753983773401,1555.2010104671228,,0.77,0.33,-0.039,14.066539,680.7008,14.660489,186.01521,13.322812,222.51254,12.352,0.029,11.762,0.033,11.588,0.023,11.526,0.027,11.542,0.026,11.433,0.208,8.261,,,,,,,,,,AAA,0000,AABU,RS,SSG,,,,,,,,,,,,,,,
716,ZTF J214055.61+224632.4,2MASS 21405560+2246325,1794043371804818048,WISEA J214055.60+224632.4,GALEX J214055.6+224632,325.23169922456515,22.775662408273092,1329.5172978567384,,0.92,0.3,-0.1257,13.498446,426.32443,13.928269,128.31294,12.905544,138.29976,12.285,0.023,11.882,0.03,11.767,0.023,11.623,0.023,11.626,0.022,11.583,0.171,9.2,,,,19.49970054626465,0.0723000019788742,,,,,AAA,0000,AABU,RS,RS,,,,,,,,,,,,,,,
717,ZTF J214837.71+225737.3,2MASS 21483771+2257372,1794272929216904064,WISEA J214837.71+225737.2,GALEX J214837.6+225737,327.15712609096727,22.960355250394137,1373.4577794267043,,3.62,0.26,-0.2501,14.052682,944.33374,14.502233,313.33154,13.434083,346.7202,12.656,0.021,12.231,0.018,12.183,0.022,12.085,0.023,12.099,0.023,12.356,0.382,9.096,,,,20.211700439453125,0.1431999951601028,,,,,AAA,0000,AACU,RS,RS,,,,,,,,,,,,,,,
718,ZTF J214736.73+234623.9,2MASS 21473674+2346240,1794399128240392832,WISEA J214736.73+234623.9,GALEX J214736.7+234624,326.90304786569664,23.77330459977328,954.682286753687,,0.69,0.24,-0.1458,13.038289,655.67664,13.4879675,190.45483,12.426386,214.35779,11.643,0.021,11.285,0.019,11.136,0.016,11.088,0.023,11.112,0.02,11.084,0.123,8.359,,,,19.337299346923828,0.0630000010132789,,,,,AAA,0000,AABU,RS,RS,,,,,,,,,,,,,,,
719,ZTF J214745.90+235000.7,2MASS 21474591+2350007,1794400850523073280,WISEA J214745.90+235000.7,,326.94128679911773,23.833507352194587,1446.6367199398258,,2.82,0.22,-0.2884,15.329439,182.2412,15.811578,52.281563,14.522308,75.17314,13.567,0.023,12.969,0.02,12.898,0.03,12.787,0.023,12.774,0.026,12.283,,9.089,,,,,,,,,,AAA,0000,AAUU,cut,SSG,,,,,,,,,,,,,,,
720,ZTF J214139.23+233247.1,2MASS 21413923+2332470,1794526774667867392,WISEA J214139.23+233247.0,GALEX J214139.2+233247,325.41346430042336,23.546411064215228,1269.8967701968531,,17.56,0.24,-0.3863,13.5429,311.4536,14.020934,93.78686,12.8924675,109.95301,12.06,0.021,11.588,0.027,11.445,0.023,11.355,0.022,11.384,0.021,11.436,0.16,9.242,,,,19.14310073852539,0.0599000006914138,,,,,AAA,0000,AABU,RS,RS,,,,,,,,,,,,,,,
721,ZTF J214715.86+245738.8,2MASS 21471585+2457388,1796218686841336448,WISEA J214715.86+245738.7,,326.8160910308261,24.96077023835388,1919.591333213231,,7.92,0.22,-0.1298,14.732625,804.61456,15.25511,147.15996,14.050357,269.7627,13.208,0.023,12.679,0.025,12.577,0.026,12.527,0.023,12.57,0.023,12.327,,9.0,,,,,,,,,,AAA,0000,AAUU,RS,SSG,,,,,,,,,,,,,,,
722,ZTF J213919.10+233205.8,2MASS 21391910+2332058,1797506279381359360,WISEA J213919.10+233205.7,GALEX J213919.0+233205,324.82961312118147,23.53493307462672,1781.5191396326477,,13.87,0.22,-0.6562,14.434926,1027.098,14.846735,289.026,13.85033,303.17523,13.087,0.026,12.672,0.03,12.592,0.028,12.549,0.024,12.572,0.024,12.88,0.541,9.191,,,,19.894899368286133,0.0866999998688697,,,,,AAA,0000,AACU,RS,RS,,,,,,,,,,,,,,,
723,ZTF J213601.28+254722.8,2MASS 21360128+2547229,1798798141121271936,WISEA J213601.28+254722.9,GALEX J213601.3+254723,324.00534924739384,25.78963804174394,1549.248854326456,,1.22,0.26,-0.1458,14.454178,487.63977,14.800737,181.56172,13.71221,232.28334,12.951,0.023,12.502,0.031,12.368,0.027,12.357,0.023,12.39,0.023,12.21,0.324,8.445,,,,20.676000595092773,0.194700002670288,,,,,AAA,0000,AABU,cut,RS,,,,,,,,,,,,,,,
724,ZTF J213600.60+262006.6,2MASS 21360062+2620067,1798896203814775808,WISEA J213600.61+262006.7,,324.0025562556653,26.335177459726303,1007.781241573264,,7.61,0.33,,13.542094,578.7695,14.118259,196.42401,12.806919,181.8925,11.964,0.022,11.363,0.028,11.202,0.023,10.934,0.023,10.936,0.02,10.699,0.078,8.658,,,,,,,,,,AAA,0000,AAAU,RS,RS,,,,,,,,,,,,,,,
725,ZTF J213427.32+261833.4,2MASS 21342731+2618332,1799062809889306496,WISEA J213427.32+261833.3,,323.6138462976447,26.309257449113225,776.7553294863615,,0.47,0.34,-0.01,14.558034,1142.3572,15.19575,329.04007,13.769333,493.23773,12.835,0.025,12.201,0.023,12.082,0.018,11.984,0.024,12.005,0.022,12.574,0.39,9.347,,,,,,,,,,AAA,0000,AACU,cut,SSG,,,,,,,,,,,,,,,
726,ZTF J214306.10+254526.9,2MASS 21430610+2545270,1799510246699710976,WISEA J214306.11+254526.8,,325.77545012723317,25.7574616846853,1276.5100051586428,,6.98,0.27,-0.6054,14.172891,301.09222,14.748967,90.06924,13.429205,94.48648,12.39,0.026,11.783,0.034,11.598,0.02,11.577,0.034,11.531,0.034,11.432,0.186,8.783,,,,,,,,,,AAA,0000,AABU,RS,SSG,,,,,,,,,,,,,,,
727,ZTF J215104.36+263631.7,2MASS 21510438+2636319,1799809034686307200,WISEA J215104.38+263632.2,,327.7682099848529,26.608818118307795,1773.029368160775,,4.75,0.17,-0.1448,15.093185,647.38214,15.596124,175.21562,14.408843,234.34698,13.301,0.031,12.892,0.037,12.811,0.035,12.543,0.023,12.551,0.025,12.544,,8.74,,,,,,,,,,AAA,0h00,AAUU,RS,SSG,,,,,,,,,,,,,,,
728,V0629 Peg,2MASS 21411674+2658580,1800478504125784704,WISEA J214116.74+265858.1,GALEX J214116.7+265858,325.3197823141409,26.982805102782415,617.9070937011008,,36.8,0.26,,9.143545,351.6394,9.708712,101.64124,8.428127,120.942635,7.416,0.024,6.877,0.02,6.733,0.017,6.643,0.07,6.672,0.022,6.604,0.016,6.559,0.063,19.70170021057129,0.1589,15.156000137329102,0.0125000001862645,,,,,AAA,0000,AAAA,RS,RS,76.30163165026748,0.023608636,0.0390686765449109,0.008348389,29.37210231208492,0.117303975,,,SB1,0.8953875,0.9405353,0.98416954,1.0264624,1.067555,1.1075646
729,ZTF J214819.03+283152.9,2MASS 21481903+2831529,1801071621929789312,WISEA J214819.03+283152.8,,327.0792924714004,28.531361287544144,874.5584016293977,,1.04,0.23,,12.668093,459.07523,13.239988,142.34631,11.949488,178.49722,10.829,0.023,10.264,0.022,10.114,0.018,10.108,0.023,10.122,0.02,9.974,0.047,9.136,,,,,,,,,,AAA,0000,AAAU,RS,RS,,,,,,,,,,,,,,,
730,ZTF J214248.77+291449.8,2MASS 21424877+2914498,1801388796674448384,WISEA J214248.77+291449.7,,325.70323434808114,29.24714978364444,1890.163900308864,,14.03,0.33,-0.0695,14.929639,937.48267,15.480303,280.60535,14.223337,350.77417,13.339,0.029,12.795,0.03,12.698,0.025,12.598,0.023,12.621,0.025,12.587,,9.023,,,,,,,,,,AAA,0000,AAUU,RS,SSG,,,,,,,,,,,,,,,
731,ZTF J201054.48+103332.4,2MASS 20105449+1033327,1801792313144614656,WISEA J201054.50+103332.5,,302.7270403084215,10.558999565698198,1553.8848044075592,,10.08,0.43,-0.131,15.560645,409.57013,16.32158,114.183685,14.695371,148.33,13.319,0.024,12.677,0.026,12.48,0.03,12.473,0.024,12.453,0.023,12.603,0.518,9.054,,,,,,,,,,AAA,dh00,AACU,SSG,SSG,,,,,,,,,,,,,,,
732,ZTF J202305.51+120026.7,2MASS 20230551+1200267,1802225421945888128,WISEA J202305.51+120026.6,,305.7729606810772,12.007402814845769,1928.0771543993271,,7.83,0.42,-0.221,15.625851,359.2069,16.363234,103.952446,14.768332,137.84671,13.844,0.032,13.225,0.035,13.037,0.029,12.741,0.023,12.705,0.025,12.267,,9.122,0.496,,,,,,,,,AAA,0000,AAUC,SSG,SSG,,,,,,,,,,,,,,,
733,ZTF J200839.73+110904.1,2MASS 20083974+1109039,1802590356733174784,WISEA J200839.73+110904.0,,302.1655607871063,11.151107686598904,1808.5147089475824,,2.1,0.4,-0.399,13.268339,1004.0028,13.684867,332.1267,12.670448,320.11792,11.867,0.022,11.457,0.026,11.268,0.021,11.214,0.023,11.244,0.021,11.18,0.119,9.115,,,,,,,,,,AAA,0000,AABU,RS,RS,,,,,,,,,,,,,,,
734,ZTF J201317.62+120857.2,2MASS 20131761+1208570,1802772703862073728,WISEA J201317.62+120857.1,,303.3234262849982,12.149207185150493,1300.6272047300909,,34.61,0.41,,13.437378,346.2266,14.03771,86.57413,12.699587,127.20145,11.555,0.021,11.033,0.019,10.918,0.018,10.946,0.023,10.989,0.021,11.19,0.13,8.521,,,,,,,,,,AAA,0000,AABU,RS,RS,,,,,,,,,,,,,,,
735,ZTF J200858.94+120310.1,2MASS 20085894+1203103,1802895161979304960,WISEA J200858.95+120310.1,,302.2456178467127,12.052790258528496,1772.6094664967227,,2.29,0.42,,15.397925,307.5034,16.100725,94.56917,14.565761,105.20966,13.456,0.022,12.783,0.023,12.588,0.024,12.583,0.024,12.559,0.024,12.019,0.308,8.465,,,,,,,,,,AAA,0000,AABU,SSG,SSG,,,,,,,,,,,,,,,
736,ZTF J201931.25+130200.8,2MASS 20193125+1302008,1803306894712523392,WISEA J201931.25+130200.8,GALEX J201931.2+130200,304.8802170042244,13.033539859589524,1395.075366082054,,0.52,0.4,-0.2954,14.941679,240.21904,15.445743,77.71188,14.253127,76.27651,13.319,0.02,12.856,0.021,12.74,0.028,12.712,0.025,12.715,0.026,12.066,0.304,8.445,,,,21.30179977416992,0.2560000121593475,,,,,AAA,0000,AABU,RS,SSG,,,,,,,,,,,,,,,
737,ZTF J201335.35+132732.0,2MASS 20133535+1327320,1803478826544006272,WISEA J201335.36+132732.0,GALEX J201335.3+132732,303.3973021027349,13.458859149026244,749.7913099041415,,0.94,0.41,0.4183,13.383272,290.10168,14.043464,84.11451,12.595463,111.76184,11.572,0.02,10.992,0.023,10.84,0.019,10.71,0.023,10.752,0.02,10.636,0.094,9.103,,,,21.209699630737305,0.1720000058412552,,,,,AAA,0o00,AAAU,RS,SSG,,,,,,,,,,,,,,,
738,ZTF J201718.30+135523.0,2MASS 20171831+1355230,1803602074925206912,WISEA J201718.31+135523.0,,304.3262751866373,13.923042692616232,1845.2954182557569,,0.94,0.46,-0.1212,14.3876705,409.89374,15.0357895,127.292534,13.601046,155.05563,12.537,0.019,11.9,0.019,11.76,0.022,11.722,0.024,11.73,0.023,11.797,0.298,8.763,,,,,,,,,,AAA,dd00,AABU,cut,SSG,,,,,,,,,,,,,,,
739,ZTF J202714.81+125116.7,2MASS 20271479+1251165,1803806691465546496,WISEA J202714.80+125116.6,GALEX J202714.8+125117,306.81170416477624,12.854614883624183,724.4515441227956,,1.11,0.3,-0.0684,12.931538,231.38412,13.596376,66.116165,12.148426,87.93112,10.953,0.022,10.343,0.023,10.172,0.019,10.113,0.022,10.08,0.02,10.013,0.054,9.125,,21.91220092773437,0.3989,20.29759979248047,0.101400002837181,,,,,AAA,0000,AAAU,SSG,SSG,,,,,,,,,,,,,,,
740,ZTF J203417.54+141339.3,2MASS 20341751+1413388,1804417264014946944,WISEA J203417.53+141339.1,,308.5731015385545,14.22754484316916,1024.5907617682935,,10.28,0.21,-0.4095,13.781512,490.1546,14.242199,140.65794,13.155239,194.20837,12.423,0.022,11.917,0.021,11.815,0.02,11.809,0.023,11.82,0.022,11.67,0.24,8.72,,,,,,,,,,AAA,0000,AABU,RS,SSG,,,,,,,,,,,,,,,
741,ZTF J202036.30+145452.4,2MASS 20203631+1454524,1805268217298908800,WISEA J202036.30+145452.3,,305.1512677531559,14.914531440085142,836.9695963528219,,10.54,0.48,-0.1903,13.9491415,279.62787,14.670559,77.966354,13.1033125,101.42882,12.017,0.02,11.32,0.023,11.122,0.019,10.928,0.023,10.914,0.02,10.877,0.092,9.245,,,,,,,,,,AAA,0000,AAAU,SSG,SSG,,,,,,,,,,,,,,,
742,ZTF J202503.63+150818.2,2MASS 20250363+1508180,1805466060671531520,WISEA J202503.63+150818.0,,306.2651517410564,15.138363705749583,1606.82533931023,,15.11,0.31,,15.42638,782.6213,16.036955,171.03455,14.650081,166.91628,13.618,0.026,13.045,0.026,12.887,0.034,12.823,0.024,12.815,0.026,12.425,,9.237,,,,,,,,,,AAA,0000,AAUU,SSG,SSG,,,,,,,,,,,,,,,
743,ZTF J202409.08+150824.3,2MASS 20240908+1508244,1805475475240025984,WISEA J202409.08+150824.3,,306.03785907756986,15.14008330933042,1103.583249541747,,7.29,0.34,0.1398,14.170751,533.4711,14.800789,160.2692,13.410459,193.76819,12.286,0.021,11.742,0.028,11.579,0.025,11.514,0.023,11.563,0.021,11.687,0.201,8.947,,,,,,,,,,AAA,hh00,AABU,RS,SSG,,,,,,,,,,,,,,,
744,ZTF J201841.75+151753.1,2MASS 20184176+1517532,1808345333731587328,WISEA J201841.75+151753.2,,304.67397544830243,15.298103593024106,1781.6123570561945,,4.4,0.49,-0.0882,14.98183,254.01111,15.67836,75.4622,14.1590605,85.2609,13.218,0.023,12.559,0.023,12.354,0.024,12.133,0.023,12.122,0.022,12.323,0.406,8.325,,,,,,,,,,AAA,0000,AACU,RS,SSG,,,,,,,,,,,,,,,
745,ZTF J203624.90+155212.1,2MASS 20362490+1552121,1810793572463550464,WISEA J203624.91+155212.0,,309.1037939934163,15.87001219840178,1455.3707541585927,,18.48,0.26,-0.1534,14.491482,892.35345,14.9763565,247.23792,13.843295,309.28735,13.078,0.029,12.601,0.032,12.522,0.024,12.45,0.023,12.482,0.023,12.295,0.45,8.858,,,,,,,,,,AAA,0000,AACU,RS,RS,,,,,,,,,,,,,,,
746,ZTF J203720.68+160853.6,2MASS 20372069+1608537,1810900598750401024,WISEA J203720.68+160853.6,,309.3362020597452,16.148221043550162,1967.1185747705472,,6.55,0.25,-0.1601,15.664374,338.07227,16.348743,88.96373,14.854197,117.508224,13.649,0.027,12.956,0.033,12.866,0.022,12.718,0.024,12.744,0.025,12.332,0.341,9.252,,,,,,,,,,AAA,0h00,AABU,SSG,SSG,,,,,,,,,,,,,,,
747,ZTF J203143.82+155201.9,2MASS 20314382+1552018,1811578108370598912,WISEA J203143.82+155201.8,,307.9326091788153,15.867179235353207,1624.9168161295156,,0.8,0.28,-0.1469,14.670772,508.9137,15.157004,151.63742,14.011324,191.47935,13.165,0.026,12.744,0.032,12.61,0.025,12.526,0.024,12.584,0.024,12.144,0.285,8.805,,,,,,,,,,AAA,0000,AABU,RS,RS,,,,,,,,,,,,,,,
748,ZTF J203525.75+173759.3,2MASS 20352575+1737593,1812230909039273088,WISEA J203525.76+173759.2,,308.8573403691778,17.633149232395994,1906.621596166468,,14.95,0.37,-0.1303,15.6714525,324.06543,16.35547,88.528694,14.85354,119.98224,13.661,0.03,13.055,0.036,12.952,0.022,12.799,0.023,12.785,0.027,11.872,,9.243,,,,,,,,,,AAA,0000,AAUU,SSG,SSG,,,,,,,,,,,,,,,
749,ZTF J204012.05+175410.9,2MASS 20401204+1754109,1812297219037609856,WISEA J204012.04+175410.9,,310.0502129098045,17.903013835195637,1819.392183948797,,4.76,0.3,-0.3146,15.290161,329.47357,15.90568,91.5045,14.495953,117.5542,13.333,0.026,12.741,0.032,12.562,0.028,12.639,0.024,12.597,0.025,12.226,,8.698,,,,,,,,,,AAA,0000,AAUU,RS,SSG,,,,,,,,,,,,,,,
750,ZTF J205315.52+194207.9,2MASS 20531552+1942080,1813612136160835200,WISEA J205315.52+194207.8,GALEX J205315.5+194208,313.31470757832756,19.702183926757588,1754.4270504698543,,1.85,0.37,-0.0093,14.706229,953.47784,15.264072,257.836,13.995296,357.23242,13.079,0.027,12.508,0.03,12.404,0.023,12.337,0.023,12.354,0.022,11.839,0.253,8.757,,,,21.87739944458008,0.3522999882698059,,,,,AAA,0000,AABU,RS,RS,,,,,,,,,,,,,,,
751,ZTF J204933.90+192413.9,2MASS 20493389+1924139,1813632167888131712,WISEA J204933.89+192413.9,GALEX J204933.9+192414,312.3912528888723,19.403850092657297,1634.5278778771892,,9.49,0.28,-0.2494,14.328919,526.17505,15.00197,147.34694,13.51353,209.34154,12.04,0.023,11.407,0.023,11.264,0.019,11.289,0.023,11.268,0.021,11.271,0.135,9.066,,,,21.47209930419922,0.2653000056743622,,,,,AAA,0000,AABU,SSG,SSG,,,,,,,,,,,,,,,
752,ZTF J205550.47+195806.0,2MASS 20555047+1958059,1813725828237478016,WISEA J205550.47+195805.9,,313.9603179991812,19.968316660234755,1669.2129819458005,,14.03,0.34,-0.2572,15.161194,366.28503,15.755797,102.33708,14.409531,117.361145,13.442,0.029,12.919,0.037,12.73,0.027,12.627,0.024,12.627,0.025,12.278,0.327,9.046,,,,,,,,,,AAA,0000,AABU,RS,SSG,,,,,,,,,,,,,,,
753,ZTF J204533.77+191043.4,2MASS 20453376+1910434,1813987000906753152,WISEA J204533.75+191043.5,GALEX J204533.8+191044,311.3907124078055,19.178714793023484,1823.1348362276433,,4.68,0.32,-0.1277,14.886368,453.3609,15.445078,139.67355,14.144373,147.38943,13.186,0.027,12.619,0.025,12.456,0.028,12.33,0.022,12.332,0.023,12.542,0.461,8.946,,,,21.86860084533692,0.3431999981403351,,,,,AAA,0000,AACU,RS,SSG,,,,,,,,,,,,,,,
754,ZTF J204838.65+195216.9,2MASS 20483866+1952169,1814415398124881024,WISEA J204838.66+195216.8,GALEX J204838.7+195216,312.1610816170921,19.87133507446638,1169.0651601297443,,3.4,0.3,-0.1427,13.584476,496.95218,14.07324,145.90082,12.928963,178.64462,12.106,0.023,11.651,0.023,11.53,0.019,11.509,0.023,11.533,0.021,11.601,0.199,9.071,,,,19.704099655151367,0.1027999967336654,,,,,AAA,dh00,AABU,RS,RS,,,,,,,,,,,,,,,
755,ZTF J202806.98+202208.7,2MASS 20280699+2022087,1816802369152290304,WISEA J202807.00+202208.5,,307.0291194020486,20.369069049402015,1392.1449076553024,,0.9,0.49,,14.491011,935.07904,15.086899,228.87459,13.751432,289.57434,12.731,0.023,12.17,0.021,12.083,0.024,11.882,0.023,11.921,0.022,12.028,0.371,8.696,,,,,,,,,,AAA,0000,AACU,RS,RS,,,,,,,,,,,,,,,
756,ZTF J203337.55+202833.1,2MASS 20333754+2028332,1817507980738653824,WISEA J203337.54+202833.1,,308.4064675428163,20.475846024729037,958.6825523061244,,3.87,0.29,-0.2775,12.823415,166.06326,13.431219,53.605194,12.081151,57.444576,11.106,0.022,10.507,0.028,10.317,0.022,10.151,0.023,10.124,0.02,9.979,0.051,8.586,,,,,,,,,,AAA,0000,AAAU,RS,SSG,,,,,,,,,,,,,,,
757,ZTF J203603.23+203451.3,2MASS 20360324+2034516,1817524228596221056,WISEA J203603.24+203451.5,,309.0134989410715,20.58091852689852,1106.9176011588347,,0.62,0.24,-0.6118,13.569808,582.0161,13.994125,163.1723,12.969427,178.05641,12.271,0.024,11.875,0.028,11.757,0.021,11.73,0.022,11.741,0.02,11.73,0.267,8.36,,,,,,,,,,AAA,0000,AABU,cut,RS,950.250779452051,96.204895,0.0512082332705959,0.051464144,,,,,Orbital,0.63304883,0.6672798,0.70037496,0.73246413,0.7636532,0.79403055
758,ZTF J203637.12+203809.7,2MASS 20363712+2038098,1817529008898974336,WISEA J203637.12+203809.7,,309.1546892875195,20.63602009516642,1530.7961172549744,,2.01,0.24,-0.4529,15.652646,210.70961,16.4568,53.98186,14.745758,70.759125,13.289,0.024,12.656,0.031,12.442,0.024,12.351,0.023,12.254,0.023,12.25,0.335,8.658,,,,,,,,,,AAA,0000,AABU,SSG,SSG,,,,,,,,,,,,,,,
759,ZTF J204505.58+212315.3,2MASS 20450560+2123153,1817814538323691648,WISEA J204505.58+212315.1,,311.2732946353256,21.38756881607753,1758.6722571370135,,12.56,0.29,0.1701,15.283953,543.1062,15.927558,163.69298,14.506634,255.60533,13.573,0.026,13.018,0.027,12.873,,12.638,0.023,12.673,0.025,12.181,0.33,8.716,,,,,,,,,,AAU,0000,AABU,SSG,SSG,,,,,,,,,,,,,,,
760,ZTF J203108.35+214118.2,2MASS 20310836+2141182,1818453629461322496,WISEA J203108.35+214118.1,,307.78482013640877,21.688376386537804,1623.966041657391,,2.87,0.5,-0.3858,15.549308,148.92203,16.236872,39.710735,14.731549,55.335896,13.805,0.025,13.197,0.036,12.92,0.032,12.574,0.024,12.539,0.024,12.135,0.328,8.994,,,,,,,,,,AAA,hhD0,AABU,SSG,SSG,,,,,,,,,,,,,,,
761,ZTF J210110.12+212428.4,2MASS 21011012+2124282,1837946871103732096,WISEA J210110.11+212428.3,,315.2921729101657,21.407860001335067,1677.220838038667,,0.47,0.41,-0.3701,13.749908,497.00638,14.093531,152.05939,13.236307,166.83836,12.607,0.023,12.289,0.029,12.211,0.025,12.212,0.023,12.216,0.022,12.089,0.354,9.039,,,,,,,,,,AAA,0000,AABU,RS,RS,,,,,,,,,,,,,,,
762,ZTF J210235.21+222815.8,2MASS 21023521+2228158,1838449584139137536,WISEA J210235.21+222815.7,GALEX J210235.0+222815,315.6467309046054,22.471041501085303,1655.6281295332356,,2.14,0.41,-0.0829,14.879135,437.2355,15.4531145,141.8009,14.147287,178.81012,13.138,0.023,12.596,0.035,12.442,0.024,12.367,0.023,12.392,0.023,12.489,0.458,9.23,,,,21.17919921875,0.3131000101566314,,,,,AAA,0000,AACU,RS,SSG,,,,,,,,,,,,,,,
763,ZTF J210556.20+222237.6,2MASS 21055619+2222376,1838468761168427264,WISEA J210556.19+222237.5,,316.48417180580384,22.37710649035372,1849.8562484028348,,15.25,0.47,-0.0246,15.095025,444.68378,15.784014,130.74387,14.288933,157.5387,13.35,0.026,12.627,0.03,12.47,0.018,12.358,0.023,12.366,0.024,12.319,0.427,8.738,,,,,,,,,,AAA,0000,AACU,RS,SSG,,,,,,,,,,,,,,,
764,ZTF J205212.59+213826.1,2MASS 20521259+2138261,1838886541229830144,WISEA J205212.59+213826.0,,313.0524688604346,21.64055775271028,1506.6788504935046,,1.09,0.32,-0.1313,14.980273,271.85834,15.6639385,75.05257,14.178798,90.46234,13.045,0.026,12.422,0.029,12.281,0.026,12.226,0.023,12.217,0.023,12.346,0.37,9.115,,,,,,,,,,AAA,0000,AACU,SSG,SSG,,,,,,,,,,,,,,,
765,ZTF J210141.61+223137.7,2MASS 21014161+2231377,1839196599210263168,WISEA J210141.61+223137.6,,315.4233825750417,22.52712969504459,1381.5598423991828,,5.54,0.47,-1.0177,14.528067,235.37798,15.173362,69.25808,13.646184,91.69667,12.48,0.025,11.893,0.032,11.69,0.022,11.663,0.023,11.657,0.021,11.218,0.14,9.057,,,,,,,,,,AAA,0000,AABU,cut,SSG,,,,,,,,,,,,,,,
766,ZTF J205940.75+224822.7,2MASS 20594075+2248227,1839267899964458880,WISEA J205940.75+224822.6,,314.9198132957658,22.806304163954795,1654.3728308827745,,15.01,0.41,-0.1715,15.381626,377.74017,16.072418,106.31173,14.567804,146.97995,13.457,0.024,12.865,0.032,12.702,0.033,12.652,0.024,12.631,0.023,12.132,,8.837,,,,,,,,,,AAA,0000,AAUU,SSG,SSG,,,,,,,,,,,,,,,
767,ZTF J205727.71+235438.3,2MASS 20572772+2354384,1839672142286382464,WISEA J205727.72+235438.2,GALEX J205727.7+235438,314.3655054535185,23.910627241636632,1943.6478826808568,,1.57,0.49,-0.4324,13.809647,1308.6503,14.210922,539.5528,13.233253,365.44318,12.496,0.021,12.083,0.022,12.007,0.02,11.905,0.022,11.949,0.022,12.181,0.356,8.757,,,,18.94799995422364,0.0759999975562095,,,,,AAA,0000,AACU,RS,RS,,,,,,,,,,,,,,,
768,ZTF J211415.27+234053.2,2MASS 21141525+2340532,1839981925390730112,WISEA J211415.26+234053.1,,318.56361351265167,23.68143642529385,1783.6856630875347,,6.64,0.43,-0.4408,15.613619,827.2161,16.234266,243.42462,14.85733,266.51544,13.827,0.025,13.307,0.026,13.112,0.036,13.145,0.024,13.191,0.028,12.637,,9.037,,,,,,,,,,AAA,0000,AAUU,RS,SSG,,,,,,,,,,,,,,,
769,ZTF J211303.73+243929.9,2MASS 21130375+2439301,1840650295318532096,WISEA J211303.74+243929.9,GALEX J211303.6+243929,318.26557079332173,24.65830027314736,1228.7086547932524,,1.54,0.28,-0.2712,13.694318,394.0769,14.123052,122.09133,13.085706,124.18758,12.289,0.021,11.89,0.02,11.796,0.018,11.76,0.023,11.776,0.023,12.064,0.286,9.129,,,,19.249900817871097,0.0520999990403652,,,,,AAA,0000,AABU,RS,RS,,,,,,,,,,,,,,,
770,ZTF J210733.84+252829.8,2MASS 21073382+2528297,1841333401277496064,WISEA J210733.84+252829.8,GALEX J210733.7+252829,316.89101980144835,25.474942310392976,1691.931661995842,,15.15,0.43,-0.2463,14.261897,381.99048,14.881727,102.92915,13.488639,140.25679,12.464,0.021,11.835,0.023,11.687,0.02,11.67,0.023,11.655,0.022,11.765,0.226,9.029,,,,21.53400039672852,0.3664000034332275,,,,,AAA,0000,AABU,RS,SSG,,,,,,,,,,,,,,,
771,ZTF J211211.58+264903.3,2MASS 21121157+2649031,1841899477968693888,WISEA J211211.57+264903.1,GALEX J211211.6+264903,318.04826852879427,26.817569597796968,851.3256694468215,,12.86,0.37,-0.1577,13.261862,698.63257,13.865281,197.2227,12.518012,198.81224,11.628,0.024,10.957,0.028,10.891,0.018,10.799,0.023,10.798,0.021,10.537,0.072,8.777,,,,20.77639961242676,0.2362000048160553,,,,,AAA,0000,AAAU,RS,SSG,,,,,,,,,,,,,,,
772,ZTF J204654.58+223729.2,2MASS 20465457+2237292,1842062682428603520,WISEA J204654.58+223729.1,,311.7274000770936,22.624762574371296,1165.5559610136102,,2.38,0.33,-0.4146,13.576397,906.0889,14.036575,325.07462,12.918519,425.97702,11.975,0.021,11.546,0.017,11.413,0.019,11.375,0.023,11.397,0.022,11.141,0.133,8.839,,,,,,,,,,AAA,hhd0,AABU,cut,RS,,,,,,,,,,,,,,,
773,ZTF J205233.92+230128.8,2MASS 20523393+2301291,1842125908644000256,WISEA J205233.93+230128.8,,313.1414102326093,23.02467088521926,1877.804902523891,,4.43,0.3,-0.1049,15.280481,833.0226,15.835045,229.89206,14.562696,247.38017,13.561,0.028,13.057,0.032,12.956,0.03,12.917,0.024,12.924,0.025,12.778,,8.969,,,,,,,,,,AAA,0000,AAUU,RS,SSG,,,,,,,,,,,,,,,
774,ZTF J205222.40+231015.5,2MASS 20522241+2310155,1842154049269297792,WISEA J205222.41+231015.5,GALEX J205222.4+231016,313.09337653143655,23.170979386573617,1616.3179285699534,,14.06,0.3,,14.496978,1187.5981,15.00567,353.44675,13.82458,422.12054,12.989,0.024,12.492,0.031,12.395,0.026,12.344,0.023,12.385,0.024,11.927,0.355,9.074,,,,20.71929931640625,0.1991000026464462,,,,,AAA,0000,AABU,RS,RS,,,,,,,,,,,,,,,
775,ZTF J204436.07+230928.6,2MASS 20443607+2309286,1842327737747408512,WISEA J204436.08+230928.5,,311.15030123877017,23.15793621237744,1299.1375989466146,,0.88,0.34,,13.233812,426.41946,13.854184,122.63295,12.470421,162.26675,11.385,0.023,10.812,0.021,10.652,0.02,10.575,0.024,10.586,0.021,10.425,0.072,8.729,,,,,,,,,,AAA,0000,AAAU,RS,RS,,,,,,,,,,,,,,,
776,ZTF J204355.93+231933.0,2MASS 20435593+2319330,1842345364293374080,WISEA J204355.92+231933.0,,310.98302991111683,23.32583816872088,1366.606752539278,,1.33,0.38,-0.067,13.653029,355.86066,14.274882,108.79889,12.88763,129.23874,11.836,0.023,11.246,0.022,11.089,0.02,11.046,0.023,11.052,0.021,10.857,0.089,8.683,,,,,,,,,,AAA,0000,AAAU,RS,SSG,,,,,,,,,,,,,,,
777,ZTF J204856.45+233315.0,2MASS 20485644+2333149,1842401714264073344,WISEA J204856.44+233314.9,,312.23518575232373,23.554145634302973,1905.6440818928552,,8.62,0.46,-0.3478,15.42866,541.11743,16.011452,149.68715,14.70047,199.38533,13.761,0.022,13.268,0.027,13.087,0.032,13.034,0.024,13.044,0.027,12.492,,9.05,,,,,,,,,,AAA,0000,AAUU,RS,SSG,,,,,,,,,,,,,,,
778,ZTF J204806.12+233448.5,2MASS 20480614+2334486,1842413735873845376,WISEA J204806.13+233448.4,,312.0255084890101,23.58012456501171,1308.4086489761437,,2.8,0.48,-0.329,14.855517,318.34814,15.669586,96.291405,13.965369,120.266014,12.651,0.022,11.947,0.019,11.76,0.02,11.671,0.023,11.613,0.022,11.08,0.133,8.768,,,,,,,,,,AAA,0000,AABU,SSG,SSG,,,,,,,,,,,,,,,
779,ZTF J204033.32+242231.5,2MASS 20403331+2422315,1843406766674524672,WISEA J204033.32+242231.4,,310.1388464624985,24.375411627735065,1978.9711067132805,,9.65,0.41,0.1776,15.100605,767.17505,15.633019,181.80934,14.418051,187.31311,13.541,0.027,13.119,0.033,12.98,0.03,12.939,0.023,13.029,0.027,12.77,,9.035,,,,,,,,,,AAA,0h00,AAUU,RS,RS,,,,,,,,,,,,,,,
780,ZTF J203943.17+244050.2,2MASS 20394318+2440502,1843465629205529472,WISEA J203943.17+244050.2,,309.92989770604635,24.68059511299648,1066.8543005478402,,1.57,0.47,-0.6551,15.106159,787.1004,15.769375,223.68547,14.284116,292.60834,13.235,0.027,12.67,0.031,12.523,0.026,12.423,0.022,12.423,0.024,12.135,0.341,8.794,,,,,,,,,,AAA,0000,AABU,cut,SSG,,,,,,,,,,,,,,,
781,ZTF J204646.74+251857.1,2MASS 20464675+2518573,1843755831552367488,WISEA J204646.74+251857.1,,311.69475341641953,25.31585079642536,1348.6903167985029,,0.93,0.41,-0.1043,14.480137,902.98535,15.069061,256.18112,13.75043,337.94284,12.836,0.027,12.219,0.03,12.111,0.02,12.127,0.023,12.151,0.023,11.653,0.209,8.905,,,,,,,,,,AAA,0000,AABU,RS,SSG,,,,,,,,,,,,,,,
782,ZTF J205609.99+275048.9,2MASS 20560999+2750488,1845811643422764800,WISEA J205610.00+275048.7,GALEX J205610.0+275049,314.04165731931573,27.84689694601556,820.2980960838796,,5.52,0.45,-0.0716,13.004083,858.0685,13.556563,228.2056,12.301658,289.10168,11.42,0.022,10.91,0.022,10.795,0.017,10.729,0.022,10.762,0.02,10.596,0.082,8.679,,,,20.67970085144043,0.1986999958753585,,,,,AAA,0000,AAAU,RS,RS,,,,,,,,,,,,,,,
783,ZTF J205646.17+282729.7,2MASS 20564618+2827298,1846226434183529984,WISEA J205646.17+282729.6,GALEX J205646.1+282732,314.1923958956824,28.45824947154347,1646.859329264253,,8.36,0.43,-0.1106,14.4572935,208.82155,15.058762,64.30498,13.695978,69.49948,12.62,0.023,12.047,0.02,11.902,0.022,11.812,0.023,11.814,0.022,11.439,0.137,9.235,,,,21.765600204467773,0.398499995470047,,,,,AAA,0000,AABU,RS,SSG,,,,,,,,,,,,,,,
784,ZTF J211800.95+255334.2,2MASS 21180093+2553339,1846847623888762880,WISEA J211800.94+255334.0,,319.5039464166491,25.892802011967603,1615.2664019993035,,1.63,0.3,-0.4113,15.957704,280.0182,16.63645,70.44284,15.123133,104.752716,13.827,0.026,13.208,0.023,13.07,0.031,13.015,0.023,12.993,0.027,12.19,,8.796,,,,,,,,,,AAA,0000,AAUU,cut,SSG,,,,,,,,,,,,,,,
785,ZTF J211900.85+274202.3,2MASS 21190086+2742024,1847873124642267136,WISEA J211900.85+274202.2,GALEX J211900.7+274203,319.75355133324786,27.700619540249427,1589.1790546259074,,4.12,0.36,,14.672498,560.8526,15.195656,166.98053,13.989737,184.72969,13.08,0.023,12.61,0.022,12.469,0.023,12.421,0.024,12.453,0.025,12.315,0.413,8.959,,,,21.81049919128418,0.3102999925613403,,,,,AAA,0000,AACU,RS,RS,,,,,,,,,,,,,,,
786,ZTF J211302.82+271054.2,2MASS 21130283+2710542,1847957890117055232,WISEA J211302.83+271054.1,GALEX J211302.9+271054,318.2617895357011,27.18171631438676,1945.3435178978991,,7.29,0.43,0.0083,14.845642,2278.3782,15.304666,558.83124,14.219182,609.2166,13.469,0.024,13.08,0.024,12.991,0.027,12.98,0.025,12.968,0.026,12.558,0.422,8.625,,,,21.3080997467041,0.2694000005722046,,,,,AAA,0000,AACU,RS,RS,,,,,,,,,,,,,,,
787,ZTF J212210.70+281840.2,2MASS 21221069+2818401,1848291729334361728,WISEA J212210.70+281840.1,,320.54459558478754,28.311145690136097,1714.9964822672923,,3.06,0.35,0.0214,15.555051,298.18982,16.215317,79.99766,14.745667,110.39829,13.643,0.025,13.027,0.026,12.857,0.03,12.861,0.024,12.859,0.025,12.647,0.453,9.109,,,,,,,,,,AAA,0000,AACU,SSG,SSG,,,,,,,,,,,,,,,
788,ZTF J211817.14+284720.2,2MASS 21181714+2847202,1848545098045114624,WISEA J211817.15+284720.1,,319.57144572047804,28.7889306066485,1849.5750478984191,,3.74,0.41,-0.1305,15.2797575,610.11224,16.107855,146.6304,14.37291,188.11868,13.121,0.024,12.418,0.022,12.197,0.022,12.008,0.023,12.014,0.022,12.359,0.325,9.223,,,,,,,,,,AAA,hh00,AABU,SSG,SSG,,,,,,,,,,,,,,,
789,ZTF J212244.66+294724.3,2MASS 21224466+2947243,1848721432222417408,WISEA J212244.66+294724.3,GALEX J212244.7+294726,320.6861154718649,29.79008288102559,1507.038517182563,,15.81,0.46,-0.1026,14.712828,141.52893,15.473421,38.214012,13.860859,49.69703,12.412,0.024,11.766,0.022,11.611,0.018,11.64,0.023,11.628,0.021,11.437,0.161,8.876,,,,21.675600051879883,0.3662999868392944,,,,,AAA,0000,AABU,SSG,SSG,,,,,,,,,,,,,,,
790,ZTF J213241.43+274447.1,2MASS 21324143+2744468,1848800631417750144,WISEA J213241.43+274447.0,,323.1726497363145,27.746389900856094,1268.376776546873,,5.28,0.4,-0.3054,14.882264,432.14612,15.510291,119.54289,14.104349,145.22859,13.144,0.024,12.547,0.026,12.356,0.024,12.284,0.023,12.291,0.023,11.943,0.244,8.531,,,,,,,,,,AAA,0000,AABU,RS,SSG,,,,,,,,,,,,,,,
791,ZTF J213445.30+291621.7,2MASS 21344529+2916215,1849205148617709312,WISEA J213445.31+291621.6,,323.6887844853161,29.27268452734785,1771.3536827476053,,7.13,0.45,,14.921095,287.41122,15.610145,82.29614,14.111482,106.225296,13.17,0.028,12.565,0.031,12.358,0.029,12.18,0.023,12.186,0.023,12.212,0.446,9.116,,,,,,,,,,AAA,0000,AACU,RS,SSG,,,,,,,,,,,,,,,
792,ZTF J214021.88+302017.7,2MASS 21402187+3020179,1849725045820430848,WISEA J214021.87+302017.8,GALEX J214021.8+302017,325.09116176745806,30.338263130517827,1435.7846743817588,,12.78,0.36,-0.1722,14.369781,529.4416,14.940096,150.53616,13.639539,192.91644,12.711,0.023,12.202,0.031,12.042,0.023,11.917,0.023,11.94,0.023,11.761,0.244,8.403,,,,21.8129997253418,0.3046000003814697,,,,,AAA,0000,AABU,RS,SSG,,,,,,,,,,,,,,,
793,ZTF J212638.95+290841.4,2MASS 21263896+2908416,1849929035288012160,WISEA J212638.96+290841.5,,321.662319541964,29.144827309974826,1716.651796273782,,0.68,0.44,,15.973977,1221.5334,16.45513,318.0418,15.12336,700.45984,14.133,0.029,13.654,0.031,13.543,0.041,13.452,0.025,13.435,0.032,12.223,,8.956,0.473,,,,,,,,,AAA,0000,AAUC,cut,SSG,,,,,,,,,,,,,,,
794,Gaia DR2 1850441824321539456,2MASS 21325477+3024149,1850441824321539456,WISEA J213254.76+302414.8,,323.22818379150806,30.404079208435945,1564.6510800772687,,15.43,0.45,0.0195,14.900206,175.66182,15.692443,44.190704,14.008899,61.023132,12.485,0.021,11.785,0.018,11.596,0.013,11.548,0.023,11.528,0.021,11.455,0.164,9.148,,,,,,,,,,AAA,0000,AABU,SSG,SSG,,,,,,,,,,,,,,,
795,ZTF J211439.83+292907.6,2MASS 21143983+2929076,1851826831016346752,WISEA J211439.83+292907.6,,318.66599295498673,29.4854368378358,1379.2940882874282,,3.77,0.34,-0.1842,14.64428,607.5893,15.311918,148.399,13.845388,219.08382,12.749,0.022,12.107,0.031,11.98,0.024,11.931,0.023,11.917,0.022,11.992,0.29,8.535,,,,,,,,,,AAA,0000,AABU,SSG,SSG,,,,,,,,,,,,,,,
796,ZTF J210701.58+293726.7,2MASS 21070156+2937266,1852175578061885568,WISEA J210701.55+293726.8,,316.7565928847685,29.624075497231676,1330.7137649777078,,6.58,0.41,,15.209528,318.23395,15.850118,101.22499,14.370601,106.463684,12.929,0.029,12.316,0.029,12.16,0.028,11.915,0.026,11.885,0.025,12.082,0.263,8.997,,,,,,,,,,EEA,00P0,AABU,SSG,SSG,,,,,,,,,,,,,,,
797,ASASSN-V J211256.97+313724.6,2MASS 21125697+3137248,1852910124852815104,WISEA J211256.97+313724.7,,318.23739660315863,31.623504795882337,850.5120894083661,,5.41,0.48,0.0159,13.262852,318.1115,13.936696,95.63396,12.4622135,115.32384,11.278,0.021,10.669,0.022,10.523,0.017,10.47,0.022,10.47,0.02,10.342,0.06,9.124,0.535,,,,,,,,,AAA,0000,AAAC,RS,SSG,,,,,,,,,,,,,,,
798,ZTF J212751.15+330058.5,2MASS 21275115+3300585,1854222598137451904,WISEA J212751.15+330058.4,,321.9631564596218,33.01623620862685,1854.449051864325,,12.0,0.49,,14.180694,655.06177,14.737936,210.18446,13.448291,208.62906,12.412,0.021,11.786,0.018,11.655,0.016,11.521,0.023,11.503,0.021,11.006,0.12,8.826,0.409,,,,,,,,,AAA,hh00,AABC,RS,RS,,,,,,,,,,,,,,,
799,ZTF J212901.20+333057.2,2MASS 21290120+3330573,1854272900795342848,WISEA J212901.20+333057.2,GALEX J212901.2+333057,322.25500528444906,33.51589432630155,1901.1528343865052,,3.93,0.47,-0.2243,15.768691,316.21823,16.409588,89.88458,14.980543,118.56901,13.949,0.021,13.281,0.025,13.247,0.033,13.178,0.025,13.146,0.028,12.549,,8.777,,,,21.580299377441406,0.4223999977111816,,,,,AAA,0000,AAUU,RS,SSG,,,,,,,,,,,,,,,
800,ZTF J211633.10+325324.5,2MASS 21163311+3253244,1854780806448258944,WISEA J211633.10+325324.4,,319.13795456279144,32.890122967093184,1982.1003603690588,,1.22,0.34,,14.612751,395.37073,15.308231,121.54413,13.789536,146.7002,12.662,0.02,11.975,0.023,11.82,0.02,11.763,0.023,11.754,0.021,11.649,0.198,9.236,,,,,,,,,,AAA,0000,AABU,SSG,SSG,,,,,,,,,,,,,,,
801,ZTF J212223.68+330305.9,2MASS 21222368+3303060,1854927934847216000,WISEA J212223.68+330305.9,,320.59867747709535,33.05162289143737,932.5880467967592,,3.81,0.36,,13.65072,504.51144,14.337395,147.03282,12.832675,190.4161,11.407,0.025,10.775,0.022,10.618,0.012,10.622,0.023,10.57,0.02,10.42,0.063,8.759,,,,,,,,,,AAA,0h00,AAAU,SSG,SSG,,,,,,,,,,,,,,,
802,ZTF J205322.50+284839.4,2MASS 20532251+2848394,1857940287472039424,WISEA J205322.51+284839.4,,313.34379059465556,28.810932098044965,1626.8073070592538,,1.08,0.48,0.0194,14.802765,511.21503,15.425874,126.55847,14.041671,147.79141,13.031,0.028,12.418,0.032,12.288,0.028,12.167,0.023,12.22,0.022,11.948,0.276,8.574,,,,,,,,,,AAA,0000,AABU,RS,SSG,,,,,,,,,,,,,,,
803,ZTF J205715.70+300905.9,2MASS 20571570+3009059,1858546187104451456,WISEA J205715.71+300905.9,,314.3154402811197,30.15163107052566,1735.9788967414752,,4.8,0.48,-0.2196,15.610798,521.78217,16.307495,154.68518,14.779154,195.6531,13.496,0.026,12.896,0.024,12.744,0.027,12.696,0.023,12.706,0.025,12.092,,9.095,,,,,,,,,,AAA,0000,AAUU,SSG,SSG,,,,,,,,,,,,,,,
804,ZTF J211309.75+350557.1,2MASS 21130976+3505570,1867228583746337536,WISEA J211309.76+350557.0,,318.29065082312627,35.09917560854708,1919.109026385558,,5.45,0.38,-0.1615,15.245586,369.49866,15.972398,113.79712,14.384981,131.58636,13.091,0.025,12.396,0.023,12.24,0.022,12.055,0.024,12.094,0.022,12.179,0.316,9.047,,,,,,,,,,AAA,0000,AABU,SSG,SSG,,,,,,,,,,,,,,,
805,ZTF J211933.21+354002.3,2MASS 21193321+3540022,1867527685268509312,WISEA J211933.21+354002.2,,319.88840842268496,35.66729270542599,1523.112997116276,,23.68,0.4,-0.2496,14.291234,1136.1697,14.859675,330.11368,13.574807,427.92087,12.706,0.024,12.142,0.022,12.02,0.02,11.894,0.023,11.962,0.023,12.011,0.265,9.178,,,,,,,,,,AAA,0000,AABU,RS,SSG,,,,,,,,,,,,,,,
806,ZTF J211325.52+354257.9,2MASS 21132553+3542579,1867672374127531648,WISEA J211325.53+354257.8,,318.35635972077733,35.716050760048795,1535.8696544434022,,16.87,0.46,-0.7274,13.706734,763.11725,14.191887,232.6695,13.04416,242.21465,12.162,0.022,11.66,0.023,11.537,0.02,11.462,0.023,11.479,0.021,11.435,0.13,9.103,,,,,,,,,,AAA,0000,AABU,RS,RS,,,,,,,,,,,,,,,
807,ZTF J211025.95+363103.0,2MASS 21102595+3631029,1868517967291016704,WISEA J211025.94+363103.0,,317.6081461582497,36.51749510736331,1424.7616313064973,,6.89,0.44,-0.0105,14.671208,286.0953,15.335634,84.91624,13.8760805,100.42086,12.759,0.026,12.117,0.029,11.945,0.018,11.822,0.023,11.804,0.021,11.75,0.207,8.831,,,,,,,,,,AAA,0000,AABU,RS,SSG,,,,,,,,,,,,,,,
808,ZTF J223057.88+212147.3,2MASS 22305789+2121472,1873975874279212416,WISEA J223057.89+212147.3,GALEX J223057.9+212149,337.74120299198796,21.36313900423631,1044.4338334551703,,13.01,0.11,,13.9329815,587.429,14.507621,129.6554,13.212891,193.33899,12.338,0.021,11.751,0.022,11.612,0.021,11.525,0.024,11.555,0.021,11.488,0.21,8.776,,,,21.078399658203125,0.2258999943733215,,,,,AAA,0000,AABU,RS,RS,,,,,,,,,,,,,,,
809,ZTF J223259.17+215554.7,2MASS 22325920+2155548,1874375512397004416,WISEA J223259.19+215554.6,GALEX J223259.1+215555,338.24659007162313,21.931861329436018,1756.149641521225,,4.02,0.14,-0.8367,14.448602,418.20694,14.962439,125.94751,13.754061,152.41235,12.828,0.023,12.287,0.022,12.181,0.024,11.988,0.023,11.984,0.022,12.309,0.39,9.147,,,,20.52300071716309,0.130400002002716,,,,,AAA,hhH0,AACU,RS,SSG,,,,,,,,,,,,,,,
810,CSS J224209.4+250147,2MASS 22420942+2501480,1877454248033704192,WISEA J224209.42+250147.9,GALEX J224209.4+250146,340.53927684434797,25.029978625446184,1096.1726072664326,,5.85,0.19,-1.128,14.918234,296.93484,15.456717,88.86334,14.153225,130.49155,13.175,0.023,12.64,0.022,12.521,0.027,12.481,0.024,12.502,0.025,11.938,0.244,9.192,,,,22.197799682617188,0.3472999930381775,,,,,AAA,0000,AABU,cut,SSG,,,,,,,,,,,,,,,
811,ZTF J221638.93+233449.2,2MASS 22163892+2334488,1878398522363779328,WISEA J221638.92+233449.1,GALEX J221639.0+233447,334.1622159174945,23.58032917823508,1892.9683224294915,,12.71,0.21,,14.975882,291.50394,15.58611,80.21987,14.2163315,100.27878,13.438,0.027,12.794,0.03,12.638,0.029,12.468,0.024,12.484,0.024,12.32,0.381,9.275,,,,22.45159912109375,0.417600005865097,,,,,AAA,0000,AACU,RS,SSG,,,,,,,,,,,,,,,
812,V0644 Peg,2MASS 22343426+2707461,1881136306316846208,WISEA J223434.25+270746.1,,338.64268002829135,27.129446945948654,541.9608682992435,,13.48,0.12,,12.049925,271.27585,12.613746,72.348526,11.319843,100.69106,10.217,0.023,9.673,0.021,9.573,0.022,9.582,0.023,9.59,0.02,9.459,0.038,8.435,,,,,,,,,,AAA,0000,AAAU,RS,RS,,,,,,,,,,,,,,,
813,ZTF J222628.96+281509.0,2MASS 22262896+2815090,1882242827331274368,,,336.62070074236357,28.25250404879835,1865.3025206203024,,7.38,0.22,-0.5633,15.302866,208.072,15.926005,64.24832,14.512395,78.06544,13.421,0.026,12.842,0.031,12.622,0.026,,,,,,,,,,,,,,,,,AAA,,,SSG,SSG,,,,,,,,,,,,,,,
814,CSS J225448.7+261327,2MASS 22544873+2613271,1882769596480687488,WISEA J225448.73+261327.1,GALEX J225448.6+261327,343.7030653467111,26.224193817610292,769.8430715990443,,13.34,0.28,-0.1315,13.356746,536.91455,13.995979,155.91733,12.579268,207.03459,11.65,0.018,11.038,0.016,10.869,0.017,10.741,0.023,10.742,0.02,10.645,0.108,9.034,,,,20.968799591064453,0.1536000072956085,,,,,AAA,0000,AAAU,SSG,SSG,,,,,,,,,,,,,,,
815,ZTF J224938.56+255731.6,2MASS 22493856+2557316,1882891745349705600,WISEA J224938.56+255731.6,GALEX J224938.5+255732,342.41069460757524,25.958767714088996,1078.0188314781235,,9.17,0.33,-0.1602,14.236596,451.0098,14.970063,118.68359,13.398909,150.22089,12.571,0.021,11.853,0.022,11.655,0.018,11.436,0.023,11.407,0.021,11.122,0.132,9.037,,,,22.05290031433105,0.3675999939441681,,,,,AAA,0000,AABU,SSG,SSG,,,,,,,,,,,,,,,
816,ZTF J225028.89+262610.7,2MASS 22502890+2626106,1883003002184087552,WISEA J225028.89+262610.7,,342.62039786974066,26.436303529545047,1844.305882833068,,4.47,0.27,,15.514965,329.55023,16.15917,87.96016,14.741113,116.54678,13.678,0.024,13.113,0.028,12.954,0.025,12.909,0.023,12.95,0.027,12.691,0.536,9.003,,,,,,,,,,AAA,0000,AACU,SSG,SSG,,,,,,,,,,,,,,,
817,V0542 Peg,2MASS 22470553+2652546,1883743690766163968,WISEA J224705.54+265254.6,GALEX J224705.5+265254,341.773091434953,26.88185129427544,546.9515934259298,,2.22,0.19,-0.181,10.917288,389.39755,11.446664,126.8613,10.223187,147.04324,9.532,0.025,8.93,0.024,8.85,0.018,8.643,0.022,8.687,0.02,8.613,0.024,8.325,0.266,,,18.191499710083008,0.0419999994337558,,,,,AAA,0000,AAAB,RS,RS,,,,,,,,,,,,,,,
818,ZTF J225546.27+284056.3,2MASS 22554629+2840562,1884393300277003136,WISEA J225546.28+284056.3,GALEX J225546.2+284058,343.9428466921005,28.68230339151035,971.6169770290668,,1.07,0.16,,13.624957,1446.9281,14.12185,375.43658,12.964898,662.9056,12.102,0.021,11.639,0.022,11.538,0.02,11.439,0.023,11.507,0.022,11.19,0.128,8.84,,,,20.197599411010746,0.1216999962925911,,,,,AAA,0000,AABU,RS,RS,,,,,,,,,,,,,,,
819,ZTF J225413.83+283227.6,2MASS 22541381+2832275,1884411918958177280,WISEA J225413.82+283227.5,GALEX J225413.8+283227,343.55762337511567,28.541001577921655,1393.1779229017675,,4.7,0.14,-0.1702,14.159465,562.6157,14.648454,164.32776,13.499378,184.46005,12.684,0.023,12.189,0.022,12.073,0.021,11.985,0.022,12.015,0.023,12.233,0.336,8.772,,,,20.98360061645508,0.159400001168251,,,,,AAA,0000,AABU,RS,RS,,,,,,,,,,,,,,,
820,ZTF J230802.15+304513.5,2MASS 23080214+3045135,1885838814470160000,WISEA J230802.15+304513.4,GALEX J230802.1+304513,347.0089833172861,30.753736145291143,1115.8190417294636,,1.19,0.19,-0.7959,13.86664,252.3949,14.49963,73.210045,13.09614,85.62637,11.903,0.025,11.388,0.034,11.249,0.018,11.227,0.022,11.217,0.021,11.006,0.142,8.35,,,,21.01759910583496,0.1635999977588653,,,,,AAA,0000,AABU,SSG,SSG,,,,,,,,,,,,,,,
821,ZTF J230159.47+295331.8,2MASS 23015947+2953319,1886064798469149056,WISEA J230159.47+295331.9,,345.4978249701562,29.89217579821958,1879.395327830583,,11.82,0.14,0.0934,15.087968,1445.4386,15.58041,316.94153,14.434113,502.82626,13.644,0.027,13.245,0.026,13.196,0.037,13.049,0.024,13.084,0.029,12.215,,8.874,,,,,,,,,,AAA,0000,AAUU,RS,RS,,,,,,,,,,,,,,,
822,ZTF J230227.97+302213.0,2MASS 23022797+3022130,1886468868992153088,WISEA J230227.97+302212.9,,345.6165611221438,30.37027263749954,1567.220929060589,,5.4,0.14,-0.1006,14.482959,418.80527,15.06649,112.02392,13.754682,157.49171,12.805,0.025,12.236,0.021,12.085,0.021,11.963,0.024,11.988,0.022,12.353,0.358,8.871,,,,,,,,,,AAA,0000,AACU,RS,SSG,,,,,,,,,,,,,,,
823,ZTF J230359.97+304930.7,2MASS 23035998+3049308,1886553393948741248,WISEA J230359.98+304930.6,,345.9999272129874,30.82518772029379,1741.7723803828048,,0.53,0.16,-0.0999,14.884021,643.6397,15.348157,192.84747,14.25592,205.89516,13.524,0.024,13.093,0.031,12.971,0.032,12.872,0.024,12.91,0.027,12.454,,9.176,,,,,,,,,,AAA,0000,AAUU,RS,RS,,,,,,,,,,,,,,,
824,CSS J224929.9+293700,2MASS 22493001+2937000,1887732276572671232,WISEA J224929.99+293659.9,GALEX J224930.0+293700,342.37497006908205,29.61663100605012,1253.8990448936006,,6.3,0.2,-0.2836,14.518608,319.5155,15.2423725,88.27511,13.680707,118.91,12.415,0.022,11.739,0.022,11.544,0.02,11.51,0.022,11.45,0.02,11.327,0.147,8.422,,,,21.59199905395508,0.2344000041484832,,,,,AAA,0000,AABU,SSG,SSG,,,,,,,,,,,,,,,
825,ZTF J223602.41+304152.3,2MASS 22360241+3041519,1888614462856075392,WISEA J223602.40+304152.1,GALEX J223602.4+304153,339.01005163056755,30.697835233969084,723.8856778884782,,24.9,0.2,-0.07,13.09512,573.44244,13.6281395,160.76656,12.404813,217.49846,11.695,0.029,11.109,0.03,10.969,0.019,10.865,0.022,10.916,0.02,10.979,0.109,8.717,,,,20.54980087280273,0.1376000046730041,,,,,AAA,0000,AABU,RS,SSG,,,,,,,,,,,,,,,
826,ZTF J224452.93+312945.9,2MASS 22445291+3129459,1888898239934753664,WISEA J224452.92+312945.9,GALEX J224452.9+312946,341.2205358048207,31.49607393631701,1273.023810208554,,5.58,0.16,-0.1903,14.5366745,497.8937,15.218318,129.7777,13.726739,182.17644,12.568,0.023,11.908,0.024,11.746,0.022,11.689,0.022,11.673,0.021,11.943,0.255,8.886,0.407,,,22.265300750732425,0.3140000104904175,,,,,AAA,0000,AABC,SSG,SSG,,,,,,,,,,,,,,,
827,ZTF J220626.66+253129.0,2MASS 22062668+2531291,1891612968503363072,WISEA J220626.67+253129.1,,331.6111294728375,25.524722341202708,1542.1299718709834,,4.8,0.22,,14.496393,322.04404,15.097872,93.4282,13.741567,119.39571,12.805,0.022,12.19,0.021,12.071,0.021,11.974,0.022,11.996,0.021,11.666,0.179,8.635,,,,,,,,,,AAA,0000,AABU,RS,RS,,,,,,,,,,,,,,,
828,ZTF J220407.54+263509.9,2MASS 22040755+2635100,1892685091121936384,WISEA J220407.55+263509.9,GALEX J220407.5+263510,331.03144667780407,26.586085931875036,884.9520846116388,,3.45,0.19,-0.1293,12.910673,394.305,13.519268,113.32572,12.166658,159.12631,11.114,0.023,10.498,0.032,10.389,0.022,10.336,0.022,10.303,0.02,10.116,0.059,8.835,0.423,,,19.859399795532227,0.1011999994516372,,,,,AAA,0000,AAAC,RS,SSG,,,,,,,,,,,,,,,
829,ZTF J220343.65+272627.2,2MASS 22034365+2726271,1892878265868161920,WISEA J220343.65+272627.1,GALEX J220343.6+272628,330.9318990129077,27.44087929431931,1109.7876880257274,,5.69,0.2,-0.1332,12.796987,309.59402,13.409051,96.05381,12.039834,106.98704,11.006,0.023,10.433,0.03,10.26,0.018,10.153,0.023,10.138,0.021,10.011,0.052,9.217,,,,19.7549991607666,0.097800001502037,,,,,AAA,0000,AAAU,RS,SSG,,,,,,,,,,,,,,,
830,ZTF J221949.73+293804.5,2MASS 22194974+2938047,1894302854980808064,WISEA J221949.73+293804.6,GALEX J221949.8+293804,334.9572162999627,29.63459107225669,1092.192672988386,,9.32,0.18,-0.1976,13.424353,362.6383,13.996355,109.71042,12.690039,120.35233,11.77,0.021,11.183,0.02,11.032,0.019,10.988,0.024,10.966,0.022,10.825,0.098,8.576,,,,20.440000534057617,0.2232999950647354,,,,,AAA,0000,AAAU,RS,SSG,,,,,,,,,,,,,,,
831,ZTF J222610.50+294345.1,2MASS 22261051+2943450,1894491421226256000,WISEA J222610.51+294345.1,,336.5437796653716,29.729198514434668,1109.17745802199,,15.99,0.19,,13.583912,741.4366,14.182271,195.49643,12.84857,280.66656,11.935,0.022,11.347,0.023,11.208,0.018,11.075,0.023,11.122,0.021,11.24,0.144,8.951,,,,,,,,,,AAA,hh00,AABU,RS,RS,,,,,,,,,,,,,,,
832,ZTF J222351.69+295501.2,2MASS 22235170+2955014,1894652808916182400,WISEA J222351.70+295501.2,GALEX J222351.6+295501,335.9654169420668,29.916993484138036,1355.0521626516097,,7.78,0.2,-0.3402,13.535795,1275.714,13.972939,391.3394,12.934461,473.61227,12.248,0.021,11.814,0.018,11.717,0.016,11.659,0.023,11.708,0.022,11.35,0.135,9.005,,,,19.85950088500977,0.0631999969482421,,,,,AAA,0000,AABU,RS,RS,,,,,,,,,,,,,,,
833,ZTF J222214.42+295820.2,2MASS 22221443+2958203,1894662979398619136,WISEA J222214.43+295820.2,,335.56010167586106,29.97228321229048,1954.6417079140572,,15.25,0.21,,15.38184,519.3535,16.007038,160.80678,14.619367,201.39767,13.534,0.021,12.926,0.02,12.784,0.023,12.782,0.023,12.826,0.026,12.081,,9.161,,,,,,,,,,AAA,0000,AAUU,SSG,SSG,,,,,,,,,,,,,,,
834,ZTF J221920.80+301505.8,2MASS 22192080+3015058,1895462530511503360,WISEA J221920.80+301505.8,GALEX J221920.8+301506,334.8367056653911,30.251617483056883,1832.7280007569825,,4.48,0.21,,14.678965,773.8421,15.2375965,247.27376,13.957661,258.02005,12.953,0.022,12.371,0.021,12.211,0.02,12.077,0.023,12.072,0.023,12.07,0.318,9.014,,,,20.91710090637207,0.130400002002716,,,,,AAA,0000,AABU,RS,RS,,,,,,,,,,,,,,,
835,ZTF J222330.99+311057.6,2MASS 22233096+3110575,1895631168108775936,WISEA J222330.98+311057.5,GALEX J222331.0+311057,335.87913656331557,31.18264424704948,1169.0293423570274,,8.6,0.25,,13.970746,487.34512,14.562317,134.54349,13.225315,198.99121,12.155,0.022,11.577,0.022,11.446,0.016,11.412,0.023,11.425,0.022,11.316,0.152,9.066,,,,20.582500457763672,0.1796000003814697,,,,,AAA,hhh0,AABU,RS,RS,,,,,,,,,,,,,,,
836,ZTF J215218.81+282112.4,2MASS 21521882+2821125,1896321042933377920,WISEA J215218.81+282112.4,,328.07839802284155,28.35344528971288,1362.0474930094158,,8.7,0.23,,13.155014,662.6214,13.72282,190.6464,12.434815,248.97903,11.379,0.027,10.85,0.032,10.714,0.021,10.704,0.023,10.738,0.02,10.529,0.093,8.601,,,,,,,,,,AAA,0000,AAAU,RS,RS,,,,,,,,,,,,,,,
837,ZTF J215852.58+295132.9,2MASS 21585260+2951332,1896891723827655040,WISEA J215852.59+295133.0,,329.7191258743388,29.859160739988745,1873.6191465947993,,4.08,0.27,-0.1282,15.812738,347.5514,16.5044,75.37414,15.009349,87.870674,13.851,0.026,13.23,0.029,13.035,0.032,12.926,0.024,12.909,0.026,12.365,,9.24,,,,,,,,,,AAA,0000,AAUU,SSG,SSG,,,,,,,,,,,,,,,
838,ZTF J215122.55+292852.7,2MASS 21512254+2928526,1897208761133923712,WISEA J215122.55+292852.6,,327.8439854415688,29.48130330449496,900.2087117126198,,15.81,0.28,-0.1601,13.332365,410.32385,13.952737,109.84426,12.555753,146.61526,11.483,0.022,10.859,0.03,10.723,0.022,10.64,0.023,10.628,0.021,10.642,0.143,8.299,,,,,,,,,,AAA,0000,AABU,RS,SSG,,,,,,,,,,,,,,,
839,ZTF J220053.29+334421.5,2MASS 22005329+3344213,1899916205440091520,WISEA J220053.29+334421.4,,330.22205199931693,33.739283962242446,1471.663657133623,,0.93,0.43,,14.964817,670.34735,15.638658,175.55066,14.172452,254.32922,13.118,0.027,12.529,0.03,12.395,0.024,12.268,0.024,12.282,0.023,12.319,0.361,8.677,,,,,,,,,,AAA,0000,AACU,SSG,SSG,,,,,,,,,,,,,,,
840,ZTF J223922.28+323452.5,2MASS 22392229+3234525,1901262660506215424,WISEA J223922.29+323452.5,GALEX J223922.3+323453,339.8428672684646,32.58125989951666,960.8141471061888,,17.6,0.22,-0.9297,13.63657,968.2562,14.069861,172.9196,12.786889,196.51857,11.65,0.026,11.042,0.019,10.899,0.012,10.809,0.022,10.828,0.02,10.653,0.091,9.019,,,,20.30590057373047,0.1103999987244606,,,,,AAA,0000,AAAU,cut,SSG,,,,,,,,,,,,,,,
841,ZTF J222640.34+333551.1,2MASS 22264035+3335511,1902118492870016640,WISEA J222640.34+333551.0,GALEX J222640.4+333552,336.66811685621695,33.59751436804312,1962.7321304274528,,7.84,0.24,-0.1679,14.713066,472.48825,15.211081,134.31953,14.040262,149.77933,13.136,0.021,12.683,0.023,12.566,0.027,12.521,0.023,12.526,0.024,11.661,0.214,8.896,,,,21.00629997253418,0.228300005197525,,,,,AAA,0000,AABU,RS,RS,,,,,,,,,,,,,,,
842,CSS J223927.3+341933,2MASS 22392726+3419333,1903112417021167744,WISEA J223927.27+341933.3,GALEX J223927.3+341934,339.86367881252966,34.3259349294945,1566.0380208671882,,10.31,0.2,0.0724,15.587023,199.7901,16.260166,56.774204,14.784232,73.980576,13.657,0.025,13.008,0.023,12.792,0.023,12.761,0.025,12.785,0.025,12.745,0.475,8.994,,,,23.38349914550781,0.4943000078201294,,,,,AAA,0000,AACU,SSG,SSG,,,,,,,,,,,,,,,
843,ZTF J224346.16+355032.5,2MASS 22434617+3550325,1903725669631509248,WISEA J224346.17+355032.5,GALEX J224346.1+355031,340.9423575942715,35.84236300417211,1580.2241893055536,,8.33,0.31,-0.5412,14.007344,324.80432,14.580064,102.61329,13.284605,114.84102,12.282,0.021,11.701,0.019,11.526,0.017,11.476,0.022,11.487,0.021,11.309,0.143,9.231,,,,20.020000457763672,0.1182999983429908,,,,,AAA,0000,AABU,RS,SSG,,,,,,,,,,,,,,,
844,ZTF J223558.85+361538.5,2MASS 22355887+3615386,1904349230163360256,WISEA J223558.85+361538.6,GALEX J223558.8+361538,338.9952279039095,36.26068808365499,887.096721856446,,1.15,0.43,-0.1791,12.852036,330.35065,13.44292,93.75987,12.126273,121.685425,11.252,0.023,10.727,0.024,10.561,0.016,10.472,0.022,10.488,0.018,10.403,0.07,8.804,,,,20.50079917907715,0.152099996805191,,,,,AAA,0000,AAAU,RS,SSG,,,,,,,,,,,,,,,
845,ZTF J223900.74+362241.5,2MASS 22390074+3622415,1904549650517116160,WISEA J223900.74+362241.4,,339.75308636276407,36.378186918086094,1544.459941328648,,7.9,0.37,-0.1293,14.937029,713.6936,15.614195,164.4476,14.112971,236.14902,12.975,0.023,12.357,0.026,12.163,0.023,12.088,0.024,12.075,0.022,12.33,0.35,8.708,,,,,,,,,,AAA,d000,AABU,SSG,SSG,,,,,,,,,,,,,,,
846,GSC 02741-01676,2MASS 22165082+3411066,1905359440832592128,WISEA J221650.82+341106.6,GALEX J221650.8+341107,334.21178798429713,34.185189831841214,831.5712480317777,,7.09,0.28,-0.0994,11.666755,547.6551,12.156762,170.05663,11.002513,219.3458,10.125,0.026,9.637,0.03,9.542,0.02,9.542,0.023,9.565,0.021,9.426,0.036,9.001,0.434,21.495500564575195,0.337,18.25539970397949,0.0285000000149011,No,Absorption,Too Little Data,Too Little Data,AAA,0000,AAAC,RS,RS,,,,,,,,,,,,,,,
847,ZTF J221114.74+363602.0,2MASS 22111474+3636019,1906673219788651008,WISEA J221114.74+363602.0,,332.81144825885673,36.60055121413679,1958.6544356246677,,19.23,0.38,0.0487,15.401383,547.7389,16.064775,148.5009,14.614855,184.63815,13.496,0.024,12.977,0.024,12.776,0.029,12.756,0.024,12.781,0.027,12.137,,9.168,,,,,,,,,,AAA,0000,AAUU,RS,SSG,,,,,,,,,,,,,,,
848,ZTF J222150.99+363824.5,2MASS 22215101+3638246,1906856357193555840,WISEA J222151.00+363824.5,GALEX J222151.0+363824,335.4624900898284,36.6401448586601,1475.0773279443913,,0.41,0.3,-0.0898,14.1905575,608.8578,14.668377,182.21155,13.543665,182.22565,12.822,0.021,12.39,0.021,12.29,0.027,12.179,0.023,12.196,0.022,12.062,0.254,9.178,,,,20.34320068359375,0.1272999942302703,,,,,AAA,0000,AABU,RS,RS,,,,,,,,,,,,,,,
849,ZTF J222751.54+365010.3,2MASS 22275153+3650102,1907571623867183616,WISEA J222751.54+365010.1,,336.964757108716,36.8361800959595,1119.485112331744,,12.66,0.29,-0.269,13.047534,1762.3068,13.522698,535.9154,12.400921,630.1291,11.597,0.026,11.018,0.029,10.928,0.026,10.78,0.023,10.809,0.02,10.753,0.093,9.112,,,,,,,,,,AAA,0000,AAAU,RS,RS,,,,,,,,,,,,,,,
850,ZTF J223642.72+372806.7,2MASS 22364274+3728066,1907848425919540864,WISEA J223642.73+372806.7,,339.1780371760055,37.4685091390703,1639.4646813037846,,29.37,0.47,,14.196734,1441.1731,14.722859,362.77435,13.509461,508.5863,12.63,0.022,12.114,0.02,12.032,0.022,11.986,0.024,12.021,0.023,11.731,0.214,8.904,,,,,,,,,,AAA,0000,AABU,RS,RS,,,,,,,,,,,,,,,
851,ZTF J223605.20+390904.4,2MASS 22360520+3909044,1908276376461413504,WISEA J223605.20+390904.4,,339.0216876986972,39.15121965980348,488.981670410284,,2.4,0.4,-0.4612,13.580824,395.57062,14.373819,103.41953,12.702974,152.69376,11.467,0.021,10.815,0.021,10.639,0.018,10.505,0.023,10.492,0.021,10.424,0.071,9.18,,,,,,,,,,AAA,0000,AAAU,SSG,SSG,,,,,,,,,,,,,,,
852,ZTF J223534.89+393127.6,2MASS 22353489+3931276,1908365643061637376,WISEA J223534.89+393127.6,,338.8953780576479,39.52434286098646,480.8722417696249,,0.61,0.49,-0.5556,13.466844,371.81345,14.258411,90.59067,12.581644,143.2086,11.187,0.022,10.534,0.021,10.372,0.02,10.357,0.023,10.246,0.02,9.304,0.032,8.083,0.208,,,,,,,,,AAA,0000,AAAB,cut,SSG,,,,,,,,,,,,,,,
853,ZTF J222511.72+391334.5,2MASS 22251173+3913347,1908863309512002048,WISEA J222511.72+391334.5,,336.29886647180933,39.22625912226399,1318.5504270998545,,13.17,0.32,0.0503,13.687686,673.64624,14.278821,196.6224,12.945404,257.22675,11.984,0.022,11.414,0.021,11.266,0.018,11.281,0.023,11.299,0.021,11.142,0.118,9.268,,,,,,,,,,AAA,0000,AABU,RS,SSG,,,,,,,,,,,,,,,
854,ZTF J222610.79+394341.5,2MASS 22261080+3943415,1908888426481177472,WISEA J222610.79+394341.5,,336.5450011358021,39.72819577538805,1071.504240358821,,4.64,0.41,-0.07,13.214021,937.96075,13.8938055,251.84727,12.405691,348.92557,11.558,0.026,10.888,0.031,10.695,0.019,10.438,0.023,10.408,0.02,10.25,0.061,8.392,,,,,,,,,,AAA,0000,AAAU,RS,SSG,,,,,,,,,,,,,,,
855,ZTF J222403.59+392522.6,2MASS 22240358+3925226,1908904365101227776,WISEA J222403.59+392522.6,,336.0149767197261,39.42293995593052,1724.2617297714494,,5.22,0.33,-0.0664,14.9490185,671.1909,15.739914,175.34836,14.086512,239.67392,13.098,0.026,12.459,0.031,12.177,0.026,11.853,0.023,11.82,0.021,11.601,0.166,9.208,,,,,,,,,,AAA,dd00,AABU,SSG,SSG,,,,,,,,,,,,,,,
856,Gaia DR2 1909176567246861440,2MASS 22312534+4001323,1909176567246861440,WISEA J223125.36+400132.5,,337.8556593389985,40.02568453169353,1679.1116391730002,,5.78,0.38,-0.2198,15.37182,257.67075,16.125172,70.10336,14.494032,91.01682,12.897,0.024,12.243,0.023,12.11,0.026,12.059,0.023,12.028,0.021,11.879,0.213,8.962,,,,,,,,,,AAA,0000,AABU,SSG,SSG,,,,,,,,,,,,,,,
857,ZTF J230801.16+323541.9,2MASS 23080116+3235418,1910970901501847552,WISEA J230801.16+323541.8,,347.00485426494913,32.594958324403606,1136.5876630158912,,6.35,0.2,-0.1761,14.215114,987.9608,14.730476,280.44067,13.542711,369.66226,12.667,0.028,12.171,0.033,12.044,0.022,12.006,0.023,12.015,0.022,11.895,0.285,9.268,,,,,,,,,,AAA,0000,AABU,RS,SSG,,,,,,,,,,,,,,,
858,ZTF J230826.80+333806.3,2MASS 23082679+3338063,1911173486519053568,WISEA J230826.79+333806.2,,347.11167288440527,33.63507352643416,1121.6792007314157,,13.84,0.28,-0.0071,12.977027,680.1004,13.540315,199.06741,12.2681265,246.56186,11.466,0.025,10.903,0.03,10.773,0.022,10.578,0.024,10.617,0.022,10.408,0.067,8.906,,,,,,,,,,AAA,0000,AAAU,RS,RS,,,,,,,,,,,,,,,
859,ZTF J232716.26+335123.0,2MASS 23271623+3351229,1911895109743981312,WISEA J232716.25+335123.0,,351.81775475676267,33.856384683175925,1845.6621925798904,,16.47,0.35,-0.4569,14.919643,639.3007,15.509664,190.82338,14.170717,212.85458,13.091,0.029,12.469,0.032,12.328,0.022,12.267,0.023,12.246,0.024,11.993,0.293,8.828,,,,,,,,,,AAA,0000,AABU,RS,SSG,,,,,,,,,,,,,,,
860,ZTF J233307.08+354146.7,2MASS 23330709+3541472,1912572855584569472,WISEA J233307.09+354146.9,,353.27955028397895,35.69632661942529,1742.9525407266294,,14.92,0.3,-0.1613,13.779238,888.705,14.323303,279.45715,13.06605,324.34128,12.058,0.022,11.53,0.021,11.396,0.02,11.361,0.023,11.35,0.021,11.139,0.111,8.878,,,,,,,,,,AAA,0000,AABU,cut,SSG,,,,,,,,,,,,,,,
861,ZTF J232456.77+362839.9,2MASS 23245677+3628400,1913563893518012800,WISEA J232456.77+362839.9,,351.2365528093409,36.47774667032881,983.97847304458,,4.93,0.27,,13.583,568.2911,14.2227955,176.20143,12.808521,213.21913,11.86,0.025,11.214,0.029,11.084,0.022,10.93,0.022,10.912,0.02,10.889,0.098,8.595,,,,,,,,,,AAA,0000,AAAU,cut,SSG,,,,,,,,,,,,,,,
862,ZTF J230432.35+342340.2,2MASS 23043235+3423402,1914273112876957696,WISEA J230432.35+342340.1,GALEX J230432.2+342340,346.1348120635618,34.39447547755514,1055.4997968836692,,10.05,0.23,-0.1064,13.887022,506.07843,14.455077,159.2315,13.1680565,176.719,12.133,0.025,11.591,0.028,11.414,0.021,11.401,0.023,11.426,0.021,11.204,0.137,8.602,,,,20.720399856567383,0.1926999986171722,,,,,AAA,0000,AABU,RS,SSG,,,,,,,,,,,,,,,
863,ZTF J230651.57+354230.2,2MASS 23065158+3542303,1914933163451694976,WISEA J230651.57+354230.2,GALEX J230651.5+354231,346.7148986355769,35.70837771863226,1057.680362291601,,1.1,0.24,,13.900948,693.4365,14.411612,203.28351,13.231078,259.99152,12.347,0.027,11.842,0.033,11.734,0.023,11.699,0.023,11.717,0.022,11.379,0.171,8.939,,,,20.95509910583496,0.2063000053167343,,,,,AAA,0000,AABU,RS,RS,,,,,,,,,,,,,,,
864,ZTF J230214.81+362106.3,2MASS 23021482+3621063,1915797207792216192,WISEA J230214.82+362106.3,GALEX J230214.8+362106,345.56176337429036,36.35174283629004,1742.1954173109182,,1.18,0.23,,13.664459,652.64215,14.069537,214.60803,13.071886,208.86244,12.059,0.023,11.599,0.028,11.468,0.022,11.48,0.023,11.478,0.02,11.42,0.18,8.604,,,,18.099899291992188,0.0386000014841556,,,,,AAA,0000,AABU,RS,RS,,,,,,,,,,,,,,,
865,ZTF J231432.03+360329.1,2MASS 23143204+3603290,1916302742622691456,WISEA J231432.07+360329.2,,348.63350074711775,36.05807346279046,1975.9392525007756,,6.07,0.26,-0.2946,15.428421,807.17194,16.00893,164.8521,14.674661,234.04825,13.637,0.036,13.057,0.045,12.919,0.042,12.734,0.025,12.739,0.028,11.427,0.18,8.581,,,,,,,,,,AAA,0000,AABU,RS,SSG,,,,,,,,,,,,,,,
866,CSS J231641.8+363325,2MASS 23164191+3633254,1916345726655731968,WISEA J231641.91+363325.5,,349.1746392760791,36.557073354762174,1348.278995669968,,5.91,0.36,-0.1952,14.651387,436.81183,15.365117,115.313286,13.819905,156.21762,12.697,0.027,12.05,0.031,11.857,0.023,11.748,0.023,11.733,0.021,12.159,0.362,9.111,,,,,,,,,,AAA,0000,AACU,SSG,SSG,,,,,,,,,,,,,,,
867,ZTF J231323.28+372706.1,2MASS 23132330+3727062,1916632699190697088,WISEA J231323.29+372706.1,GALEX J231323.3+372705,348.34704446403026,37.45168696919792,1405.513338267523,,19.16,0.45,0.1395,14.200525,567.4586,14.868927,162.39758,13.411199,204.66321,12.308,0.023,11.787,0.03,11.615,0.023,11.499,0.022,11.573,0.022,11.262,0.151,8.845,,,,22.35280036926269,0.4535000026226043,,,,,AAA,0000,AABU,RS,SSG,,,,,,,,,,,,,,,
868,CSS J231358.6+382054,2MASS 23135866+3820542,1916833256983409920,WISEA J231358.66+382054.2,GALEX J231358.6+382055,348.4944477193439,38.34839630637528,1590.1269871313943,,2.59,0.44,-0.192,14.570647,594.03613,15.157307,168.02191,13.829102,220.00433,12.856,0.027,12.262,0.033,12.155,0.02,12.069,0.023,12.056,0.021,11.918,0.222,8.978,0.399,,,21.464599609375,0.3961000144481659,,,,,AAA,0000,AABC,RS,SSG,,,,,,,,,,,,,,,
869,ZTF J231448.11+394628.9,2MASS 23144809+3946288,1918084260697846656,WISEA J231448.10+394628.8,GALEX J231448.0+394628,348.70046092593776,39.77467301130445,1192.6065410242077,,14.3,0.31,0.0139,13.875787,791.93945,14.4876585,236.97417,13.128124,303.89777,12.124,0.023,11.564,0.03,11.426,0.022,11.32,0.023,11.365,0.02,11.144,0.13,8.906,0.419,,,21.903600692749023,0.449099987745285,,,,,AAA,0000,AABC,RS,SSG,,,,,,,,,,,,,,,
870,ZTF J234242.27+381452.5,2MASS 23424226+3814523,1919222014713417728,WISEA J234242.27+381452.4,GALEX J234242.2+381452,355.6761529972521,38.24790072865913,1974.965429153368,,3.11,0.32,-0.6095,14.404554,1238.1797,14.79671,317.13928,13.830882,445.97705,13.163,0.026,12.734,0.03,12.653,0.025,12.631,0.023,12.667,0.024,12.76,0.489,9.079,,,,19.558900833129883,0.0771000012755394,,,,,AAA,0000,AACU,RS,RS,,,,,,,,,,,,,,,
871,ZTF J233629.98+430718.6,2MASS 23362999+4307187,1924144493913335296,WISEA J233629.98+430718.6,,354.1249177269869,43.12183040246256,1152.893893678582,,3.54,0.38,-0.0743,13.253495,757.29846,13.962654,223.21858,12.430751,285.98642,11.264,0.025,10.675,0.025,10.452,0.018,10.324,0.024,10.347,0.021,10.219,0.059,8.452,,,,,,,,,,AAA,0h00,AAAU,RS,SSG,,,,,,,,,,,,,,,
872,ZTF J233754.59+430232.7,2MASS 23375458+4302325,1925591691733725568,WISEA J233754.59+430232.6,,354.4774855191709,43.04239750953053,952.360505305536,,11.2,0.35,-0.0705,13.91997,471.24075,14.635763,123.656105,13.0859585,180.99046,11.919,0.023,11.226,0.023,11.075,0.02,11.0,0.023,11.026,0.02,10.857,0.098,8.623,,,,,,,,,,AAA,hh00,AAAU,SSG,SSG,,,,,,,,,,,,,,,
873,ZTF J235229.51+453334.9,2MASS 23522951+4533348,1926270708882502656,WISEA J235229.52+453334.6,,358.12298878212454,45.55969895288027,1839.986450530091,,13.4,0.38,-0.2797,15.382002,201.82303,16.07989,61.075245,14.5646105,61.896645,13.526,0.025,12.883,0.028,12.67,0.027,12.502,0.066,12.463,0.061,12.147,0.328,9.081,,,,,,,,,,AAA,0000,AABU,SSG,SSG,,,,,,,,,,,,,,,
874,ZTF J234600.55+451312.9,2MASS 23460055+4513131,1926664780723900544,WISEA J234600.55+451312.9,,356.5022899424529,45.22024257253955,1423.4810539080715,,3.19,0.35,-0.8173,14.062579,884.23047,14.567374,265.45966,13.380884,304.6597,12.415,0.025,11.87,0.023,11.716,0.021,11.715,0.023,11.699,0.021,11.644,0.151,9.076,,,,,,,,,,AAA,0000,AABU,RS,SSG,,,,,,,,,,,,,,,
875,ZTF J234909.47+461420.0,2MASS 23490948+4614200,1927280850833428352,WISEA J234909.47+461420.0,,357.2894895926999,46.238877928776034,1803.695370770957,,2.09,0.3,-0.6138,13.922583,1046.4319,14.308502,297.38815,13.362417,288.21182,12.65,0.022,12.251,0.022,12.169,0.018,12.118,0.022,12.124,0.023,12.272,0.279,9.506,,,,,,,,,,AAA,0000,AABU,RS,RS,,,,,,,,,,,,,,,
876,ZTF J225031.66+375821.9,2MASS 22503162+3758218,1928057587076190080,WISEA J225031.64+375821.8,GALEX J225031.5+375822,342.6318829304847,37.97274261006497,654.8276308469169,,4.85,0.42,-0.4441,13.191365,951.50586,13.867618,297.4122,12.391651,454.98712,11.257,0.022,10.6,0.02,10.491,0.02,10.422,0.023,10.403,0.02,10.227,0.058,8.966,,,,20.77549934387207,0.1854999959468841,,,,,AAA,0000,AAAU,SSG,SSG,,,,,,,,,,,,,,,
877,ZTF J225536.00+401504.7,2MASS 22553601+4015047,1929429124753457280,WISEA J225536.00+401504.6,,343.90003186892693,40.25127956818527,1906.3266394797804,,0.43,0.35,,13.88282,2208.4019,14.326609,612.37866,13.273545,677.7247,12.579,0.021,12.193,0.024,12.119,0.021,12.039,0.023,12.083,0.022,12.055,0.22,9.237,,,,,,,,,,AAA,0000,AABU,RS,RS,,,,,,,,,,,,,,,
878,ZTF J230128.68+415813.9,2MASS 23012868+4158139,1931167933673394944,WISEA J230128.68+415813.8,,345.3695097835705,41.97050708055152,1710.3994464518971,,12.32,0.34,,15.221919,475.00308,15.7976055,143.43121,14.49331,175.98738,13.533,0.022,13.008,0.027,12.858,0.025,12.865,0.024,12.864,0.025,12.177,,8.761,,,,,,,,,,AAA,0000,AAUU,RS,SSG,,,,,,,,,,,,,,,
879,ZTF J224642.14+401814.9,2MASS 22464214+4018150,1932608396985845888,WISEA J224642.14+401814.9,,341.67561545732366,40.304126683045624,790.1090418176966,,0.68,0.39,,14.557622,205.81514,15.316494,208.42796,13.457202,366.0126,12.136,0.023,11.435,0.022,11.256,0.018,11.169,0.023,11.118,0.02,11.109,0.14,8.623,,,,,,,,,,AAA,0000,AABU,cut,SSG,,,,,,,,,,,,,,,
880,ZTF J224516.13+405141.7,2MASS 22451612+4051416,1932683782250411776,WISEA J224516.13+405141.6,,341.31721091994893,40.8615798584422,1314.7761479424394,,17.17,0.43,-0.1143,14.542197,1324.3162,15.085238,367.59122,13.842893,489.99124,12.996,0.023,12.515,0.023,12.368,0.024,12.307,0.023,12.351,0.024,12.773,0.477,9.192,,,,,,,,,,AAA,0000,AACU,RS,SSG,,,,,,,,,,,,,,,
881,ZTF J233146.76+455919.3,2MASS 23314675+4559193,1937633440002419456,WISEA J233146.75+455919.2,GALEX J233146.7+455920,352.9448415676518,45.98868078051512,1528.316791803569,,22.97,0.42,,12.157778,997.2426,12.819242,282.9596,11.377695,349.527,10.254,0.023,9.639,0.022,9.503,0.02,9.465,0.023,9.533,0.02,9.365,0.033,8.827,,,,19.90710067749023,0.1402000039815902,,,,,AAA,0000,AAAU,RS,RS,,,,,,,,,,,,,,,
882,ZTF J233321.00+460628.2,2MASS 23332100+4606282,1937646737221464704,WISEA J233321.01+460628.4,GALEX J233321.0+460628,353.33755116858146,46.107838850491845,1017.0680060936132,,8.45,0.5,,13.467842,946.75214,13.964895,260.27524,12.805809,354.22318,11.967,0.025,11.517,0.021,11.418,0.021,11.23,0.022,11.278,0.02,11.126,0.125,8.877,,,,19.807899475097656,0.1283999979496002,,,,,AAA,ddd0,AABU,RS,RS,,,,,,,,,,,,,,,
883,ZTF J232521.62+453953.0,2MASS 23252162+4539529,1938316305442191744,WISEA J232521.63+453952.9,,351.3401202159088,45.66471705335123,1747.2917436167806,,3.82,0.5,-0.1171,15.2727165,232.6566,15.937932,68.59418,14.454396,90.275764,13.501,0.023,12.858,0.023,12.666,0.026,12.57,0.023,12.551,0.024,12.2,0.361,9.206,,,,,,,,,,AAA,0000,AACU,RS,SSG,,,,,,,,,,,,,,,
884,ZTF J234555.00+462214.1,2MASS 23455499+4622141,1938978520681357696,WISEA J234554.98+462214.1,,356.4791633357652,46.37058525657013,1574.6416886747968,,22.62,0.29,-0.1604,14.214446,872.5533,14.826473,208.5255,13.455103,312.73138,12.333,0.023,11.762,0.021,11.598,0.019,11.554,0.024,11.59,0.022,11.684,0.165,9.433,,,,,,,,,,AAA,hhh0,AABU,RS,SSG,,,,,,,,,,,,,,,
885,ZTF J234504.85+470757.5,2MASS 23450484+4707573,1939260407974681472,WISEA J234504.84+470757.5,,356.2702069050066,47.13261763441771,1888.3595407069097,,9.54,0.33,-0.15,15.882452,256.4383,16.49893,72.72637,15.120944,90.5467,13.865,0.036,13.255,0.033,13.188,0.036,13.193,0.024,13.204,0.027,12.677,,9.42,,,,,,,,,,AAA,0000,AAUU,SSG,SSG,,,,,,,,,,,,,,,
886,ZTF J234809.04+481434.2,2MASS 23480904+4814341,1939740138643047936,WISEA J234809.03+481434.1,GALEX J234809.1+481433,357.0376715430886,48.24282213132566,1881.3229170437005,,14.01,0.33,,13.883215,1197.5042,14.376928,349.39807,13.222732,389.3303,12.383,0.024,11.863,0.031,11.716,0.025,11.714,0.023,11.721,0.021,11.693,0.173,8.747,,,,20.03400039672852,0.1137000024318695,,,,,AAA,0000,AABU,RS,RS,,,,,,,,,,,,,,,
887,ZTF J235609.70+485623.0,2MASS 23560970+4856230,1939867681994193280,WISEA J235609.70+485623.0,,359.04044507409805,48.93972351732552,1541.4807582230003,,3.89,0.46,-0.2544,14.781776,528.5005,15.411641,128.49469,13.992833,177.96259,12.97,0.023,12.325,0.031,12.232,0.028,12.062,0.024,12.045,0.022,12.185,0.316,8.933,,,,,,,,,,AAA,0000,AABU,RS,SSG,,,,,,,,,,,,,,,
888,ZTF J232121.62+475813.9,2MASS 23212164+4758140,1941609480207288704,WISEA J232121.63+475813.9,,350.3401258140861,47.97053772179706,1906.0054952483256,,14.0,0.49,-0.038,14.543067,715.1278,15.192371,193.30711,13.75957,276.2029,12.63,0.025,12.043,0.021,11.916,0.022,11.844,0.023,11.876,0.022,11.535,0.175,9.2,,,,,,,,,,AAA,0h00,AABU,RS,SSG,,,,,,,,,,,,,,,
889,ZTF J232610.02+480540.5,2MASS 23261002+4805404,1941939505494714752,WISEA J232610.02+480540.4,,351.5417680762649,48.094568227395506,1329.4485678505496,,20.03,0.4,-0.161,14.683646,449.80127,15.308939,117.02404,13.918277,126.04708,12.899,0.023,12.309,0.021,12.182,0.021,12.143,0.025,12.149,0.024,12.369,0.36,9.061,,,,,,,,,,AAA,0000,AACU,RS,SSG,,,,,,,,,,,,,,,
890,ZTF J232630.14+480338.4,2MASS 23263014+4803385,1941941326560874112,WISEA J232630.14+480338.4,GALEX J232629.9+480336,351.625595109841,48.06066559845479,1566.4175922444251,,3.37,0.41,-0.3127,15.034772,623.4737,15.549446,194.39789,14.349865,215.71597,13.435,0.025,12.979,0.027,12.829,0.023,12.81,0.023,12.855,0.026,12.761,,9.143,,,,21.56999969482422,0.3718000054359436,,,,,AAA,0000,AAUU,RS,SSG,,,,,,,,,,,,,,,
891,ZTF J215230.75+315541.9,2MASS 21523074+3155417,1946156407464551936,WISEA J215230.74+315541.6,GALEX J215230.7+315542,328.12815304595347,31.92828633651868,1459.0379870715522,,7.19,0.33,-0.5853,13.726613,1413.5835,14.164803,437.38132,13.109992,381.82153,12.304,0.025,11.813,0.026,11.709,0.022,11.518,0.023,11.531,0.021,11.006,0.101,9.111,0.457,,,19.25,0.0790999978780746,,,,,AAA,dd00,AAAC,RS,RS,,,,,,,,,,,,,,,
892,ZTF J214805.25+332823.1,2MASS 21480525+3328230,1946632942676712448,WISEA J214805.25+332823.0,,327.02191226226506,33.47307112534482,1844.4953644566,,22.72,0.4,-0.1337,15.390099,679.52936,16.072414,171.10355,14.582901,241.86247,13.477,0.027,12.786,0.03,12.711,0.018,12.626,0.023,12.653,0.024,12.682,0.401,9.247,,,,,,,,,,AAA,0000,AACU,SSG,SSG,,,,,,,,,,,,,,,
893,ZTF J213830.39+330319.9,2MASS 21383040+3303198,1947121950474670336,WISEA J213830.39+330319.8,GALEX J213830.4+330322,324.62664873357534,33.05551081216547,1770.0922006286455,,5.09,0.42,,14.426151,950.3952,14.962296,321.93604,13.717274,300.25278,12.545,0.026,12.004,0.028,11.859,0.025,11.873,0.024,11.858,0.024,12.58,0.532,8.945,,,,20.05159950256348,0.1101000010967254,,,,,AAA,0000,AACU,RS,RS,,,,,,,,,,,,,,,
894,ZTF J220054.63+355232.6,2MASS 22005464+3552329,1948715967455727104,WISEA J220054.63+355232.7,,330.2276367929025,35.87572268518785,1532.1476895810447,,21.51,0.46,-0.1602,15.0532,373.08942,15.771627,109.4823,14.214989,140.32967,12.917,0.027,12.228,0.032,12.109,0.025,12.092,0.023,12.076,0.022,12.066,0.253,9.266,,,,,,,,,,AAA,0000,AABU,SSG,SSG,,,,,,,,,,,,,,,
895,ZTF J215830.18+360306.1,2MASS 21583019+3603061,1948778016843815552,WISEA J215830.18+360306.1,GALEX J215830.1+360306,329.62576608214863,36.05169488895559,1500.513981052458,,16.42,0.47,0.0746,13.077702,843.7727,13.669452,254.74278,12.341838,333.75525,11.398,0.027,10.866,0.032,10.692,0.02,10.633,0.022,10.687,0.02,10.418,0.065,8.933,,,,20.957300186157227,0.3116999864578247,,,,,AAA,0000,AAAU,RS,RS,,,,,,,,,,,,,,,
896,ZTF J215636.69+370526.6,2MASS 21563669+3705266,1949728785163145472,WISEA J215636.69+370526.6,GALEX J215636.7+370527,329.15291867577974,37.0907402069,1504.96168140357,,3.65,0.47,-0.6741,14.614619,1473.3524,15.119329,409.47293,13.939229,425.2615,13.189,0.03,12.645,0.032,12.536,0.027,12.442,0.023,12.468,0.023,12.167,0.273,9.064,,,,20.80179977416992,0.2337000072002411,,,,,AAA,0000,AABU,RS,SSG,,,,,,,,,,,,,,,
897,PMAK V6,2MASS 21282963+3511375,1951294356586328064,WISEA J212829.62+351137.2,GALEX J212829.6+351137,322.12342054789474,35.19365690708676,741.9325617452369,,44.69,0.5,-0.13,11.754888,458.11023,12.326763,136.12166,11.027473,175.89076,10.164,0.022,9.625,0.018,9.451,0.012,9.326,0.023,9.372,0.019,9.261,0.031,8.755,,,,18.99839973449707,0.0662000030279159,,,,,AAA,0000,AAAU,RS,RS,34.64387821568555,0.0038575507,0.3544359603088333,0.021172892,39.29830955050229,1.2438357,,,SB1,0.8468798,0.89012086,0.9319139,0.9724238,1.0117855,1.0501117
898,ZTF J213043.27+353348.7,2MASS 21304329+3533489,1951359433928345984,WISEA J213043.28+353348.8,GALEX J213043.2+353348,322.6803295266777,35.56352698210724,913.002677699405,,12.64,0.47,,13.044487,534.7226,13.6475115,174.0018,12.289732,187.98938,11.248,0.021,10.638,0.021,10.493,0.014,10.401,0.022,10.41,0.02,10.362,0.068,8.548,,,,20.398399353027344,0.1527999937534332,,,,,AAA,00pp,AAAU,RS,RS,,,,,,,,,,,,,,,
899,ZTF J220242.31+371932.1,2MASS 22024230+3719321,1954946040857509504,WISEA J220242.31+371932.1,GALEX J220242.2+371931,330.6763010197499,37.32557383818124,1243.7966362065854,,1.09,0.43,,13.573131,1209.5946,14.078609,354.8782,12.901719,434.94412,12.155,0.023,11.628,0.028,11.5,0.022,11.41,0.023,11.425,0.021,11.35,0.149,9.145,,19.162900924682617,0.1015,19.05209922790528,0.0768000036478042,,,,,AAA,dd00,AABU,RS,RS,,,,,,,,,,,,,,,
900,ZTF J220313.59+373032.1,2MASS 22031358+3730322,1954949098874327168,WISEA J220313.59+373031.9,,330.8066333828287,37.50892168668607,1009.0665766743592,,2.69,0.36,,15.044765,244.26628,15.817711,68.5682,14.16503,90.66321,12.559,0.026,11.903,0.032,11.764,0.021,11.705,0.023,11.688,0.021,11.942,0.279,9.157,,,,,,,,,,AAA,0000,AABU,SSG,SSG,,,,,,,,,,,,,,,
901,ZTF J221318.62+394722.4,2MASS 22131861+3947222,1955666491552639232,WISEA J221318.59+394722.6,,333.3275917201914,39.78952263602678,1708.130649746228,,5.07,0.5,-0.1169,15.640849,898.70404,16.209255,251.48308,14.914236,329.64194,13.91,0.031,13.367,0.026,13.259,0.037,13.111,0.024,13.147,0.027,12.239,,8.95,,,,,,,,,,AAA,hh00,AAUU,RS,SSG,,,,,,,,,,,,,,,
902,ZTF J220432.21+390522.5,2MASS 22043221+3905226,1955955220732569728,WISEA J220432.21+390522.6,,331.134227620317,39.08959430086233,1603.446519470289,,6.2,0.47,-0.5411,14.814692,456.09164,15.479799,119.31361,13.997378,148.44856,12.771,0.025,12.118,0.031,11.976,0.018,11.915,0.024,11.905,0.022,12.003,0.252,8.598,,,,,,,,,,AAA,0000,AABU,RS,SSG,,,,,,,,,,,,,,,
903,ZTF J220738.26+400003.9,2MASS 22073825+4000041,1956386401089353984,WISEA J220738.25+400003.9,GALEX J220738.2+400004,331.90941303377303,40.00107580591211,1281.4547771836567,,2.45,0.49,-0.3426,14.45022,1102.2277,14.957537,307.04523,13.77042,434.9804,12.83,0.025,12.331,0.032,12.239,0.023,12.199,0.023,12.221,0.023,11.971,0.217,8.562,,,,20.918699264526367,0.2492000013589859,,,,,AAA,dd00,AABU,RS,SSG,,,,,,,,,,,,,,,
904,ZTF J220934.28+394243.7,2MASS 22093429+3942435,1956409903149297408,WISEA J220934.28+394243.5,GALEX J220934.2+394242,332.39286096780774,39.7121073187063,1522.3496223976467,,13.71,0.42,-0.101,14.814927,949.3309,15.338458,313.18634,14.121963,333.8421,13.076,0.023,12.624,0.026,12.487,0.026,12.469,0.023,12.492,0.024,12.039,0.266,8.593,,,,21.97529983520508,0.4106999933719635,,,,,AAA,0000,AABU,RS,SSG,,,,,,,,,,,,,,,
905,ZTF J223139.38+431246.9,2MASS 22313936+4312471,1981903454629524352,WISEA J223139.37+431246.9,,337.9140769598701,43.21302426367414,684.5007837914129,,0.54,0.44,-0.0766,12.818265,918.047,13.367618,287.9154,12.119186,330.36032,11.172,0.022,10.707,0.023,10.545,0.014,10.535,0.023,10.556,0.021,10.526,0.074,8.599,,,,,,,,,,AAA,0h00,AAAU,RS,SSG,,,,,,,,,,,,,,,
906,ZTF J223358.04+443201.1,2MASS 22335804+4432011,1982133699236414976,WISEA J223358.04+443201.1,GALEX J223358.2+443202,338.49187485438864,44.53363728994334,1517.296159697341,,6.56,0.47,0.0199,13.788659,268.81317,14.463807,77.18285,12.988981,96.73994,11.8,0.022,11.151,0.021,11.031,0.02,10.928,0.023,10.94,0.021,10.82,0.078,9.285,,,,20.57010078430176,0.2483000010251999,,,,,AAA,hh00,AAAU,RS,SSG,,,,,,,,,,,,,,,
907,ZTF J223952.26+434130.2,2MASS 22395226+4341303,1982156788979688192,WISEA J223952.24+434130.5,,339.9677861944968,43.69173247562167,1439.7632070379536,,1.08,0.43,-0.1008,14.163687,791.2932,14.730673,214.67638,13.440443,292.46408,12.332,0.033,11.897,0.042,11.742,0.03,11.594,0.022,11.644,0.021,11.13,0.123,8.727,,,,,,,,,,EEA,dd00,AABU,RS,SSG,,,,,,,,,,,,,,,
908,ZTF J222750.34+453506.7,2MASS 22275033+4535069,1983128413664609792,WISEA J222750.33+453506.7,,336.9597344348465,45.58520048643786,1858.4164051151945,,10.94,0.44,-0.3399,16.02661,318.78784,16.775814,99.34279,15.157391,113.27147,13.858,0.024,13.224,0.031,13.051,0.03,12.964,0.025,12.946,0.026,12.567,0.415,9.291,,,,,,,,,,AAA,dd00,AACU,SSG,SSG,,,,,,,,,,,,,,,
909,ZTF J223945.29+471703.6,2MASS 22394530+4717035,1983778499915055744,WISEA J223945.31+471703.6,,339.93872130185736,47.28432384770057,846.2595325092595,,8.3,0.44,-0.5152,13.6744585,1010.1979,14.1809435,297.96045,13.008839,386.14264,12.149,0.033,11.669,0.035,11.517,0.02,11.51,0.028,11.555,0.027,11.714,0.203,8.333,,,,,,,,,,AAA,hh00,AABU,RS,SSG,,,,,,,,,,,,,,,
910,ZTF J225724.66+481444.5,2MASS 22572466+4814444,1984778333939609600,WISEA J225724.66+481444.4,,344.35276300937494,48.24568826074511,1861.4388345567031,,13.39,0.5,0.017,14.662703,856.8257,15.329191,259.28156,13.869465,270.5335,12.792,0.023,12.18,0.021,12.033,0.019,11.977,0.023,11.981,0.022,11.87,0.167,9.096,,,,,,,,,,AAA,0000,AABU,RS,SSG,,,,,,,,,,,,,,,
911,ZTF J222245.95+463543.9,2MASS 22224594+4635438,1986453405546924032,WISEA J222245.94+463543.8,,335.69145977693466,46.59552182097402,1805.570463903587,,0.9,0.43,-0.01,14.834578,1455.645,15.34443,411.0737,14.15467,508.77704,13.277,0.025,12.761,0.023,12.629,0.024,12.594,0.025,12.594,0.025,12.257,,9.174,,,,,,,,,,AAA,0000,AAUU,RS,RS,,,,,,,,,,,,,,,
912,ZTF J222948.22+475956.4,2MASS 22294823+4759565,1986648431422944896,WISEA J222948.22+475956.3,,337.45091437950214,47.998985070637715,1013.094162588428,,15.07,0.46,-0.039,12.625201,429.1678,13.177774,149.25017,11.913965,147.79947,10.867,0.022,10.29,0.029,10.163,0.023,10.046,0.023,10.082,0.021,9.887,0.044,8.591,,,,,,,,,,AAA,dd00,AAAU,RS,RS,,,,,,,,,,,,,,,
913,ZTF J224554.20+493158.6,2MASS 22455421+4931587,1988477262857477760,WISEA J224554.20+493158.1,,341.4758501225085,49.532934140853065,1987.968907364348,,5.37,0.47,-0.121,15.483559,267.9782,16.21672,82.384445,14.630401,101.11247,13.369,0.023,12.693,0.028,12.449,0.027,12.297,0.023,12.3,0.024,12.364,0.321,9.305,,,,,,,,,,AAA,0000,AABU,SSG,SSG,,,,,,,,,,,,,,,
914,ZTF J224202.70+495403.1,2MASS 22420272+4954032,1988722660110220672,WISEA J224202.71+495403.1,,340.51129019392954,49.900875439190685,1397.5623988725215,,15.8,0.49,-0.2427,14.2781515,679.45776,14.817676,196.40527,13.575186,258.25143,12.712,0.021,12.196,0.021,12.032,0.019,11.958,0.023,11.984,0.023,11.58,0.187,9.258,,,,,,,,,,AAA,0000,AABU,RS,SSG,,,,,,,,,,,,,,,
915,ZTF J191344.77+302135.8,2MASS 19134478+3021359,2039440932476525696,WISEA J191344.78+302135.8,,288.43660113699576,30.359946492192805,1875.0744024476712,,12.57,0.48,-0.0106,15.222387,428.50833,15.893484,124.156624,14.421758,142.16762,13.48,0.022,12.883,0.024,12.706,0.023,12.608,0.024,12.619,0.026,12.41,,9.296,,,,,,,,,,AAA,0000,AAUU,RS,SSG,,,,,,,,,,,,,,,
916,ZTF J190317.34+301059.0,2MASS 19031733+3010589,2040937677038919168,WISEA J190317.33+301059.0,GALEX J190317.3+301059,285.82222577602107,30.18304888165589,1178.1656657065994,,6.08,0.36,-0.2744,13.630971,536.09076,14.211335,145.53862,12.889232,186.24318,12.038,0.022,11.445,0.02,11.295,0.019,11.113,0.023,11.124,0.021,10.906,0.094,9.3,,,,20.92480087280273,0.2554999887943268,,,,,AAA,0000,AAAU,RS,SSG,,,,,,,,,,,,,,,
917,ZTF J190345.14+303853.3,2MASS 19034514+3038535,2041164348230603776,WISEA J190345.14+303853.4,GALEX J190345.1+303854,285.93809615912977,30.648149032427725,1877.1725745509673,,1.82,0.44,-0.1572,14.797907,1013.62354,15.263478,320.09958,14.154232,308.8937,13.353,0.022,12.946,0.023,12.872,0.026,12.809,0.024,12.82,0.025,12.219,0.374,9.12,,,,20.6471004486084,0.2204000055789947,,,,,AAA,0000,AACU,RS,RS,,,,,,,,,,,,,,,
918,ZTF J184910.53+294909.1,2MASS 18491054+2949090,2041578314360417152,WISEA J184910.53+294909.1,GALEX J184910.6+294908,282.2939053916713,29.819191969540547,956.629749002583,,10.0,0.45,-0.0858,13.777681,610.8209,14.297997,171.3476,13.102787,198.98006,12.258,0.026,11.791,0.03,11.674,0.023,11.574,0.023,11.608,0.022,11.114,0.103,9.28,0.491,,,21.3971004486084,0.3129000067710876,,,,,AAA,0000,AAAC,RS,SSG,,,,,,,,,,,,,,,
919,ZTF J184709.20+301136.3,2MASS 18470920+3011362,2041661190047709824,WISEA J184709.20+301136.2,GALEX J184709.2+301136,281.78833640822097,30.193393173213433,1558.9796613812962,,9.52,0.38,-0.4278,13.544168,1494.7587,13.966319,471.00644,12.946629,549.81824,12.179,0.022,11.769,0.022,11.654,0.021,11.624,0.023,11.632,0.021,11.747,0.146,8.93,,,,19.21590042114257,0.0872000008821487,,,,,AAA,hh00,AABU,RS,RS,,,,,,,,,,,,,,,
920,ZTF J185639.02+320144.1,2MASS 18563901+3201441,2042298902489102848,WISEA J185639.01+320144.1,,284.1625962050504,32.028918520616436,863.3099814345767,,1.9,0.26,,12.560832,824.5863,12.938574,316.05045,11.995789,277.39825,11.161,0.024,10.732,0.03,10.606,0.019,10.594,0.023,10.577,0.022,10.451,0.07,8.638,,,,,,,,,,AAA,H000,AAAU,RS,RS,,,,,,,,,,,,,,,
921,ZTF J190631.81+311616.5,2MASS 19063182+3116164,2042703183474289536,WISEA J190631.82+311616.5,GALEX J190631.8+311617,286.63258941993143,31.271245822932812,1000.990854613466,,3.5,0.49,-0.1548,13.331945,318.0103,13.772737,95.02526,12.709398,121.39396,11.865,0.021,11.49,0.022,11.354,0.019,11.352,0.023,11.386,0.022,11.259,0.126,8.993,,,,19.23150062561035,0.1022000014781951,,,,,AAA,0000,AABU,RS,RS,,,,,,,,,,,,,,,
922,ZTF J191555.35+324726.0,2MASS 19155535+3247259,2043121272771418624,WISEA J191555.35+324725.9,,288.9806406635411,32.79052333977024,1414.034138103693,,12.07,0.44,-0.2174,13.427841,405.18314,14.054022,102.27986,12.653509,138.84625,11.506,0.022,10.961,0.022,10.803,0.02,10.717,0.023,10.753,0.02,10.672,0.073,8.796,,,,,,,,,,AAA,0000,AAAU,RS,SSG,,,,,,,,,,,,,,,
923,ZTF J190755.53+324957.1,2MASS 19075554+3249572,2043321005932423552,WISEA J190755.54+324957.1,,286.9814269155593,32.83251062052171,1187.5688127855656,,4.06,0.24,-0.0481,14.390042,521.22186,15.041048,176.81519,13.607457,191.11142,12.465,0.021,11.861,0.022,11.678,0.02,11.66,0.023,11.676,0.022,11.307,0.125,8.977,,,,,,,,,,AAA,0000,AABU,SSG,SSG,,,,,,,,,,,,,,,
924,ZTF J190813.80+325043.4,2MASS 19081382+3250435,2043321624407784832,WISEA J190813.81+325043.5,,287.0575526178011,32.8453745705621,1915.809053749863,,5.43,0.23,-0.0989,15.216744,859.8798,15.677469,208.93527,14.574777,225.953,13.759,0.025,13.392,0.027,13.277,0.032,13.202,0.023,13.293,0.025,12.416,,9.089,,,,,,,,,,AAA,hh00,AAUU,RS,SSG,,,,,,,,,,,,,,,
925,ZTF J190846.14+334828.7,2MASS 19084614+3348287,2044141001086948992,WISEA J190846.15+334828.6,,287.19227915302633,33.80794908421879,1584.4101851321686,,13.14,0.27,-0.6412,15.118961,393.81985,15.665237,113.30288,14.405909,138.97008,13.413,0.021,12.889,0.023,12.782,0.024,12.756,0.024,12.758,0.025,12.446,0.359,8.982,,,,,,,,,,AAA,00PP,AACU,RS,SSG,,,,,,,,,,,,,,,
926,ZTF J191027.74+340106.0,2MASS 19102776+3401059,2044241709479209344,WISEA J191027.75+340105.9,,287.61562585879784,34.01830859395866,1910.9591436627725,,19.75,0.3,,13.44402,1238.4542,13.884496,410.87994,12.825874,483.4543,12.091,0.027,11.595,0.03,11.464,0.018,11.403,0.023,11.427,0.021,11.219,0.125,9.383,,,,,,,,,,AAA,hh00,AABU,cut,RS,,,,,,,,,,,,,,,
927,ZTF J191037.64+342025.7,2MASS 19103764+3420255,2044319843525951744,WISEA J191037.64+342025.6,,287.656864200392,34.34045041592591,1406.0185612749349,,0.95,0.25,-0.0286,13.438489,350.24945,13.979953,99.919846,12.736524,127.85627,11.836,0.025,11.357,0.032,11.179,0.018,11.123,0.023,11.15,0.02,11.13,0.118,9.106,,,,,,,,,,AAA,d000,AABU,RS,RS,,,,,,,,,,,,,,,
928,ZTF J190650.30+341326.2,2MASS 19065031+3413264,2044400382750457216,WISEA J190650.31+341326.1,,286.70962622443875,34.223934267878136,1963.5405909373685,,8.58,0.23,-0.5304,14.345303,795.0425,14.810307,278.1667,13.702444,257.71094,12.874,0.023,12.329,0.022,12.191,0.02,12.13,0.023,12.117,0.022,11.932,0.241,9.086,,,,,,,,,,AAA,0000,AABU,RS,SSG,,,,,,,,,,,,,,,
929,ZTF J192449.09+334627.5,2MASS 19244908+3346275,2046298071106355968,WISEA J192449.08+334627.3,,291.2045542711016,33.77429420598791,1820.9472325410616,,0.21,0.4,-0.248,14.045579,1186.9526,14.460663,357.342,13.449508,412.97055,12.705,0.024,12.322,0.025,12.205,0.025,12.156,0.023,12.211,0.024,11.889,0.211,9.026,,,,,,,,,,AAA,0000,AABU,RS,RS,,,,,,,,,,,,,,,
930,ZTF J193010.80+353717.7,2MASS 19301080+3537178,2046884901080839808,WISEA J193010.80+353717.7,,292.5450232380133,35.62157867068784,1610.1244734888758,,7.19,0.36,-0.0998,14.251475,616.67206,14.7958555,222.04614,13.548439,223.67032,12.59,0.022,12.02,0.021,11.876,0.021,11.797,0.023,11.816,0.022,11.726,0.192,8.957,,,,,,,,,,AAA,0000,AABU,RS,RS,,,,,,,,,,,,,,,
931,ZTF J193001.01+353955.4,2MASS 19300101+3539553,2046885931873001728,WISEA J193001.01+353955.3,,292.5042279200339,35.66539059846538,1687.4707276946865,,2.96,0.35,,14.56353,933.3038,15.046561,278.38837,13.899075,372.7063,12.91,0.023,12.442,0.022,12.342,0.022,12.269,0.023,12.299,0.022,11.774,0.229,8.807,,,,,,,,,,AAA,dd00,AABU,cut,RS,,,,,,,,,,,,,,,
932,ZTF J193520.94+353116.7,2MASS 19352094+3531165,2048149202018252928,WISEA J193520.94+353116.5,,293.8373258320169,35.52125499142385,1460.2150543874118,,3.36,0.42,-0.8054,15.196472,133.75664,15.760989,36.75575,14.174845,41.073463,12.888,0.023,12.219,0.025,12.016,0.021,11.911,0.022,11.874,0.02,12.2,0.282,9.044,,,,,,,,,,AAA,hh00,AABU,cut,SSG,,,,,,,,,,,,,,,
933,ZTF J193322.47+354216.4,2MASS 19332247+3542164,2048351580869398912,WISEA J193322.47+354216.4,,293.34363143953675,35.704545063980156,1442.8424308228875,,7.27,0.32,-0.07,14.764085,571.9306,15.272802,172.49738,14.079921,172.75203,13.314,0.022,12.767,0.023,12.736,0.023,12.618,0.023,12.702,0.025,12.663,0.461,9.069,,,,,,,,,,AAA,hh00,AACU,RS,SSG,,,,,,,,,,,,,,,
934,ZTF J193350.55+362701.8,2MASS 19335057+3627016,2048526025262078080,,,293.46066975171607,36.45048088424513,1866.665368437402,,3.78,0.35,-0.7798,15.619003,512.73096,16.156815,131.98495,14.909574,159.85098,13.95,0.058,13.441,0.032,13.328,0.041,,,,,,,,,,,,,,,,,AAA,,,RS,SSG,,,,,,,,,,,,,,,
935,ZTF J193624.76+364654.4,2MASS 19362476+3646543,2048552069945076736,WISEA J193624.77+364654.4,,294.10316481686164,36.7817546818584,1846.9253879295504,,2.38,0.47,-0.1713,14.765098,832.9676,15.251344,244.2917,14.109149,273.3758,13.284,0.039,12.868,0.038,12.734,0.037,12.585,0.031,12.67,0.033,12.153,0.344,8.547,,,,,,,,,,AAA,0000,AABU,RS,RS,,,,,,,,,,,,,,,
936,ZTF J191556.74+345444.6,2MASS 19155674+3454444,2049559909786883584,WISEA J191556.73+345444.4,,288.98643423108336,34.912358211104404,1987.035622887949,,7.05,0.41,-0.0974,14.835943,412.18185,15.376293,136.10779,14.128706,151.1912,13.249,0.026,12.708,0.033,12.561,0.027,12.469,0.023,12.497,0.024,12.163,,9.142,,,,,,,,,,AAA,0000,AAUU,RS,RS,,,,,,,,,,,,,,,
937,ZTF J192230.25+352659.1,2MASS 19223026+3526591,2050022185705218944,WISEA J192230.25+352659.1,,290.62606889998733,35.44973610539313,1557.5044983326356,,13.86,0.46,,14.553732,723.50934,15.089238,227.45593,13.840773,234.80557,12.987,0.029,12.399,0.032,12.249,0.024,12.21,0.023,12.243,0.022,12.381,0.342,9.144,,,,,,,,,,AAA,0000,AABU,cut,RS,,,,,,,,,,,,,,,
938,ZTF J191301.59+350638.7,2MASS 19130157+3506385,2050374269944511104,WISEA J191301.58+350638.5,,288.25663665699034,35.110716475149424,1058.8701552640582,,12.23,0.3,-0.2538,14.192025,341.0026,14.801703,97.59878,13.435808,135.88493,12.401,0.021,11.86,0.023,11.7,0.018,11.608,0.022,11.588,0.02,11.362,0.136,9.095,,,,,,,,,,AAA,0000,AABU,RS,SSG,,,,,,,,,,,,,,,
939,ZTF J191955.16+363453.6,2MASS 19195516+3634537,2050893273790841856,WISEA J191955.16+363453.6,,289.9798375108289,36.58156001683358,1058.166113815887,,20.73,0.32,-0.0407,12.889337,349.55472,13.50239,99.94389,12.142118,117.98174,11.235,0.019,10.643,0.022,10.48,0.019,10.303,0.023,10.337,0.019,10.227,0.054,8.901,,,,,,,,,,AAA,hh00,AAAU,RS,SSG,,,,,,,,,,,,,,,
940,ZTF J191533.75+372746.9,2MASS 19153375+3727469,2051233503918594816,WISEA J191533.74+372746.8,,288.8906351549566,37.463027200236375,1334.3866011910757,,17.89,0.33,0.0445,13.939556,1029.3784,14.529566,308.14682,13.199568,375.1003,12.223,0.022,11.719,0.022,11.571,0.021,11.423,0.023,11.476,0.021,11.287,0.11,8.647,,,,,,,,,,AAA,dh00,AABU,RS,SSG,,,,,,,,,,,,,,,
941,ZTF J193201.79+362852.6,2MASS 19320181+3628526,2051440590066660992,WISEA J193201.80+362852.5,,293.00747193272394,36.48125372120001,1438.0019435845395,,5.62,0.37,-0.1606,14.808471,435.84906,15.502285,121.73005,13.975989,134.24675,12.855,0.021,12.231,0.023,12.023,0.021,11.862,0.023,11.861,0.022,11.671,0.18,9.466,,,,,,,,,,AAA,dd00,AABU,SSG,SSG,,,,,,,,,,,,,,,
942,ZTF J192909.89+362612.0,2MASS 19290990+3626122,2051474193891516800,WISEA J192909.90+362612.0,,292.2912328208854,36.436671937096946,1461.8515149821308,,1.06,0.42,0.0186,14.021519,536.9484,14.577211,165.43309,13.307746,212.04298,12.374,0.024,11.839,0.022,11.749,0.022,11.65,0.023,11.715,0.021,11.898,0.215,9.328,,,,,,,,,,AAA,0000,AABU,cut,RS,,,,,,,,,,,,,,,
943,KOI 5025,2MASS 19244314+3905587,2052952693428998272,WISEA J192443.14+390558.7,,291.1797508987116,39.09962541493275,1688.8465004483537,,14.78,0.35,-0.359,14.081863,1145.4672,14.5115795,336.4726,13.481268,357.7838,12.779,0.023,12.389,0.022,12.284,0.023,12.249,0.023,12.291,0.023,12.117,0.268,9.216,,,,,,,,,,AAA,0000,AABU,RS,RS,,,,,,,,,,,,,,,
944,ZTF J193038.48+391502.3,2MASS 19303849+3915022,2053107758929417728,WISEA J193038.54+391501.8,,292.66037102306007,39.25062516595432,1825.551975095615,,6.58,0.34,0.0333,15.619891,209.88785,16.306433,59.254063,14.78633,70.49183,13.539,0.025,12.912,0.024,12.731,0.027,12.52,0.023,12.578,0.024,12.519,0.377,9.342,,,,,,,,,,AAA,0000,AACU,SSG,SSG,,,,,,,,,,,,,,,
945,ZTF J192712.04+394626.4,2MASS 19271204+3946264,2053368308824076928,WISEA J192712.05+394627.1,,291.80020072419086,39.77399476291912,1644.4850829560664,,1.07,0.39,,15.098125,519.776,15.766726,152.39919,14.309523,197.46645,13.274,0.035,12.601,0.036,12.472,0.028,12.07,0.022,12.047,0.023,11.203,0.133,8.641,,,,,,,,,,AAA,hh00,AABU,SSG,SSG,,,,,,,,,,,,,,,
946,KIC 6206885,2MASS 19294656+4132099,2053634218840568320,WISEA J192946.56+413209.7,,292.44401102234826,41.536027407645626,1606.485858392427,,15.92,0.36,-0.0937,13.933493,296.572,14.54527,87.610695,13.179141,111.49624,12.103,0.022,11.551,0.022,11.432,0.022,11.321,0.022,11.353,0.021,11.158,0.124,9.241,,,,,,,,,,AAA,0000,AABU,RS,SSG,,,,,,,,,,,,,,,
947,ZTF J193307.67+410409.1,2MASS 19330767+4104091,2077379649912472832,WISEA J193307.66+410408.5,,293.2819771366973,41.06918594517376,1341.1085614274937,,6.53,0.47,-0.2732,14.229264,259.3842,14.826141,67.30017,13.467935,93.8518,12.345,0.031,11.843,0.039,11.706,0.034,11.33,0.026,11.368,0.025,11.383,0.125,9.066,,,,,,,,,,EAA,hh00,AABU,RS,SSG,,,,,,,,,,,,,,,
948,ZTF J193834.79+413455.0,2MASS 19383479+4134550,2077455825451206784,WISEA J193834.79+413454.9,,294.6449707533834,41.5819381387928,1780.9103956526876,,9.44,0.37,-0.2856,14.324857,283.08768,15.011694,81.90275,13.508182,95.47816,12.458,0.024,11.82,0.024,11.689,0.028,11.537,0.023,11.49,0.021,11.334,0.117,9.42,,,,,,,,,,AAA,0000,AABU,RS,SSG,,,,,,,,,,,,,,,
949,ASAS J193726+4146.7,2MASS 19372548+4146378,2077510079479382400,WISEA J193725.48+414637.8,,294.3561735605354,41.77718253380287,638.6324509056625,,5.21,0.36,,11.276248,643.23846,11.870205,193.29047,10.543427,248.91966,9.604,0.019,8.986,0.028,8.868,0.025,8.781,0.023,8.821,0.02,8.687,0.024,8.867,0.328,,,,,,,,,AAA,hh00,AAAB,RS,RS,,,,,,,,,,,,,,,
950,ASAS J194031+4345.3,2MASS 19403105+4345173,2078114703489389184,WISEA J194031.04+434517.2,,295.1293453747824,43.75478817901987,1091.727729943501,,65.9,0.46,,12.092201,303.32288,12.708699,90.97499,11.340522,119.6028,10.267,0.024,9.693,0.018,9.585,0.016,9.542,0.023,9.588,0.02,9.469,0.035,9.022,,,,,,,,,,AAA,hh0O,AAAU,RS,RS,52.25485930509783,0.05554945,0.4670840953722758,0.030073382,32.13223238648996,1.0980403,,,SB1,0.71463776,0.75242877,0.7889602,0.8243759,0.85879344,0.8923107
951,ZTF J193513.19+430316.3,2MASS 19351321+4303165,2078153671735865472,WISEA J193513.21+430316.2,,293.804987616747,43.05454044091448,1926.002354961575,,4.5,0.35,-0.1601,15.730069,181.88583,16.426647,50.900665,14.893699,71.535706,13.668,0.025,12.975,0.026,12.852,0.028,12.669,0.024,12.659,0.023,12.67,0.389,9.481,,,,,,,,,,AAA,0000,AACU,SSG,SSG,,,,,,,,,,,,,,,
952,ZTF J193713.97+432840.2,2MASS 19371397+4328404,2078191570527917696,WISEA J193713.97+432840.2,,294.30821511752407,43.47782813372684,1639.390920809349,,3.72,0.37,-0.3015,14.671243,187.84236,15.254918,56.94568,13.943629,70.93673,13.025,0.021,12.433,0.018,12.29,0.021,12.235,0.023,12.202,0.023,12.28,,9.495,,,,,,,,,,AAA,0000,AAUU,RS,SSG,,,,,,,,,,,,,,,
953,ASAS J193836+4341.5,2MASS 19383589+4341314,2078274858532476672,WISEA J193835.88+434131.4,,294.64951102155345,43.69206036410957,621.7590410090453,,11.5,0.42,-0.4348,11.288826,446.98895,11.718692,162.08948,10.667905,143.3012,9.731,0.019,9.26,0.019,9.123,0.015,9.045,0.023,9.059,0.02,8.933,0.025,9.19,0.449,,,,,,,,,AAA,0000,AAAC,cut,RS,,,,,,,,,,,,,,,
954,ZTF J194234.61+452335.2,2MASS 19423461+4523353,2079971267535444352,WISEA J194234.61+452335.2,,295.64422222349975,45.39310401653688,1500.9158722545662,,16.07,0.48,-0.1713,14.290465,942.6472,14.830397,259.83237,13.59128,359.75476,12.717,0.023,12.195,0.021,12.054,0.014,11.98,0.023,12.013,0.022,11.976,0.164,9.157,,,,,,,,,,AAA,0000,AABU,RS,RS,,,,,,,,,,,,,,,
955,ZALD J19435165+4619144,2MASS 19435166+4619144,2080421483187900288,WISEA J194351.65+461914.3,,295.9652084120025,46.32066157554036,1044.91868381976,,34.49,0.43,,9.907522,480.38687,10.504591,164.53632,9.110437,176.4211,8.173,0.018,7.571,0.018,7.396,0.018,7.215,0.034,7.355,0.02,7.229,0.016,7.142,0.075,,,,,,,,,AAA,h000,AAAA,RS,RS,,,,,,,,,,,,,,,
956,TYC 3557-919-1,2MASS 19434046+4640032,2080444435493307520,WISEA J194340.46+464003.6,,295.91860402828513,46.66772170550607,334.59794465717886,,25.08,0.34,-0.16,11.037224,392.91525,11.623533,105.41868,10.30335,149.1502,9.232,0.023,8.684,0.016,8.536,0.014,8.529,0.022,8.568,0.02,8.435,0.023,8.235,0.18,,,,,Yes,Variable H-alpha,Normal Emission,Normal Emission,AAA,00o0,AAAB,RS,SSG,11.0283,1.2859,0.3669,0.0116,26.488,0.116,,,SB1 ,0.28592265,0.30351564,0.32056373,0.3371277,0.35325727,0.3689941
957,ZTF J194855.43+481326.0,2MASS 19485543+4813261,2086715946736867840,WISEA J194855.43+481326.0,GALEX J194855.3+481326,297.23097684489477,48.223884909261855,1381.8916963311058,,6.23,0.32,-0.0702,14.071857,522.1779,14.7072115,132.71461,13.305124,238.90457,12.322,0.025,11.73,0.018,11.59,0.023,11.38,0.023,11.419,0.021,11.227,0.099,9.066,0.323,,,22.05229949951172,0.3808999955654144,,,,,AAA,0000,AAAB,RS,SSG,,,,,,,,,,,,,,,
958,ZTF J194807.00+501426.6,2MASS 19480701+5014265,2087268691848523392,WISEA J194807.00+501426.5,,297.02918504256445,50.24069134085831,1525.8695920187806,,9.33,0.46,0.0176,14.617838,495.18408,15.255244,116.421135,13.846723,189.92671,12.908,0.021,12.303,0.019,12.126,0.022,11.956,0.024,11.969,0.022,12.056,0.183,9.607,,,,,,,,,,AAA,d000,AABU,RS,SSG,,,,,,,,,,,,,,,
959,ZTF J195350.83+500710.7,2MASS 19535083+5007105,2087290407202684800,WISEA J195350.83+500710.5,,298.461797604549,50.11962238131504,1330.7303429394938,,15.46,0.4,-0.1332,14.396991,366.45688,15.012054,99.12924,13.641161,138.00352,12.502,0.024,11.995,0.03,11.851,0.022,11.749,0.023,11.774,0.021,11.58,0.13,9.24,,,,,,,,,,AAA,0h00,AABU,RS,SSG,,,,,,,,,,,,,,,
960,ZTF J195321.98+501924.9,2MASS 19532201+5019250,2087318891426170880,WISEA J195321.99+501924.9,GALEX J195321.9+501925,298.341615477446,50.32358862120069,1035.8111082034286,,1.13,0.33,,13.293587,428.6557,13.83646,131.91058,12.588162,145.88567,11.595,0.024,11.06,0.018,10.906,0.014,10.891,0.023,10.873,0.02,10.766,0.063,9.477,,,,19.694700241088867,0.0958999991416931,,,,,AAA,0000,AAAU,RS,RS,,,,,,,,,,,,,,,
961,ZTF J200641.80+513716.0,2MASS 20064180+5137160,2088388132128704768,WISEA J200641.80+513716.0,,301.6742048866063,51.621109418420495,1085.244775191086,,1.06,0.31,-0.2562,14.196439,875.4009,14.694046,223.80844,13.536871,333.40677,12.757,0.029,12.239,0.03,12.139,0.025,12.073,0.023,12.094,0.021,12.816,0.475,9.243,,,,,,,,,,AAA,ddHd,AACU,RS,SSG,,,,,,,,,,,,,,,
962,ZTF J195602.42+504316.0,2MASS 19560243+5043158,2088834808722783104,WISEA J195602.42+504315.9,,299.01009183837203,50.72109414239576,1593.8557165037605,,2.13,0.36,-0.0419,15.109839,551.93555,15.650032,147.49083,14.405187,172.86865,13.485,0.025,12.947,0.033,12.866,0.034,12.805,0.024,12.829,0.023,12.919,0.465,9.527,,,,,,,,,,AAA,d000,AACU,RS,SSG,,,,,,,,,,,,,,,
963,ZTF J195128.96+511401.1,2MASS 19512897+5114011,2088918749563701248,WISEA J195128.96+511401.0,,297.87066665171244,51.23362639608479,1031.7203750910842,,7.84,0.36,,13.455194,564.5941,14.090151,157.29051,12.68895,216.6724,11.741,0.022,11.129,0.017,10.95,0.021,10.8,0.023,10.823,0.02,10.671,0.073,9.233,,,,,,,,,,AAA,dd00,AAAU,RS,RS,,,,,,,,,,,,,,,
964,ZTF J195507.32+515101.9,2MASS 19550733+5151019,2089040589195727744,WISEA J195507.32+515101.9,,298.7805194278329,51.850538901174275,1404.1598034238798,,11.2,0.42,-0.5945,13.728638,399.4258,14.191201,124.76693,13.0778675,96.93019,12.187,0.023,11.677,0.031,11.539,0.027,11.542,0.022,11.553,0.02,11.474,0.104,9.25,,,,,,,,,,AAA,dd00,AAAU,RS,RS,,,,,,,,,,,,,,,
965,ZTF J184404.51+322012.6,2MASS 18440451+3220126,2090216757400402048,WISEA J184404.51+322012.6,,281.01881889997594,32.33682608672388,1446.5205079163493,,9.15,0.21,-0.0094,13.708838,2448.6777,14.092317,519.9482,13.154227,819.65546,12.501,0.023,12.138,0.022,12.065,0.022,12.039,0.023,12.054,0.022,11.926,0.168,9.006,,,,,,,,,,AAA,hhd0,AABU,RS,RS,,,,,,,,,,,,,,,
966,ZTF J185258.30+321032.3,2MASS 18525831+3210324,2090284514804458240,WISEA J185258.30+321032.1,,283.2429556645686,32.17561988506489,1783.0313755693107,,10.84,0.34,-0.3177,14.420608,730.865,15.035707,215.79742,13.652261,210.6154,12.51,0.023,11.914,0.022,11.767,0.022,11.751,0.022,11.72,0.021,11.971,0.244,9.183,,,,,,,,,,AAA,0000,AABU,RS,SSG,,,,,,,,,,,,,,,
967,ZTF J185319.44+324351.8,2MASS 18531944+3243517,2090408450381466624,WISEA J185319.45+324351.7,,283.33102183519776,32.73103373395365,1086.9960103110045,,7.08,0.23,,13.703603,855.5823,14.209006,257.9607,13.035448,323.2025,12.149,0.022,11.641,0.021,11.542,0.02,11.46,0.023,11.49,0.021,11.382,0.135,8.966,,,,,,,,,,AAA,dd00,AABU,RS,RS,,,,,,,,,,,,,,,
968,ZTF J185217.81+333153.6,2MASS 18521780+3331536,2090705112362236416,,,283.07421006350273,33.53156060579587,1469.6989101660326,,11.74,0.2,-0.0999,14.6636,630.6622,15.298397,154.79805,13.896004,221.04805,12.929,0.023,12.119,,12.194,0.021,,,,,,,,,,,,,,,,,AUA,,,SSG,SSG,,,,,,,,,,,,,,,
969,ZTF J185146.57+334303.0,2MASS 18514660+3343032,2090723151225602816,WISEA J185146.58+334303.1,,282.9440849824053,33.7175071984023,1911.198512076923,,1.77,0.21,,13.518129,955.8783,13.861126,353.3852,12.995142,230.25082,12.365,0.023,11.92,0.021,11.833,0.021,11.746,0.023,11.774,0.022,11.633,0.177,9.294,,,,,,,,,,AAA,dd00,AABU,RS,RS,,,,,,,,,,,,,,,
970,ZTF J183913.48+331430.4,2MASS 18391350+3314307,2091246037721460480,WISEA J183913.49+331430.4,,279.80620804747076,33.24178555141201,1662.5424127944896,,2.78,0.23,,15.168581,382.43564,15.789224,122.158714,14.387626,117.01687,13.366,0.024,12.794,0.024,12.584,0.026,12.558,0.023,12.485,0.023,12.239,0.275,9.351,,,,,,,,,,AAA,0000,AABU,SSG,SSG,,,,,,,,,,,,,,,
971,ZTF J184648.11+333716.5,2MASS 18464811+3337166,2091422887295884672,WISEA J184648.11+333716.5,,281.7004585959658,33.621250880935776,1459.5200018318335,,24.19,0.17,-0.0213,14.370946,214.60143,15.000139,59.05137,13.604158,76.440346,12.552,0.023,11.968,0.021,11.825,0.021,11.735,0.022,11.768,0.022,11.62,0.165,8.938,,,,,,,,,,AAA,0000,AABU,SSG,SSG,,,,,,,,,,,,,,,
972,ZTF J184452.43+334841.5,2MASS 18445243+3348416,2091473155593453440,WISEA J184452.42+334841.5,,281.2184843169956,33.81151533669943,1299.8745050128543,,11.59,0.19,-0.1002,14.276881,403.5275,14.928044,117.93257,13.498699,152.39722,12.563,0.021,11.924,0.023,11.734,0.02,11.65,0.022,11.641,0.021,11.559,0.135,9.349,,,,,,,,,,AAA,0000,AABU,SSG,SSG,,,,,,,,,,,,,,,
973,ZTF J190402.38+360018.3,2MASS 19040239+3600184,2092750719386477568,WISEA J190402.38+360018.3,,286.0099316110934,36.00506353244389,1671.8888542992272,,6.56,0.22,,14.654689,1173.9283,15.159455,342.3727,13.99253,447.6895,13.238,0.021,12.745,0.023,12.62,0.025,12.548,0.023,12.571,0.024,12.446,0.329,8.681,,,,,,,,,,AAA,hh00,AABU,RS,RS,,,,,,,,,,,,,,,
974,ZTF J190029.54+364015.7,2MASS 19002955+3640157,2093010960044434944,WISEA J190029.55+364015.7,,285.1231117680989,36.67102375582119,1597.3575418279445,,25.6,0.22,0.0131,12.999202,1343.6655,13.435734,404.6821,12.393309,584.8568,11.669,0.021,11.272,0.02,11.173,0.017,11.119,0.023,11.157,0.021,10.979,0.088,9.367,,,,,,,,,,AAA,0000,AAAU,RS,RS,,,,,,,,,,,,,,,
975,ZTF J190224.53+364559.0,2MASS 19022454+3645590,2093026490645956992,WISEA J190224.52+364558.9,,285.6022514919157,36.76636972775618,1622.305966262766,,12.98,0.26,-0.0713,14.982272,863.5518,15.483389,232.29013,14.322264,254.45374,13.473,0.023,13.01,0.024,12.902,0.025,12.832,0.024,12.892,0.027,12.797,0.449,8.987,,,,,,,,,,AAA,0000,AACU,RS,SSG,,,,,,,,,,,,,,,
976,ZTF J185516.97+354051.6,2MASS 18551698+3540520,2093237871756597504,WISEA J185516.97+354051.7,,283.8207273576169,35.68101572738923,1264.3494954349555,,17.13,0.24,-0.0762,13.433026,432.65878,14.055709,131.16011,12.668116,154.44527,11.495,0.022,10.855,0.016,10.725,0.019,10.638,0.022,10.67,0.02,10.555,0.071,9.085,,,,,,,,,,AAA,0000,AAAU,RS,SSG,,,,,,,,,,,,,,,
977,ZTF J185326.78+360515.1,2MASS 18532679+3605151,2093320713086137088,WISEA J185326.78+360515.1,,283.3616193828879,36.087529169981906,1753.479346707486,,2.13,0.23,-0.5468,15.066928,613.58673,15.578462,154.90356,14.3830595,187.30327,13.462,0.024,12.956,0.027,12.829,0.033,12.771,0.023,12.714,0.023,12.323,0.293,9.051,,,,,,,,,,AAA,dd00,AABU,RS,SSG,,,,,,,,,,,,,,,
978,ZTF J185440.11+375203.6,2MASS 18544012+3752034,2094111669961089920,WISEA J185440.12+375203.5,,283.66718687681885,37.867643071788486,1190.9899426599177,,14.94,0.24,-0.086,12.192068,543.3943,12.7728405,169.4743,11.465892,206.48386,10.501,0.02,9.948,0.015,9.843,0.015,9.764,0.023,9.823,0.021,9.697,0.039,9.252,0.44,,,,,,,,,AAA,hh00,AAAC,RS,RS,,,,,,,,,,,,,,,
979,TYC 2645-156-1,2MASS 18382532+3406444,2094353837398616960,WISEA J183825.32+340644.4,,279.60548795536624,34.112324243472585,647.8699241786576,,19.7,0.2,,9.83043,860.73663,10.3514185,309.7712,9.150242,394.32758,8.322,0.019,7.824,0.017,7.681,0.024,7.609,0.031,7.652,0.02,7.577,0.017,7.542,0.11,,,,,Yes,Absorption,Normal Emission,Normal Emission,AAA,0000,AAAB,RS,RS,,,,,,,,,,,,,,,
980,ZTF J183343.72+345117.4,2MASS 18334372+3451174,2094629544237351424,WISEA J183343.72+345117.3,,278.43218208466243,34.85482027250636,1809.2729921047364,,1.71,0.16,0.0002,14.464502,1721.1809,14.886276,543.2701,13.880711,602.4219,13.213,0.021,12.876,0.02,12.762,0.027,12.68,0.023,12.718,0.025,12.837,0.518,9.023,,,,,,,,,,AAA,0000,AACU,RS,RS,,,,,,,,,,,,,,,
981,ZTF J183604.26+350057.4,2MASS 18360426+3500571,2094647200843483520,WISEA J183604.26+350057.3,,279.01778495102224,35.01590967123562,1540.8687917403963,,8.32,0.17,-0.4885,14.894396,309.8859,15.521955,84.97666,14.130328,117.490105,12.947,0.029,12.341,0.021,12.249,,12.216,0.023,12.176,0.022,12.445,0.382,9.17,,,,,,,,,,AAU,0000,AACU,SSG,SSG,,,,,,,,,,,,,,,
982,ZTF J182354.29+353850.7,2MASS 18235429+3538507,2095660233308834176,WISEA J182354.31+353850.4,,275.9762207371787,35.647416708142806,1290.9440150721343,,0.21,0.11,-0.0696,13.629684,1105.1099,14.088915,351.9628,13.010706,377.43497,12.244,0.022,11.791,0.02,11.694,0.023,11.543,0.022,11.598,0.02,11.511,0.145,9.344,,,,,,,,,,AAA,0000,AABU,RS,RS,,,,,,,,,,,,,,,
983,ZTF J184623.45+372430.1,2MASS 18462345+3724301,2096670134739882112,WISEA J184623.45+372430.1,,281.5977179972663,37.40835435048471,1560.2690163648197,,16.42,0.16,,14.426691,394.84232,15.028673,112.30748,13.673699,141.00987,12.696,0.027,12.094,0.031,11.958,0.024,11.853,0.023,11.89,0.021,11.993,0.232,9.182,,,,,,,,,,AAA,0000,AABU,RS,SSG,,,,,,,,,,,,,,,
984,ZTF J184103.09+373504.4,2MASS 18410310+3735046,2096836573312228608,WISEA J184103.10+373504.4,,280.26290028071674,37.584549245523775,1326.297221954251,,2.48,0.17,-0.4002,13.565417,936.9344,13.982993,286.2575,12.972505,330.35886,12.194,0.022,11.764,0.021,11.694,0.023,11.641,0.023,11.654,0.021,11.811,0.165,9.383,,,,,,,,,,AAA,0000,AABU,RS,RS,,,,,,,,,,,,,,,
985,Gaia DR2 2097364991728613248,2MASS 18453525+3844314,2097364991728613248,WISEA J184535.25+384431.3,,281.3968973966434,38.74203704742311,1544.9948205037645,,8.05,0.27,-0.1592,13.700764,312.1809,14.212253,107.25717,13.009302,85.785614,11.956,0.023,11.405,0.031,11.241,0.021,11.252,0.022,11.198,0.02,11.143,0.105,9.337,,,,,,,,,,AAA,0000,AAAU,RS,RS,,,,,,,,,,,,,,,
986,ZTF J184514.24+394339.5,2MASS 18451423+3943395,2098227318081823360,WISEA J184514.24+394339.4,,281.3093441673779,39.72762766240576,1729.204379044568,,11.85,0.31,-0.0874,14.230343,1187.6573,14.699445,330.30353,13.599817,398.1598,12.872,0.024,12.393,0.028,12.308,0.025,12.253,0.022,12.29,0.021,12.134,0.251,8.759,,,,,,,,,,AAA,0000,AABU,RS,RS,,,,,,,,,,,,,,,
987,ZTF J184837.40+394259.1,2MASS 18483740+3942590,2098264632756699520,WISEA J184837.40+394259.0,,282.15586321290255,39.71639310914627,1872.656195503296,,7.11,0.29,-0.0397,15.317433,414.727,15.980933,91.92828,14.504179,138.60017,13.394,0.027,12.761,0.032,12.669,0.026,12.539,0.024,12.493,0.024,12.41,0.312,9.37,,,,,,,,,,AAA,0h00,AABU,SSG,SSG,,,,,,,,,,,,,,,
988,ZTF J190752.04+362659.8,2MASS 19075206+3627000,2098736288889235968,WISEA J190752.04+362659.8,,286.9668587026378,36.44993743631468,962.2144599770612,,11.84,0.33,-0.0083,12.638912,1176.324,13.178156,341.5871,11.9408245,408.26794,11.057,0.022,10.502,0.019,10.381,0.017,10.317,0.024,10.345,0.023,10.228,0.051,8.897,,,,,,,,,,AAA,0000,AAAU,RS,RS,,,,,,,,,,,,,,,
989,ZTF J191416.48+395327.6,2MASS 19141647+3953276,2099781031092642560,WISEA J191416.49+395328.0,,288.5686728229824,39.89098764655381,1670.5218633197526,,12.34,0.34,-0.5182,14.998183,896.31104,15.47608,233.3859,14.350215,334.3283,13.547,0.031,13.074,0.032,12.961,0.038,12.959,0.032,13.007,0.035,12.677,,8.615,,,,,,,,,,AAA,00P0,AAUU,RS,SSG,,,,,,,,,,,,,,,
990,V0760 Lyr,2MASS 19131460+3956085,2099795393463499392,WISEA J191314.62+395608.2,,288.3109603516995,39.93559167295495,647.4260178985321,,52.5,0.34,0.0494,10.320358,394.5986,10.973601,112.57837,9.54306,158.20775,8.415,0.027,7.826,0.016,7.682,0.017,7.605,0.03,7.697,0.021,7.575,0.017,7.396,0.099,,,,,,,,,AAA,0000,AAAA,RS,RS,,,,,,,,,,,,,,,
991,ASAS J190148+3807.0,2MASS 19014820+3807019,2099914071999639040,WISEA J190148.19+380701.8,,285.45078990597796,38.11717755280087,849.422436604304,,14.89,0.27,0.1196,13.492591,226.22903,14.157602,65.544464,12.684599,82.903336,11.356,0.018,10.748,0.021,10.631,0.019,10.644,0.023,10.616,0.02,10.376,0.06,9.161,,,,,,,,,,AAA,0000,AAAU,SSG,SSG,,,,,,,,,,,,,,,
992,ZTF J190341.46+382021.8,2MASS 19034146+3820216,2099967844989219072,WISEA J190341.46+382021.6,,285.9227724823141,38.33935181381943,1363.344060249246,,2.61,0.36,-0.4279,14.280191,419.35568,14.888142,131.74556,13.514176,136.13097,12.415,0.022,11.803,0.023,11.638,0.02,11.5,0.023,11.46,0.021,11.183,0.132,8.775,,,,,,,,,,AAA,0000,AABU,RS,SSG,,,,,,,,,,,,,,,
993,ASAS J190333+3829.2,2MASS 19033327+3829126,2100017872768336256,WISEA J190333.26+382912.5,,285.8885869147472,38.486797458617936,778.1864801470703,,2.88,0.32,-0.198,12.838252,310.45978,13.442703,83.643845,12.031711,111.74676,11.017,0.022,10.402,0.021,10.256,0.018,10.122,0.023,10.147,0.02,10.079,0.048,8.778,,,,,,,,,,AAA,0000,AAAU,cut,SSG,,,,,,,,,,,,,,,
994,ZTF J190939.57+395212.8,2MASS 19093956+3952129,2100531241619626368,WISEA J190939.57+395212.7,,287.41491800626665,39.87021820507719,1517.9666184731905,,6.2,0.49,-0.1033,14.462011,437.46323,15.047579,143.82854,13.726879,144.02118,12.603,0.023,11.993,0.02,11.853,0.02,11.872,0.023,11.863,0.021,12.143,0.25,9.349,,,,,,,,,,AAA,0h00,AABU,RS,SSG,,,,,,,,,,,,,,,
995,ZTF J191840.52+390321.2,2MASS 19184052+3903211,2100949708876003328,WISEA J191840.52+390321.2,,289.6688571672572,39.05587290907821,1635.7158200741758,,3.68,0.38,-0.0999,15.408784,371.79456,16.04235,81.59777,14.626986,141.78406,13.646,0.023,13.098,0.022,12.857,0.027,12.745,0.024,12.745,0.024,12.504,0.42,9.299,0.464,,,,,,,,,AAA,0000,AACC,SSG,SSG,,,,,,,,,,,,,,,
996,ZTF J192611.47+421458.8,2MASS 19261147+4214590,2101759327391049984,WISEA J192611.47+421458.8,,291.54781480579265,42.24965490900786,1746.1108869315638,,7.16,0.34,-0.1388,14.805676,512.23517,15.464817,158.70477,14.01658,191.93361,12.865,0.023,12.228,0.018,12.091,0.02,12.095,0.022,12.066,0.021,11.372,0.12,8.61,,,,,,,,,,AAA,0000,AABU,RS,SSG,,,,,,,,,,,,,,,
997,ZTF J191044.41+413325.4,2MASS 19104440+4133253,2102365330094040448,WISEA J191044.40+413325.4,,287.68505762595066,41.5570480060306,1469.1557805204477,,10.25,0.39,,13.694989,825.15686,14.237112,268.40604,12.986737,250.63744,11.966,0.022,11.47,0.022,11.317,0.017,11.242,0.023,11.232,0.02,11.203,0.114,8.869,,,,,,,,,,AAA,0000,AABU,RS,RS,,,,,,,,,,,,,,,
998,V2279 Cyg,2MASS 19185446+4349258,2102876152024732672,WISEA J191854.47+434925.8,,289.7269807217729,43.82383998348489,696.2549694941239,,4.13,0.27,-0.3075,12.605276,85.75585,13.248121,25.977566,11.827167,31.985859,10.612,0.022,10.031,0.018,9.883,0.011,9.81,0.022,9.773,0.02,9.643,0.036,8.851,,,,,,,,,,AAA,dd00,AAAU,RS,SSG,,,,,,,,,,,,,,,
999,ZTF J191145.36+432321.3,2MASS 19114537+4323214,2102983702305432832,WISEA J191145.36+432321.5,,287.939011597281,43.3892599588692,1725.5686024183583,,11.62,0.15,0.0777,14.68737,448.15317,15.305926,143.37566,13.908878,137.3957,13.079,0.03,12.461,0.031,12.291,0.024,12.108,0.024,12.144,0.024,12.273,0.302,9.022,0.477,,,,,,,,,AAA,0000,AABC,cut,SSG,,,,,,,,,,,,,,,
1000,V0676 Lyr,2MASS 19130263+4436157,2103160551878851072,WISEA J191302.62+443615.8,GALEX J191302.5+443615,288.2609173457834,44.60439915335552,421.6729096297702,,3.57,0.26,,9.946461,1280.0358,10.377073,298.71252,9.351549,497.61496,8.698,0.024,8.253,0.023,8.166,0.02,8.109,0.023,8.131,0.02,8.053,0.02,7.691,0.113,20.21380043029785,0.1902,16.22570037841797,0.0189999993890523,,,,,AAA,0000,AAAB,RS,RS,,,,,,,,,,,,,,,
1001,ASAS J185804+4022.5,2MASS 18580401+4022274,2103420929975172992,WISEA J185804.00+402227.3,,284.5167245001868,40.37422243625553,913.2140770884248,,24.05,0.41,-0.1604,10.883501,604.51044,11.453651,172.94835,10.15981,221.58183,9.395,0.022,8.776,0.018,8.633,0.017,8.418,0.022,8.467,0.02,8.36,0.021,8.468,0.236,,,,,,,,,AAA,0000,AAAB,RS,RS,,,,,,,,,,,,,,,
1002,ZTF J190326.20+404904.4,2MASS 19032619+4049043,2103782772380220416,WISEA J190326.19+404904.1,,285.85916830845406,40.81787586989381,1733.0661996498122,,9.97,0.31,0.076,14.628432,252.86725,15.268994,77.228035,13.804287,109.07281,12.762,0.024,12.136,0.022,11.983,0.023,11.837,0.023,11.863,0.021,11.774,0.173,8.893,,,,,,,,,,AAA,0000,AABU,cut,SSG,,,,,,,,,,,,,,,
1003,ASAS J190254+4139.5,2MASS 19025396+4139313,2103961443020414080,WISEA J190253.96+413931.1,,285.72487503304427,41.65864523893751,665.4187357168444,,16.51,0.25,-0.7231,12.430916,451.25674,13.067431,127.548836,11.657825,161.4335,10.614,0.021,10.03,0.022,9.846,0.02,9.717,0.023,9.749,0.02,9.632,0.033,9.136,0.414,,,,,,,,,AAA,0000,AAAC,RS,SSG,14.432042699832731,0.0029635786,0.0445107009205917,0.033055373,42.46383948733828,1.0173769,,,SB1,0.6875408,0.7241669,0.759574,0.7939011,0.8272622,0.85975206
1004,ZTF J184912.29+404741.3,2MASS 18491230+4047407,2104379429236015744,WISEA J184912.29+404741.0,,282.30122985883423,40.794770469623295,797.9630963989845,,7.19,0.31,-0.0143,12.895666,735.98517,13.415677,214.45293,12.222398,272.08167,11.378,0.027,10.954,0.03,10.795,0.023,10.704,0.023,10.747,0.021,10.751,0.07,9.096,,,,,,,,,,AAA,0000,AAAU,RS,RS,,,,,,,,,,,,,,,
1005,ROTSE1 J184706.07+434032.7,2MASS 18470628+4340344,2105255190248353792,WISEA J184706.28+434034.6,GALEX J184706.2+434035,281.7762003750739,43.67627247120305,659.6085607060802,10.5474,39.64,0.15,0.0936,10.980172,397.98062,11.623599,121.01366,10.204441,145.362,9.041,0.03,8.461,0.034,8.297,0.021,8.245,0.023,8.298,0.02,8.148,0.018,8.173,0.169,21.555299758911133,0.4132,18.61490058898925,0.0659999996423721,Yes,Variable H-alpha,,,AAA,0000,AAAB,RS,SSG,18.859904322722223,0.003319671,0.0791575999230702,0.032060865,17.495504588492814,0.32133043,,,SB1,0.25346226,0.26877853,0.28360808,0.2980058,0.31201667,0.32567814
1006,ZTF J184807.69+433936.2,2MASS 18480769+4339361,2105275050177174400,WISEA J184807.69+433936.0,GALEX J184807.7+433936,282.03205786192376,43.660006441500904,1799.8203322533998,,8.77,0.14,-0.4975,13.663705,981.08606,14.043711,369.89023,13.108258,292.5722,12.364,0.023,11.932,0.03,11.8,0.021,11.797,0.023,11.788,0.021,11.622,0.152,9.235,,,,18.96080017089844,0.0815000012516975,,,,,AAA,0000,AABU,RS,RS,,,,,,,,,,,,,,,
1007,ZTF J190005.47+445327.2,2MASS 19000548+4453270,2105994886696359296,WISEA J190005.47+445327.1,GALEX J190005.5+445327,285.0228199974509,44.89085676799992,1328.5726201136863,,4.39,0.17,-0.2829,14.34384,402.51138,14.880166,122.13779,13.634419,123.7933,12.483,0.022,11.936,0.019,11.762,0.017,11.761,0.023,11.741,0.021,11.656,0.137,8.566,,,,20.631000518798828,0.181999996304512,,,,,AAA,0000,AABU,RS,SSG,,,,,,,,,,,,,,,
1008,V0675 Lyr,2MASS 19064659+4401458,2106072814582280320,WISEA J190646.58+440145.6,,286.69411794344074,44.02931840162755,1130.2491712396318,,7.0,0.17,-0.0434,12.884508,258.6488,13.39075,81.277245,12.223502,90.64784,11.275,0.02,10.766,0.018,10.65,0.016,10.632,0.023,10.607,0.02,10.52,0.062,8.708,,,,,,,,,,AAA,0000,AAAU,RS,RS,,,,,,,,,,,,,,,
1009,ZTF J190953.18+445845.9,2MASS 19095317+4458457,2106192867508368768,WISEA J190953.17+445845.8,GALEX J190953.2+445847,287.47156832896684,44.97940156908103,1328.7815047181714,,13.52,0.29,0.0455,13.847916,922.6334,14.27722,285.6641,13.25938,337.59537,12.594,0.022,12.188,0.019,12.096,0.017,12.016,0.022,12.066,0.022,11.919,0.176,8.784,,,,20.377099990844727,0.1789000034332275,,,,,AAA,dd00,AABU,RS,RS,,,,,,,,,,,,,,,
1010,ZTF J185354.11+441336.7,2MASS 18535411+4413366,2106650470503634944,WISEA J185354.12+441336.7,GALEX J185354.2+441336,283.47549209970475,44.22686331709837,1339.4616339506963,,0.93,0.17,-0.219,14.3228245,635.25433,14.809806,198.47098,13.676496,245.46709,12.786,0.024,12.324,0.018,12.275,0.026,12.218,0.023,12.248,0.022,12.052,0.208,9.227,,,,20.98259925842285,0.3041999936103821,,,,,AAA,0000,AABU,RS,SSG,,,,,,,,,,,,,,,
1011,ZTF J182229.55+364512.2,2MASS 18222955+3645124,2107798841678893056,WISEA J182229.55+364512.3,GALEX J182229.5+364512,275.6231504227306,36.753390965011,573.6871121374053,,2.92,0.09,-0.1532,13.001999,389.10657,13.567171,112.31729,12.288018,142.5045,11.343,0.021,10.793,0.02,10.657,0.02,10.587,0.023,10.573,0.02,10.378,0.059,9.427,,,,20.011199951171875,0.1213999986648559,,,,,AAA,0000,AAAU,RS,SSG,,,,,,,,,,,,,,,
1012,ZTF J182320.15+365840.9,2MASS 18232015+3658408,2107901542936238592,WISEA J182320.15+365840.7,GALEX J182320.1+365840,275.83397814929236,36.978002387977355,1596.670908573879,,1.79,0.1,-0.1272,14.008776,555.23157,14.450607,135.15178,13.397442,166.19695,12.714,0.02,12.282,0.023,12.165,0.024,12.055,0.023,12.069,0.022,12.005,0.228,8.986,,,,20.24530029296875,0.1281999945640564,,,,,AAA,0000,AABU,RS,RS,,,,,,,,,,,,,,,
1013,ZTF J181920.72+370414.5,2MASS 18192073+3704143,2107999051576496896,WISEA J181920.73+370414.4,GALEX J181920.7+370415,274.8363819446272,37.07068230115153,876.5615661602667,,19.89,0.08,-0.1164,12.624524,1197.4357,13.058675,312.7537,12.026423,434.26837,11.342,0.023,10.891,0.031,10.784,0.023,10.703,0.023,10.746,0.02,10.657,0.087,9.327,,,,18.81760025024414,0.0560999996960163,,,,,AAA,0000,AAAU,RS,RS,,,,,,,,,,,,,,,
1014,ZTF J182725.76+374746.4,2MASS 18272576+3747465,2108327157015494784,WISEA J182725.76+374746.4,GALEX J182725.6+374747,276.85735900058194,37.79621436679912,1897.7152030225868,,8.46,0.1,,14.694645,299.7869,15.198289,99.5776,14.014364,101.85287,13.038,0.021,12.45,0.022,12.385,0.022,12.273,0.024,12.269,0.023,12.427,0.308,8.959,,,,20.394899368286133,0.1533000022172927,,,,,AAA,0000,AABU,RS,RS,,,,,,,,,,,,,,,
1015,ZTF J183254.93+384625.4,2MASS 18325493+3846254,2108440200555460352,WISEA J183254.93+384625.4,,278.22890252515697,38.773729666917134,1395.8172462697012,,16.16,0.12,,14.449035,464.14664,15.016483,130.99748,13.730573,160.58096,12.872,0.021,12.321,0.021,12.184,0.021,12.082,0.022,12.119,0.021,11.727,0.201,9.275,,,,,,,,,,AAA,0000,AABU,RS,RS,,,,,,,,,,,,,,,
1016,ZTF J183040.75+385010.7,2MASS 18304075+3850108,2108498509031636096,WISEA J183040.76+385010.9,,277.6698211240331,38.836321113244054,1695.2810736407475,,11.53,0.1,-0.1566,14.879619,623.2967,15.399588,183.2188,14.150459,264.01828,13.194,0.023,12.646,0.026,12.544,0.023,12.475,0.023,12.497,0.023,12.316,0.299,9.292,,,,,,,,,,AAA,0000,AABU,RS,SSG,,,,,,,,,,,,,,,
1017,ZTF J182330.83+385547.8,2MASS 18233082+3855478,2108632168413443200,WISEA J182330.82+385547.7,,275.8784588364532,38.929938456733275,1312.5769570535897,,3.92,0.12,-0.299,14.539426,506.59488,15.075167,155.09811,13.840765,186.65474,12.931,0.021,12.403,0.022,12.263,0.021,12.15,0.024,12.111,0.022,11.799,0.175,9.391,,,,,,,,,,AAA,0000,AABU,RS,SSG,,,,,,,,,,,,,,,
1018,ZTF J181554.85+385333.5,2MASS 18155486+3853336,2109156704179279104,WISEA J181554.84+385333.4,,273.9785632141872,38.892616737180575,1859.7883948345668,,5.03,0.07,-0.551,14.621217,1207.9332,15.048513,338.0094,14.01654,378.19775,13.247,0.023,12.763,0.022,12.626,0.024,12.568,0.023,12.548,0.023,12.092,0.252,9.249,,,,,,,,,,AAA,0000,AABU,RS,SSG,,,,,,,,,,,,,,,
1019,ZTF J182300.22+402217.8,2MASS 18230023+4022174,2109798063054786432,WISEA J182300.23+402217.6,GALEX J182300.2+402217,275.7509519048985,40.37159919022577,739.2420580868878,,3.86,0.13,-0.223,13.201589,289.5347,13.79261,89.70569,12.454419,116.66843,11.507,0.022,10.931,0.022,10.76,0.017,10.6,0.023,10.576,0.02,10.433,0.06,9.471,,,,19.870899200439453,0.1387999951839447,,,,,AAA,0h00,AAAU,RS,SSG,,,,,,,,,,,,,,,
1020,ZTF J182514.72+440022.7,2MASS 18251473+4400228,2112123598866787200,WISEA J182514.73+440022.7,GALEX J182514.7+440023,276.31136444876864,44.00629159220861,1555.684489477204,,3.47,0.15,-0.508,14.637638,779.0331,15.110328,185.84253,13.989278,272.35184,13.169,0.022,12.698,0.023,12.564,0.029,12.53,0.023,12.524,0.022,12.323,0.259,9.256,,,,20.970399856567383,0.2318000048398971,,,,,AAA,0000,AABU,RS,SSG,,,,,,,,,,,,,,,
1021,ZTF J182559.37+443830.6,2MASS 18255937+4438306,2112168575764643584,WISEA J182559.36+443830.5,GALEX J182559.4+443830,276.4973936175938,44.64182578223394,1613.498981748652,,2.49,0.14,-0.2667,15.142281,267.08276,15.70507,72.5422,14.394897,108.295616,13.451,0.025,12.884,0.026,12.785,0.035,12.606,0.023,12.569,0.023,12.951,0.4,9.584,,,,22.17099952697754,0.4372999966144562,,,,,AAA,0h00,AACU,cut,SSG,,,,,,,,,,,,,,,
1022,ZTF J181424.77+404246.3,2MASS 18142477+4042461,2112449878942747264,WISEA J181424.77+404246.1,GALEX J181424.6+404247,273.60323540912304,40.71284388927638,1867.5431899647913,,16.33,0.15,-0.1599,14.896135,589.22156,15.477642,169.86316,14.152155,176.32346,13.261,0.025,12.657,0.025,12.503,0.023,12.404,0.023,12.408,0.022,12.583,0.415,9.461,,,,21.98550033569336,0.4181999862194061,,,,,AAA,0h00,AACU,RS,SSG,,,,,,,,,,,,,,,
1023,PQ Her,2MASS 18073254+4015266,2112554332546997504,WISEA J180732.53+401526.4,GALEX J180732.5+401526,271.8855570277579,40.2573325917135,540.3928499395724,,4.57,0.13,-0.0455,12.391645,464.9141,12.997656,138.45427,11.642038,190.61732,10.602,0.02,10.013,0.023,9.85,0.017,9.778,0.023,9.777,0.02,9.657,0.034,8.593,,21.74469947814941,0.406,19.42300033569336,0.0874999985098838,,,,,AAA,0000,AAAU,SSG,SSG,,,,,,,,,,,,,,,
1024,ZTF J181450.95+405219.9,2MASS 18145096+4052199,2112839380936467712,WISEA J181450.95+405219.7,GALEX J181450.9+405220,273.7123008860235,40.87217934841828,1176.9377881692426,,2.52,0.1,-0.3468,14.578504,268.05658,15.153145,70.75686,13.85125,99.82753,12.729,0.023,12.139,0.023,12.03,0.021,11.941,0.023,11.953,0.021,11.989,0.257,9.288,,,,21.24220085144043,0.2558000087738037,,,,,AAA,0000,AABU,SSG,SSG,,,,,,,,,,,,,,,
1025,ZTF J180710.34+405412.5,2MASS 18071033+4054125,2113356563718201344,WISEA J180710.34+405412.4,,271.7930917323791,40.903467401966154,1800.9617149731118,,2.21,0.12,-0.1899,15.186351,324.27707,15.809216,87.14493,14.426626,115.12159,13.595,0.024,12.955,0.026,12.842,0.027,12.554,0.024,12.507,0.023,12.739,0.452,8.7,,,,,,,,,,AAA,0000,AACU,SSG,SSG,,,,,,,,,,,,,,,
1026,ZTF J181003.02+420327.4,2MASS 18100301+4203273,2113883435945649152,WISEA J181003.01+420327.3,GALEX J181003.0+420326,272.51261023179063,42.0575884645087,1620.1383437803786,,3.3,0.13,-0.071,15.0669,529.0286,15.585843,159.58188,14.386147,196.31601,13.516,0.024,13.039,0.027,12.867,0.028,12.803,0.024,12.809,0.024,12.484,0.347,9.554,,,,21.962799072265625,0.3314000070095062,,,,,AAA,0000,AABU,RS,SSG,,,,,,,,,,,,,,,
1027,ZTF J180412.39+432428.1,2MASS 18041240+4324283,2114214285866657536,WISEA J180412.40+432428.2,,271.05167113436426,43.40779863312158,1736.4693660545142,,4.11,0.14,-0.1854,14.659904,389.52438,15.137223,121.67969,14.024687,105.889145,13.132,0.023,12.629,0.023,12.48,0.024,12.452,0.032,12.462,0.033,12.187,,9.305,,,,,,,,,,AAA,0000,AAUU,RS,RS,,,,,,,,,,,,,,,
1028,ZTF J182104.56+425512.7,2MASS 18210456+4255125,2114599699052107264,WISEA J182104.56+425512.7,,275.26899225851724,42.92019609955167,1562.1097576813936,,9.59,0.12,-0.0795,15.122772,584.3031,15.650467,175.22311,14.42393,190.21506,13.566,0.022,13.027,0.02,12.935,0.031,12.836,0.023,12.854,0.025,12.11,0.244,9.502,,,,,,,,,,AAA,0000,AABU,RS,SSG,,,,,,,,,,,,,,,
1029,ZALD J18164368+4528007,2MASS 18164368+4528007,2115440516209286016,WISEA J181643.66+452800.5,GALEX J181643.6+452800,274.18189104250143,45.466791257549424,833.5220562274792,,36.59,0.11,-0.1068,10.852858,607.5521,11.400702,202.15196,10.144568,260.12558,9.249,0.02,8.721,0.017,8.592,0.017,8.484,0.023,8.54,0.02,8.425,0.02,8.207,0.176,,,18.373699188232425,0.0544999986886978,,,,,AAA,0000,AAAB,RS,RS,36.356552918279384,0.01036375,0.0303125209464429,0.012832897,22.00764628274477,0.28426826,,,SB1,0.43551666,0.46042806,0.48452693,0.5079058,0.53064024,0.5527933
1030,ZTF J181655.21+453409.2,2MASS 18165523+4534092,2115465942415697920,WISEA J181655.21+453409.2,GALEX J181655.2+453409,274.230085300413,45.56922813016739,1706.4822552563205,,4.15,0.12,,13.74196,804.56305,14.256967,225.39798,13.069725,238.82533,12.22,0.022,11.752,0.021,11.605,0.021,11.485,0.023,11.509,0.021,11.29,0.111,8.912,,,,20.118200302124023,0.1615999937057495,,,,,AAA,0000,AABU,RS,RS,,,,,,,,,,,,,,,
1031,ZTF J181459.73+461142.0,2MASS 18145973+4611419,2115543423625922560,WISEA J181459.73+461141.9,,273.74889390798387,46.19498349064348,1100.5591157567403,,24.27,0.09,,13.811678,1123.2059,14.35769,310.2887,13.115709,432.00427,12.271,0.024,11.75,0.03,11.595,0.023,11.518,0.023,11.569,0.021,11.602,0.139,9.439,,,,,,,,,,AAA,h000,AABU,RS,RS,,,,,,,,,,,,,,,
1032,ZTF J183956.29+451127.7,2MASS 18395630+4511277,2117601468876559104,WISEA J183956.29+451127.6,GALEX J183956.2+451127,279.9845812966151,45.19101439366518,1997.763776625882,,5.9,0.2,0.1423,14.85268,436.59552,15.473329,129.04616,14.085265,138.06494,13.112,0.026,12.545,0.032,12.341,0.021,12.254,0.023,12.269,0.022,12.463,0.275,9.576,,,,22.28470039367676,0.4623000025749206,,,,,AAA,0000,AABU,RS,SSG,,,,,,,,,,,,,,,
1033,ZTF J183341.13+445136.3,2MASS 18334114+4451364,2117989081084249728,WISEA J183341.13+445136.3,GALEX J183341.2+445136,278.421430932846,44.86009387425132,1176.702941068163,,0.91,0.14,,14.0404215,1325.1641,14.553112,430.2115,13.368334,522.38184,12.509,0.021,12.005,0.021,11.894,0.016,11.793,0.023,11.812,0.021,11.468,0.103,9.329,,,,20.365699768066406,0.1711000055074691,,,,,AAA,0000,AAAU,RS,RS,,,,,,,,,,,,,,,
1034,ZTF J183518.00+444241.1,2MASS 18351804+4442413,2117994990959281664,WISEA J183518.02+444241.2,GALEX J183518.0+444241,278.8250683024539,44.71142564540174,1871.198501938891,,8.19,0.16,-0.4597,14.711915,956.25525,15.157218,257.7366,14.097267,353.56015,13.383,0.022,12.9,0.018,12.817,0.024,12.722,0.023,12.738,0.024,13.109,0.461,9.647,,,,21.05069923400879,0.270900011062622,,,,,AAA,0000,AACU,RS,RS,,,,,,,,,,,,,,,
1035,ZTF J182900.07+452511.5,2MASS 18290008+4525113,2118254888019733888,WISEA J182900.07+452511.4,,277.2503119940758,45.41984065866123,1577.8290126353234,,2.36,0.15,,15.361941,204.9747,15.9886265,60.83814,14.589492,77.70709,13.571,0.027,12.954,0.032,12.816,0.024,12.745,0.022,12.73,0.022,12.332,0.269,9.635,,,,,,,,,,AAA,0000,AABU,SSG,SSG,,,,,,,,,,,,,,,
1036,KIC 10120296,2MASS 18481170+4708429,2119536368822436608,WISEA J184811.69+470843.0,GALEX J184811.6+470843,282.04872971440085,47.14526717693765,934.555300360334,,3.81,0.17,-0.4269,12.774851,914.15045,13.147855,286.248,12.224377,338.12976,11.634,0.024,11.21,0.031,11.163,0.021,11.093,0.023,11.107,0.02,11.06,0.089,9.188,,,,18.102500915527344,0.0386999994516372,,,,,AAA,hh00,AAAU,RS,RS,,,,,,,,,,,,,,,
1037,ZTF J184449.94+483055.6,2MASS 18444998+4830558,2119940989101165952,WISEA J184449.95+483055.7,GALEX J184450.0+483056,281.20811395541125,48.515444068283,1113.063556296936,,19.35,0.18,-0.0734,13.955551,787.10474,14.465242,213.78816,13.28452,247.05783,12.466,0.021,11.962,0.019,11.872,0.021,11.796,0.023,11.836,0.021,11.914,0.176,9.519,,,,21.28319931030273,0.1853999942541122,,,,,AAA,0000,AABU,RS,SSG,,,,,,,,,,,,,,,
1038,ZTF J183138.62+500501.9,2MASS 18313863+5005021,2121075307143560192,WISEA J183138.62+500501.9,GALEX J183138.6+500502,277.91091271621053,50.08384385487213,1410.0229460626565,,18.64,0.15,-0.1999,14.558852,731.93665,15.046729,202.12906,13.9074135,276.35385,13.093,0.021,12.65,0.023,12.555,0.025,12.428,0.023,12.441,0.022,12.566,0.299,9.532,,,,21.04590034484864,0.1888000071048736,,,,,AAA,0000,AABU,RS,SSG,,,,,,,,,,,,,,,
1039,CSS J181914.4+460139,2MASS 18191437+4601388,2121296377700265344,WISEA J181914.38+460138.6,GALEX J181914.3+460138,274.8099788110458,46.02739041904387,867.5205467253884,,3.26,0.11,-0.0999,14.057354,336.5979,14.736882,101.59006,13.24848,136.73083,12.166,0.021,11.523,0.017,11.336,0.016,11.13,0.023,11.132,0.02,11.193,0.106,8.913,,21.29080009460449,0.3086,20.01210021972656,0.1318999975919723,,,,,AAA,0h00,AAAU,SSG,SSG,,,,,,,,,,,,,,,
1040,ZTF J181932.66+472037.7,2MASS 18193267+4720378,2121851356194459264,WISEA J181932.67+472037.7,GALEX J181932.7+472038,274.8860979253064,47.34380851311181,1237.692436249055,,6.15,0.08,-0.0927,14.44806,504.6281,14.949217,141.10587,13.783805,200.95181,12.959,0.021,12.49,0.018,12.371,0.024,12.187,0.023,12.223,0.021,12.047,0.199,9.087,,,,21.73430061340332,0.3463000059127807,,,,,AAA,dd00,AABU,RS,SSG,,,,,,,,,,,,,,,
1041,ZTF J180851.02+500014.1,2MASS 18085102+5000141,2123138094036801280,WISEA J180851.01+500014.0,GALEX J180851.0+500014,272.21258186019236,50.00390522670185,1704.1988524603175,,21.45,0.16,-0.2154,14.855125,1181.4712,15.357989,280.479,14.185721,289.90295,13.361,0.029,12.842,0.035,12.759,0.024,12.713,0.023,12.748,0.023,12.082,0.197,8.783,,,,21.703500747680664,0.3504000008106231,,,,,AAA,0000,AABU,RS,SSG,,,,,,,,,,,,,,,
1042,ZTF J180529.81+502119.6,2MASS 18052982+5021199,2123349406426838912,WISEA J180529.81+502119.7,GALEX J180529.8+502120,271.3742338255077,50.35545073594571,837.2933675330752,,13.19,0.14,-0.2032,12.688342,531.3107,13.131526,164.6893,12.070351,211.96518,11.25,0.027,10.816,0.031,10.714,0.018,10.714,0.024,10.732,0.021,10.719,0.063,8.946,,,,19.07900047302246,0.0680000036954879,,,,,AAA,hh00,AAAU,RS,RS,,,,,,,,,,,,,,,
1043,ZTF J182441.65+481802.4,2MASS 18244165+4818025,2123452004606162176,WISEA J182441.65+481802.4,,276.17355924633665,48.300658428365246,1159.157713409795,,10.41,0.11,-0.0463,13.971409,600.17645,14.47211,172.22774,13.30155,204.1182,12.525,0.027,12.044,0.031,11.887,0.026,11.77,0.023,11.795,0.021,11.637,0.131,9.596,,,,,,,,,,AAA,0000,AABU,RS,RS,,,,,,,,,,,,,,,
1044,ZTF J181500.75+510042.3,2MASS 18150076+5100422,2124003199232998016,WISEA J181500.75+510042.4,GALEX J181500.7+510042,273.75314125358864,51.01174261987349,1724.6098326636272,,10.27,0.12,,14.85895,454.94705,15.37895,129.24452,14.170759,152.83282,13.195,0.026,12.66,0.032,12.535,0.03,12.539,0.023,12.56,0.023,12.645,0.302,9.547,,,,21.292800903320312,0.2402999997138977,,,,,AAA,dd00,AABU,RS,RS,,,,,,,,,,,,,,,
1045,ZTF J182301.03+512518.1,2MASS 18230105+5125182,2124262001078810368,WISEA J182301.04+512518.2,GALEX J182301.1+512518,275.7543357100465,51.421704509596786,1741.36384435511,,6.72,0.11,-0.3782,15.067042,400.9126,15.6889305,114.053734,14.295229,127.82296,13.137,0.027,12.501,0.032,12.414,0.021,12.406,0.022,12.378,0.022,12.005,0.163,9.254,,,,22.31579971313477,0.3822999894618988,,,,,AAA,h000,AABU,SSG,SSG,,,,,,,,,,,,,,,
1046,ZTF J193238.77+445945.4,2MASS 19323879+4459453,2126484973076663168,WISEA J193238.77+445945.5,,293.1615827992583,44.99594938217295,1822.273024097046,,15.02,0.39,-0.0093,15.546786,560.4924,16.17405,146.36406,14.775118,182.4019,13.647,0.026,13.132,0.027,12.962,0.038,12.893,0.024,12.928,0.025,12.027,0.183,9.186,,,,,,,,,,AAA,0000,AABU,RS,SSG,,,,,,,,,,,,,,,
1047,KIC 8748280,2MASS 19191063+4457146,2127056238085421440,,,289.7942780686933,44.954065137177366,822.421313264589,,18.75,0.36,0.1655,13.760972,611.0828,14.381134,179.59897,13.000531,232.85585,12.013,0.023,11.456,0.022,11.284,0.018,,,,,,,,,,,,,,,,,AAA,,,RS,SSG,,,,,,,,,,,,,,,
1048,ZTF J192312.26+461407.0,2MASS 19231228+4614072,2127552598865284736,WISEA J192312.29+461406.7,,290.8011651293666,46.23527816543832,940.9178401025578,,9.73,0.29,,13.957235,445.19672,14.525258,195.34918,13.078796,253.71034,12.001,0.022,11.389,0.018,11.218,0.014,10.892,0.022,10.827,0.021,10.391,0.059,8.278,0.188,,,,,,,,,AAA,hhH0,AAAB,cut,SSG,,,,,,,,,,,,,,,
1049,ZTF J193657.11+465516.5,2MASS 19365711+4655163,2128161728309887744,WISEA J193657.11+465516.4,,294.23798977373264,46.921218701849945,1836.5647950826217,,7.15,0.42,-0.0861,15.162054,637.263,15.727355,168.95952,14.450473,239.43118,13.652,0.023,13.068,0.022,12.946,0.028,12.831,0.024,12.842,0.023,12.356,0.256,9.595,,,,,,,,,,AAA,d000,AABU,RS,SSG,,,,,,,,,,,,,,,
1050,ZTF J193730.46+471711.2,2MASS 19373046+4717113,2128593939457888896,,,294.37692512269126,47.28642638968567,1696.3633329120928,,12.39,0.35,-0.0681,14.31808,546.4213,14.7974615,171.74765,13.642563,167.2957,12.566,0.025,12.062,0.022,11.932,0.019,,,,,,,,,,,,,,,,,AAA,,,RS,RS,,,,,,,,,,,,,,,
1051,KIC 10603977,2MASS 19335287+4753443,2128823462509005184,WISEA J193352.87+475344.2,,293.47030583919775,47.89562401928847,1138.081449579346,,18.23,0.3,,13.7392025,480.3447,14.3272085,153.89264,13.010694,190.08772,12.019,0.021,11.458,0.019,11.308,0.017,11.217,0.023,11.236,0.021,10.997,0.07,9.506,,,,,,,,,,AAA,0h00,AAAU,cut,RS,,,,,,,,,,,,,,,
1052,KIC 10337935,2MASS 19245216+4725487,2129183449487791104,WISEA J192452.15+472548.6,GALEX J192452.1+472548,291.2173272553487,47.430154135449925,1538.4573331491788,,83.17,0.26,,13.762986,4005.3306,14.329644,973.68317,13.057325,1262.0294,12.162,0.023,11.679,0.021,11.555,0.017,11.439,0.023,11.528,0.021,11.325,0.098,9.408,0.464,20.741600036621097,0.2555,20.78689956665039,0.202000007033348,,,,,AAA,0000,AAAC,RS,RS,,,,,,,,,,,,,,,
1053,KIC 11135986,2MASS 19241108+4847201,2129538385584873600,WISEA J192411.08+484720.0,GALEX J192411.0+484720,291.04618698105344,48.78889519294992,1323.966028078691,,8.73,0.21,,13.97297,617.9951,14.497179,181.6194,13.274396,197.5178,12.141,0.026,11.565,0.028,11.46,0.022,11.412,0.022,11.413,0.02,11.149,0.095,9.317,,,,20.02549934387207,0.1194000020623207,,,,,AAA,0000,AAAU,RS,RS,,,,,,,,,,,,,,,
1054,ZTF J192953.79+500240.7,2MASS 19295380+5002406,2129899712593757952,WISEA J192953.79+500240.6,,292.47414259023117,50.04460993676232,1594.228460193927,,3.19,0.3,,14.764897,392.10165,15.459366,105.825516,13.943645,148.94678,12.894,0.027,12.187,0.033,12.069,0.022,11.851,0.022,11.808,0.021,11.708,0.12,9.717,,,,,,,,,,AAA,0000,AABU,SSG,SSG,,,,,,,,,,,,,,,
1055,ZTF J192111.34+501801.4,2MASS 19211134+5018014,2130058969980702592,WISEA J192111.34+501801.3,,290.29728521763,50.30037498911374,1927.363154358086,,3.1,0.22,-0.49,14.551536,389.3703,15.09213,116.20607,13.834205,139.88332,12.835,0.021,12.271,0.031,12.113,0.023,11.849,0.023,11.824,0.021,11.694,0.138,9.264,0.461,,,,,,,,,AAA,dd00,AABC,RS,SSG,,,,,,,,,,,,,,,
1056,ZTF J190731.71+455252.1,2MASS 19073172+4552523,2130298491716466176,WISEA J190731.71+455252.1,GALEX J190731.7+455253,286.88215734037783,45.881129496755705,1155.3681274414716,,2.75,0.17,-0.3576,14.072676,487.66403,14.58649,129.15495,13.380512,175.83878,12.483,0.025,11.981,0.019,11.836,0.017,11.763,0.023,11.783,0.022,11.501,0.122,9.377,,,,20.67259979248047,0.1985999941825866,,,,,AAA,0000,AABU,RS,SSG,,,,,,,,,,,,,,,
1057,ASAS J190819+4712.8,2MASS 19081880+4712481,2130666828111156864,WISEA J190818.80+471248.2,GALEX J190818.8+471248,287.07837134185644,47.21339527839048,653.0121002852902,,4.9,0.15,,11.962107,400.51346,12.407038,127.80599,11.338931,137.05891,10.532,0.021,10.051,0.02,9.933,0.011,9.812,0.023,9.841,0.02,9.733,0.036,8.755,,,,17.85759925842285,0.0333999991416931,,,,,AAA,0000,AAAU,RS,RS,,,,,,,,,,,,,,,
1058,ZTF J190522.36+472221.7,2MASS 19052237+4722218,2130709193668772224,WISEA J190522.37+472221.7,GALEX J190522.4+472222,286.34319006775684,47.3727014751286,971.7417297334924,,5.49,0.15,,12.594343,691.4103,13.001144,207.81563,11.989454,215.96806,11.27,0.025,10.811,0.023,10.658,0.016,10.52,0.023,10.543,0.021,10.452,0.057,8.976,,,,17.68950080871582,0.0320999994874,,,,,AAA,0000,AAAU,RS,RS,,,,,,,,,,,,,,,
1059,ZTF J190509.91+490545.3,2MASS 19050992+4905455,2132035582647967104,WISEA J190509.91+490545.3,,286.2913277697381,49.09591792082582,1926.138300945761,,10.55,0.2,-0.5955,14.481071,480.77548,14.952603,146.16315,13.839676,161.31339,12.873,0.026,12.32,0.03,12.192,0.026,12.065,0.021,12.068,0.019,11.91,0.188,9.335,,,,,,,,,,AAA,hhd0,AABU,RS,SSG,,,,,,,,,,,,,,,
1060,ASAS J191806+5011.8,2MASS 19180575+5011488,2133042494781338752,WISEA J191805.74+501148.7,,289.5239771570389,50.19688860411421,739.5684195604957,,12.78,0.26,-0.3002,9.119554,492.46823,9.827877,140.75497,8.3114395,173.90103,7.238,0.018,6.61,0.051,6.435,0.024,6.334,0.087,6.395,0.025,6.32,0.015,6.257,0.042,,,,,,,,,AAA,hh00,AAAA,RS,SSG,,,,,,,,,,,,,,,
1061,V1762 Cyg,2MASS 19082580+5225325,2134306791416506368,WISEA J190825.67+522531.8,,287.1067158747828,52.42548893306618,72.2208333356433,,1.79,0.2,,5.7010446,307.32758,6.3008223,85.63846,4.959913,96.10064,3.718,0.178,3.16,0.15,2.937,0.266,3.236,0.539,2.928,0.387,3.177,0.01,3.104,0.02,,,,,,,,,CBD,hh00,CCAA,cut,RS,,,,,,,,,,,,,,,
1062,ZTF J190821.92+522521.0,2MASS 19082192+5225211,2134306967512168576,,,287.09135323781004,52.42248757761829,1393.6246572427162,,11.63,0.2,,14.767118,307.12033,15.319639,73.366684,14.026945,68.30628,13.167,0.021,12.429,,12.507,0.018,,,,,,,,,,,,,,,,,AUA,,,RS,SSG,,,,,,,,,,,,,,,
1063,ZTF J190412.21+533405.0,2MASS 19041221+5334049,2134621152959433984,WISEA J190412.20+533404.9,,286.0508787879844,53.568052036856066,1481.5421319861591,,16.18,0.14,-0.1002,14.687451,753.73987,15.2335,146.5203,13.984646,265.87198,13.153,0.029,12.585,0.03,12.46,0.025,12.405,0.023,12.42,0.022,12.459,0.25,9.674,,,,,,,,,,AAA,0000,AABU,RS,SSG,,,,,,,,,,,,,,,
1064,ZTF J193940.00+491505.7,2MASS 19394001+4915057,2134833908464020608,WISEA J193940.00+491505.6,,294.9166593374227,49.25157939588957,1234.0424668930305,,22.85,0.24,,14.346983,800.215,14.912432,197.45905,13.634653,292.38004,12.747,0.02,12.227,0.021,12.12,0.023,12.049,0.023,12.082,0.022,11.896,0.159,9.216,,,,,,,,,,AAA,0000,AABU,RS,RS,,,,,,,,,,,,,,,
1065,ZTF J194748.74+502027.2,2MASS 19474875+5020271,2135308382090089600,WISEA J194748.75+502027.1,GALEX J194748.7+502027,296.95312879346454,50.34085918586709,1552.7740591277627,,10.87,0.39,-0.1211,13.856918,755.4751,14.342139,217.78633,13.201515,260.96817,12.351,0.021,11.839,0.019,11.724,0.019,11.642,0.022,11.671,0.021,11.389,0.124,8.784,,,,19.65250015258789,0.1133999973535537,,,,,AAA,0000,AABU,RS,RS,,,,,,,,,,,,,,,
1066,ZTF J194410.07+505925.1,2MASS 19441008+5059250,2135402665212926080,WISEA J194410.07+505925.0,,296.0420000471891,50.99028231849431,1092.1792425757617,,15.15,0.29,0.0273,14.1465225,603.17755,14.686427,169.11877,13.463965,247.40723,12.6,0.022,12.109,0.018,11.97,0.021,11.895,0.023,11.942,0.021,11.771,0.152,9.447,,,,,,,,,,AAA,d000,AABU,RS,SSG,,,,,,,,,,,,,,,
1067,ZTF J194413.79+521427.0,2MASS 19441380+5214270,2135756845394133504,WISEA J194413.80+521426.8,,296.0574437477625,52.240829288875275,1974.7658631552856,,12.16,0.4,,15.30268,613.11896,15.891205,164.8579,14.554233,185.40479,13.488,0.026,12.914,0.026,12.821,0.028,12.747,0.024,12.779,0.023,12.907,0.442,9.532,,,,,,,,,,AAA,0000,AACU,RS,RS,,,,,,,,,,,,,,,
1068,ZTF J193440.76+511452.9,2MASS 19344077+5114529,2136029073303753600,WISEA J193440.76+511452.8,,293.6698511407362,51.248016428218776,878.2760604468117,,9.04,0.26,-0.5816,12.67249,943.12286,13.13755,304.10812,12.028158,273.80862,11.059,0.019,10.542,0.018,10.428,0.016,10.414,0.023,10.404,0.02,10.329,0.046,9.486,,,,,,,,,,AAA,hh00,AAAU,RS,RS,,,,,,,,,,,,,,,
1069,ZTF J193303.24+511852.1,2MASS 19330324+5118518,2136056118715415168,WISEA J193303.25+511852.0,,293.26351720936543,51.3144611235441,1295.7127911180394,,11.18,0.3,-0.3951,15.020002,282.1453,15.669598,80.51263,14.201987,95.4752,13.111,0.023,12.501,0.022,12.373,0.025,12.248,0.023,12.215,0.021,11.587,0.137,8.982,,,,,,,,,,AAA,0000,AABU,SSG,SSG,,,,,,,,,,,,,,,
1070,ZTF J192707.69+511612.6,2MASS 19270769+5116125,2136171739234088192,WISEA J192707.68+511612.7,,291.7820702728083,51.27017299914535,1570.924924450266,,1.94,0.35,-0.0847,14.411191,377.512,14.941785,105.0912,13.68925,136.20032,12.832,0.023,12.312,0.018,12.134,0.023,12.033,0.023,12.051,0.021,12.253,0.189,9.097,,,,,,,,,,AAA,0000,AABU,cut,RS,,,,,,,,,,,,,,,
1071,V2496 Cyg,2MASS 19234498+5116118,2136206957966082048,WISEA J192344.98+511611.8,,290.9374551858355,51.2699481215387,807.9155026884049,,13.3,0.26,-0.0137,12.275125,341.19073,12.849106,108.41009,11.544964,122.712776,10.541,0.023,9.992,0.028,9.842,0.02,9.767,0.023,9.769,0.02,9.618,0.029,9.178,0.284,,,,,,,,,AAA,0000,AAAB,RS,SSG,,,,,,,,,,,,,,,
1072,ZTF J192821.13+520151.6,2MASS 19282115+5201515,2136312923398966400,WISEA J192821.19+520151.0,,292.0880940190894,52.030981962491474,831.0846258767541,,3.09,0.42,-0.0998,12.78949,213.93436,13.437729,62.09633,12.012689,68.71213,10.804,0.025,10.226,0.024,10.077,0.019,9.899,0.022,9.911,0.02,9.821,0.033,8.941,,,,,,,,,,AAA,d000,AAAU,RS,SSG,,,,,,,,,,,,,,,
1073,ZTF J192812.93+523149.6,2MASS 19281294+5231497,2136376282756734592,WISEA J192812.93+523149.6,,292.0538907512567,52.530432677992906,1255.2534813335917,,3.46,0.46,-0.2907,14.381542,840.1304,14.867137,243.05609,13.736037,290.49466,12.936,0.023,12.466,0.018,12.407,0.025,12.27,0.023,12.295,0.022,12.432,0.333,9.214,,,,,,,,,,AAA,0000,AABU,RS,SSG,,,,,,,,,,,,,,,
1074,ZTF J193358.28+514632.0,2MASS 19335830+5146322,2136467370423038464,WISEA J193358.29+514632.0,,293.49286476947924,51.77555620699614,872.9262252212884,,8.67,0.36,-0.0912,12.944692,537.9107,13.509428,156.21413,12.237701,195.28778,11.171,0.02,10.647,0.017,10.529,0.016,10.512,0.023,10.541,0.02,10.365,0.051,8.868,,,,,,,,,,AAA,0000,AAAU,RS,RS,,,,,,,,,,,,,,,
1075,ZTF J193854.28+523538.2,2MASS 19385429+5235382,2136576634390969728,WISEA J193854.28+523538.1,GALEX J193854.0+523537,294.72618969908405,52.59393819114138,1305.7846973662618,,3.91,0.4,-0.1601,14.91414,228.10963,15.592825,65.880745,14.093432,89.272514,12.863,0.02,12.273,0.018,12.104,0.02,12.1,0.023,12.052,0.021,11.89,0.137,9.629,,,,21.66069984436035,0.3583999872207641,,,,,AAA,0000,AABU,cut,SSG,,,,,,,,,,,,,,,
1076,ZTF J193104.64+522922.8,2MASS 19310466+5229225,2136691876953284608,WISEA J193104.64+522922.7,,292.7693509933301,52.48964965248398,1406.4278349580927,,3.52,0.42,-0.4264,14.655288,479.3939,15.247495,147.22227,13.916895,182.3812,12.988,0.023,12.413,0.02,12.286,0.022,12.147,0.023,12.145,0.021,11.884,0.146,9.363,,,,,,,,,,AAA,0000,AABU,RS,SSG,,,,,,,,,,,,,,,
1077,ZTF J193544.69+553256.6,2MASS 19354469+5532566,2138627326655929856,WISEA J193544.69+553256.5,GALEX J193544.7+553256,293.9362304420101,55.549027928070544,1865.0848737683348,,10.93,0.33,-0.1698,14.835519,699.3104,15.317457,204.24507,14.189345,263.68408,13.427,0.023,12.924,0.025,12.914,0.037,12.717,0.023,12.795,0.022,12.289,0.242,9.654,,,,21.66270065307617,0.2991000115871429,,,,,AAA,dd00,AABU,RS,RS,,,,,,,,,,,,,,,
1078,ZTF J194501.74+550200.1,2MASS 19450173+5502000,2138701887288185728,WISEA J194501.74+550200.0,,296.2572679231766,55.03334055811226,1995.947819179542,,6.3,0.39,-0.0634,15.62952,833.6273,16.187798,201.56207,14.924178,264.3403,14.015,0.021,13.541,0.032,13.379,0.032,13.129,0.024,13.336,0.026,12.946,0.367,9.468,,,,,,,,,,AAA,ddd0,AACU,RS,SSG,,,,,,,,,,,,,,,
1079,ZTF J191846.58+522446.9,2MASS 19184658+5224468,2139338641959518976,WISEA J191846.59+522447.0,,289.6940966724487,52.41301965309209,749.3631478983615,,7.34,0.35,-0.341,13.04717,582.59937,13.511411,180.5688,12.41165,237.6625,11.455,0.023,11.033,0.031,10.916,0.022,10.832,0.023,10.839,0.02,10.619,0.051,9.786,0.535,,,,,,,,,AAA,dd00,AAAC,RS,SSG,,,,,,,,,,,,,,,
1080,ZTF J192520.13+542516.1,2MASS 19252014+5425162,2139999929483692032,WISEA J192520.13+542516.1,GALEX J192520.3+542517,291.3339002290849,54.42113165719402,1927.9783531933183,,24.11,0.34,,14.662979,406.8868,15.242142,113.40228,13.924606,129.54366,12.919,0.024,12.338,0.031,12.25,0.024,12.168,0.023,12.201,0.021,12.029,0.172,9.393,,,,21.703500747680664,0.4900000095367431,,,,,AAA,dd00,AABU,RS,RS,,,,,,,,,,,,,,,
1081,ZTF J191533.60+543259.9,2MASS 19153361+5432599,2140156919128081792,WISEA J191533.61+543259.9,,288.8900373495246,54.549958042150365,922.0153847813634,,2.82,0.29,,14.188765,343.1614,14.7653265,83.82084,13.455827,128.04831,12.395,0.025,11.898,0.03,11.715,0.026,11.675,0.022,11.649,0.02,11.446,0.094,9.47,,,,,,,,,,AAA,dd00,AAAU,RS,SSG,,,,,,,,,,,,,,,
1082,ZTF J192132.33+544822.7,2MASS 19213235+5448226,2140221962112650624,WISEA J192132.34+544822.6,,290.3847480605658,54.80629286293504,1741.315455514094,,20.93,0.24,-0.6155,14.49684,669.3452,14.93978,199.66652,13.869977,209.81133,13.044,0.024,12.515,0.031,12.409,0.028,12.399,0.023,12.366,0.021,12.034,0.185,9.601,,,,,,,,,,AAA,0000,AABU,RS,SSG,,,,,,,,,,,,,,,
1083,ZTF J190659.65+570542.3,2MASS 19065964+5705421,2141441801543753472,WISEA J190659.65+570542.1,GALEX J190659.6+570542,286.74855716692105,57.09506278114081,1136.5405335573996,,0.92,0.18,-0.1815,13.621845,535.87964,14.149645,181.1631,12.928327,170.39005,11.96,0.027,11.349,0.028,11.204,0.02,11.191,0.022,11.185,0.02,10.952,0.064,9.544,,,,20.183000564575195,0.1445000022649765,,,,,AAA,0000,AAAU,RS,SSG,,,,,,,,,,,,,,,
1084,ZTF J192920.84+555659.4,2MASS 19292084+5556591,2141685824406517376,WISEA J192920.84+555659.2,GALEX J192920.8+555659,292.33684760868954,55.94981384439686,1942.302732066644,,0.7,0.36,-0.5031,15.286532,459.5562,15.764341,120.139694,14.634217,159.2501,13.859,0.029,13.321,0.036,13.255,0.028,13.158,0.023,13.179,0.022,12.706,0.307,9.587,,,,20.722000122070312,0.1570000052452087,,,,,AAA,dd00,AABU,RS,SSG,,,,,,,,,,,,,,,
1085,ZTF J191946.05+563002.7,2MASS 19194605+5630028,2141881468756558080,WISEA J191946.04+563002.6,GALEX J191945.9+563002,289.94187707928387,56.50072568990957,1400.9397388644895,,8.16,0.27,-0.2623,13.980527,815.7818,14.407292,224.00267,13.3860855,290.32483,12.681,0.023,12.26,0.028,12.176,0.027,12.125,0.023,12.136,0.021,12.33,0.203,9.806,,,,19.890899658203125,0.1020999997854232,,,,,AAA,0000,AABU,RS,RS,,,,,,,,,,,,,,,
1086,ZTF J193016.32+562722.2,2MASS 19301633+5627220,2142100305929603840,WISEA J193016.32+562722.0,,292.5680294173959,56.456134348675846,1063.0743399832502,,6.86,0.27,-0.07,13.35752,320.78406,13.889847,91.97754,12.66077,128.90501,11.713,0.023,11.14,0.028,11.043,0.023,11.006,0.022,11.034,0.02,10.955,0.075,9.594,,,,,,,,,,AAA,0000,AAAU,RS,RS,,,,,,,,,,,,,,,
1087,ZTF J193630.35+570547.4,2MASS 19363036+5705476,2142201873316383616,WISEA J193630.32+570547.4,,294.12646401348786,57.096494509274685,1623.8614615415336,,1.8,0.31,-0.2356,14.595838,779.47095,15.053455,241.79216,13.975786,281.49634,13.232,0.027,12.85,0.032,12.706,0.032,12.658,0.023,12.707,0.022,12.082,0.192,9.545,0.516,,,,,,,,,AAA,0000,AABC,RS,RS,,,,,,,,,,,,,,,
1088,ZTF J193136.22+572111.6,2MASS 19313623+5721118,2142255783746493184,WISEA J193136.22+572111.6,GALEX J193136.1+572111,292.90095340670933,57.35322708144546,1513.2016559464405,,1.16,0.23,-0.1034,14.112682,819.4447,14.621941,230.45784,13.44623,311.1954,12.589,0.024,12.063,0.031,11.963,0.028,11.896,0.022,11.915,0.021,11.533,0.11,9.38,,,,21.195499420166016,0.2207999974489212,,,,,AAA,0000,AABU,RS,RS,,,,,,,,,,,,,,,
1089,ZTF J192822.00+581406.5,2MASS 19282201+5814067,2142507537548940288,WISEA J192822.00+581406.5,,292.09169169877714,58.23512526920165,870.8723485527114,,18.16,0.19,,13.332861,467.85797,13.9274025,115.08865,12.589843,162.59778,11.54,0.024,10.998,0.03,10.876,0.021,10.74,0.022,10.78,0.019,10.592,0.051,9.269,,,,,,,,,,AAA,0000,AAAU,RS,RS,,,,,,,,,,,,,,,
1090,ZTF J191445.96+563257.5,2MASS 19144597+5632574,2142671089903378176,WISEA J191445.96+563257.4,,288.6915346700876,56.54928197131546,1387.0838082206467,,0.92,0.16,,14.260913,756.1098,14.753447,209.85301,13.605625,342.80188,12.776,0.026,12.29,0.032,12.237,0.028,12.129,0.023,12.175,0.021,11.995,0.175,9.89,,,,,,,,,,AAA,0000,AABU,RS,RS,,,,,,,,,,,,,,,
1091,ZTF J190951.54+571254.9,2MASS 19095154+5712549,2142900647315174400,WISEA J190951.54+571254.9,,287.4647497483804,57.21524924216665,1732.7162990096729,,19.5,0.19,-0.4155,15.061625,651.55457,15.548858,145.78958,14.402768,246.70538,13.572,0.027,13.147,0.035,13.04,0.033,12.955,0.023,12.985,0.023,12.329,0.183,9.58,,,,,,,,,,AAA,0000,AABU,RS,SSG,,,,,,,,,,,,,,,
1092,ZTF J190903.46+583034.7,2MASS 19090345+5830347,2143134774572594048,WISEA J190903.47+583034.6,GALEX J190903.5+583034,287.2644246672011,58.50962680839885,1638.0149969204358,,16.78,0.2,-0.219,12.9871645,312.13687,13.457583,89.858,12.352563,106.76752,11.501,0.019,11.0,0.031,10.877,0.024,10.822,0.022,10.853,0.02,10.783,0.065,9.235,,,,18.17609977722168,0.0537000000476837,,,,,AAA,h000,AAAU,RS,RS,,,,,,,,,,,,,,,
1093,ZTF J184352.23+491243.1,2MASS 18435223+4912429,2144013696679825920,WISEA J184352.24+491242.9,,280.9676367372127,49.211936969692886,1640.018918351945,,4.18,0.18,0.02,14.536321,352.0213,15.177543,103.71442,13.752162,130.94287,12.621,0.022,12.014,0.019,11.877,0.022,11.813,0.022,11.824,0.02,11.586,0.152,8.736,,,,,,,,,,AAA,0000,AABU,SSG,SSG,,,,,,,,,,,,,,,
1094,ZTF J184855.22+502214.9,2MASS 18485523+5022152,2144364990644856576,WISEA J184855.23+502215.1,GALEX J184855.2+502214,282.2301097145306,50.37081287275056,954.1972117861524,,8.53,0.14,-0.0872,13.658301,504.91083,14.126986,138.23967,13.01133,188.22455,12.214,0.02,11.741,0.019,11.622,0.024,11.549,0.023,11.573,0.02,10.992,0.076,9.453,0.503,,,19.957799911499023,0.1138999983668327,,,,,AAA,0000,AAAC,RS,RS,,,,,,,,,,,,,,,
1095,ZTF J185121.74+513608.6,2MASS 18512175+5136088,2144536102142414080,WISEA J185121.75+513608.6,,282.84060782518765,51.60238414940748,1894.9768023924048,,11.09,0.11,,14.959961,692.79626,15.471178,194.29437,14.285356,187.15868,13.439,0.023,12.952,0.024,12.878,0.031,12.797,0.023,12.846,0.023,12.86,0.403,9.578,,,,,,,,,,AAA,0000,AACU,RS,RS,,,,,,,,,,,,,,,
1096,ZTF J184418.99+523149.1,2MASS 18441899+5231491,2144831561532149760,WISEA J184418.99+523149.1,,281.07916507173445,52.53031197162458,1855.186153304939,,2.71,0.11,-0.3016,14.898578,683.8157,15.364007,195.78726,14.267488,220.65038,13.481,0.026,13.015,0.024,12.977,0.032,12.847,0.022,12.864,0.022,12.75,0.314,9.54,,,,,,,,,,AAA,0000,AABU,RS,SSG,,,,,,,,,,,,,,,
1097,ZTF J183748.49+501322.1,2MASS 18374851+5013221,2144870211940474624,WISEA J183748.50+501322.2,GALEX J183748.3+501322,279.45206710641753,50.22280285601665,1769.851724616952,,5.73,0.22,-0.1294,14.767792,1133.9855,15.233247,306.00543,14.112794,315.97058,13.399,0.023,12.927,0.026,12.817,0.031,12.712,0.023,12.714,0.023,12.293,0.225,9.603,,,,21.31839942932129,0.2141000032424926,,,,,AAA,0000,AABU,RS,RS,,,,,,,,,,,,,,,
1098,ZTF J183600.76+504143.6,2MASS 18360078+5041437,2144950824183975808,WISEA J183600.77+504143.6,,279.0031919625624,50.69546610651046,1000.389868338704,,11.99,0.12,-0.662,13.899899,478.0612,14.318151,88.15873,13.089901,120.8952,12.108,0.02,11.573,0.018,11.478,0.017,11.36,0.023,11.386,0.02,11.305,0.092,9.415,0.474,,,,,,,,,AAA,0000,AAAC,RS,SSG,,,,,,,,,,,,,,,
1099,ZTF J183541.34+512357.5,2MASS 18354135+5123574,2145078814209310720,WISEA J183541.34+512357.5,,278.92226907287676,51.39929018128244,1613.907994497054,,9.29,0.13,,14.182987,556.088,14.690572,166.7338,13.510113,185.34132,12.66,0.022,12.132,0.021,12.016,0.022,11.974,0.023,11.991,0.021,12.058,0.168,9.439,,,,,,,,,,AAA,0000,AABU,RS,RS,,,,,,,,,,,,,,,
1100,ZTF J185258.42+525051.1,2MASS 18525842+5250509,2146191932293860736,WISEA J185258.42+525051.0,,283.2434505315618,52.847513636581496,984.5490911582176,,7.08,0.17,,13.678009,661.93414,14.186094,194.13829,13.009199,262.09705,12.056,0.021,11.551,0.018,11.442,0.018,11.41,0.023,11.433,0.02,11.37,0.098,9.429,0.438,,,,,,,,,AAA,h000,AAAC,RS,RS,,,,,,,,,,,,,,,
1101,ZTF J185020.15+535128.0,2MASS 18502012+5351278,2146817485690028416,WISEA J185020.14+535127.8,,282.583945536504,53.8577531204262,867.9253703581512,,7.81,0.13,-0.0995,13.482729,622.41455,13.957748,174.12238,12.843474,233.46515,12.03,0.02,11.573,0.018,11.457,0.018,11.446,0.023,11.479,0.021,11.476,0.11,9.706,,,,,,,,,,AAA,0000,AABU,RS,RS,,,,,,,,,,,,,,,
1102,ZTF J184754.76+551139.0,2MASS 18475476+5511389,2147047833376302080,WISEA J184754.76+551138.9,GALEX J184754.7+551138,281.9781879280795,55.1941355051629,779.3737585983865,,7.26,0.13,,12.923498,743.6724,13.420556,210.68344,12.268988,275.9933,11.362,0.022,10.876,0.021,10.782,0.016,10.767,0.023,10.801,0.02,10.756,0.051,8.956,,21.60860061645508,0.4324,19.686199188232425,0.0945999994874,,,,,AAA,00PP,AAAU,RS,RS,,,,,,,,,,,,,,,
1103,ZTF J184358.25+534308.7,2MASS 18435825+5343089,2147234372395117312,WISEA J184358.26+534308.7,,280.99275169462084,53.71906074732549,1018.2355465735048,,5.76,0.11,-0.0395,13.362263,351.5549,13.896734,104.75267,12.663022,135.12262,11.755,0.024,11.181,0.015,11.062,0.019,10.989,0.023,11.005,0.02,10.886,0.071,9.024,,,,,,,,,,AAA,0000,AAAU,RS,SSG,,,,,,,,,,,,,,,
1104,ZTF J182436.32+524650.9,2MASS 18243632+5246509,2148440330492618624,WISEA J182436.32+524650.9,GALEX J182436.2+524650,276.1513671756679,52.780814052523006,988.9660996628538,,2.84,0.09,,13.899213,539.53644,14.502325,145.4202,13.150324,204.58134,12.101,0.025,11.554,0.033,11.381,0.021,11.265,0.023,11.251,0.021,11.038,0.066,9.905,,,,20.678199768066406,0.137700006365776,,,,,AAA,0000,AAAU,SSG,SSG,,,,,,,,,,,,,,,
1105,ZTF J183059.78+561155.9,2MASS 18305979+5611561,2151042359118998784,WISEA J183059.79+561155.9,GALEX J183059.8+561155,277.74913647163476,56.19886684348057,1313.3869440595042,,22.72,0.15,-0.0808,13.846225,883.56165,14.381597,271.6188,13.155094,295.47055,12.294,0.029,11.727,0.03,11.628,0.019,11.562,0.023,11.6,0.021,11.18,0.096,9.257,,,,21.266599655151367,0.2144999951124191,,,,,AAA,0000,AAAU,RS,SSG,,,,,,,,,,,,,,,
1106,ZTF J180558.14+581308.8,2MASS 18055811+5813086,2152078923705866624,WISEA J180558.13+581308.7,GALEX J180558.0+581308,271.49225811101127,58.21909595371675,1866.0321982038536,,21.48,0.13,-0.042,15.101413,1966.0741,15.611023,407.6654,14.439076,660.4705,13.644,0.028,13.126,0.033,13.066,0.029,13.005,0.024,13.047,0.024,12.639,0.338,9.289,,,,22.65329933166504,0.4393999874591827,,,,,AAA,0000,AABU,RS,SSG,,,,,,,,,,,,,,,
1107,ZTF J180128.48+595151.5,2MASS 18012848+5951517,2152680150407953024,WISEA J180128.48+595151.5,GALEX J180128.4+595151,270.3687072372165,59.86429881796842,882.8672811372223,,2.27,0.1,-0.1268,13.572918,303.13077,14.051459,86.03144,12.933514,113.20062,12.02,0.023,11.571,0.026,11.463,0.022,11.406,0.023,11.421,0.021,11.256,0.096,9.466,,21.66069984436035,0.3451,19.45809936523437,0.0793000012636184,,,,,AAA,0000,AAAU,RS,SSG,,,,,,,,,,,,,,,
1108,ZTF J185441.64+562155.8,2MASS 18544163+5621559,2153179534846621952,WISEA J185441.64+562155.7,GALEX J185441.6+562156,283.6735159581274,56.365485128536626,1417.1918522111132,,2.43,0.17,-0.3204,14.70887,397.99023,15.333601,125.062004,13.932562,154.22987,12.863,0.022,12.267,0.024,12.115,0.022,12.0,0.023,11.97,0.021,11.744,0.12,9.676,,,,20.506799697875977,0.1440999954938888,,,,,AAA,0000,AABU,SSG,SSG,,,,,,,,,,,,,,,
1109,TYC 3927-1130-1,2MASS 18592960+5625227,2153356762376955392,WISEA J185929.59+562522.7,,284.8733463918598,56.42297540914294,668.7587096427375,,8.3,0.15,-0.1113,10.435515,594.2077,10.928816,198.26996,9.779073,233.78447,8.986,0.032,8.424,0.036,8.326,0.018,8.267,0.022,8.31,0.02,8.245,0.019,8.034,0.114,,,,,Yes,Absorption,TBD,,AAA,0000,AAAB,RS,RS,8.301089579804927,0.0007831427,0.0215257217396905,0.023918938,35.480038962929335,0.56688005,,,SB1,0.42767328,0.4521924,0.4759125,0.49892452,0.5213029,0.54310936
1110,GSC 03927-01301,2MASS 18571062+5701461,2153412047196231168,WISEA J185710.62+570146.3,,284.2942761475757,57.02953152665751,1263.0453820474152,,4.98,0.16,-0.2005,14.266823,190.45059,14.95949,55.667255,13.454968,71.91902,12.116,0.027,11.555,0.034,11.374,0.019,11.407,0.023,11.409,0.02,11.347,0.084,9.836,,,,,,,,,,AAA,0000,AAAU,SSG,SSG,,,,,,,,,,,,,,,
1111,ZTF J190403.62+565923.4,2MASS 19040362+5659233,2153436408250315392,WISEA J190403.62+565923.3,GALEX J190403.5+565923,286.0151073814926,56.98983467196589,1225.91872440804,,10.19,0.17,-0.2021,13.571476,1063.4979,14.019764,317.39578,12.9581585,382.55405,12.143,0.024,11.696,0.028,11.602,0.025,11.53,0.022,11.591,0.02,11.46,0.083,9.765,,,,19.67959976196289,0.1120000034570694,,,,,AAA,0000,AAAU,RS,RS,,,,,,,,,,,,,,,
1112,GSC 03927-00285,2MASS 18550082+5742533,2153725098771984512,WISEA J185500.83+574253.3,GALEX J185500.8+574253,283.75347133360265,57.71481013081903,1197.5828857008923,,16.45,0.15,-0.0698,13.107817,582.0821,13.601643,182.97202,12.444614,203.09776,11.501,0.022,11.001,0.023,10.863,0.017,10.872,0.023,10.893,0.02,10.689,0.049,9.741,,,,19.60219955444336,0.1224000006914138,,,,,AAA,0000,AAAU,RS,RS,,,,,,,,,,,,,,,
1113,ZTF J184729.74+590137.4,2MASS 18472976+5901374,2154611098985410560,WISEA J184729.75+590137.3,,281.8739622435816,59.02705147485531,1786.2561020845592,,13.36,0.1,,14.117805,1825.7737,14.499145,486.25903,13.570926,667.94604,12.963,0.022,12.6,0.024,12.497,0.025,12.453,0.023,12.491,0.022,12.641,0.252,9.849,,,,,,,,,,AAA,0000,AABU,RS,RS,,,,,,,,,,,,,,,
1114,ZTF J184633.62+584256.2,2MASS 18463364+5842561,2154623605930112896,WISEA J184633.63+584256.1,,281.6401505566674,58.71560371538827,1999.5496564057808,,8.79,0.11,,14.448814,838.75555,14.881864,250.58647,13.852145,333.56174,13.147,0.022,12.716,0.022,12.615,0.027,12.532,0.023,12.557,0.022,12.204,0.179,9.256,,,,,,,,,,AAA,0000,AABU,RS,RS,,,,,,,,,,,,,,,
1115,ZTF J190137.75+580631.6,2MASS 19013776+5806316,2155056160676736512,WISEA J190137.76+580631.6,,285.4073301930013,58.10876773390811,1994.7164221092671,,26.35,0.15,-0.2168,14.755573,486.9616,15.298411,142.93898,14.047957,166.8102,13.072,0.026,12.601,0.028,12.401,0.022,12.346,0.024,12.363,0.022,11.858,0.131,9.601,,,,,,,,,,AAA,0000,AABU,RS,SSG,,,,,,,,,,,,,,,
1116,ZTF J185856.30+583506.7,2MASS 18585630+5835069,2155289428940130432,WISEA J185856.32+583506.9,GALEX J185856.3+583507,284.7346073150792,58.58518688197721,1562.499521040504,,4.55,0.14,-0.1433,13.955701,297.91824,14.451369,88.912506,13.275147,87.600334,12.367,0.029,11.846,0.028,11.686,0.022,11.615,0.023,11.621,0.02,11.393,0.098,9.564,,,,19.975400924682617,0.1271000057458877,,,,,AAA,0000,AAAU,RS,RS,,,,,,,,,,,,,,,
1117,ZTF J185945.69+591117.1,2MASS 18594572+5911172,2155404637142888192,WISEA J185945.70+591117.1,,284.9404091603162,59.1880756543541,804.1527508678009,,5.39,0.19,-0.2401,12.673747,668.892,13.136998,192.59581,12.03556,241.4565,11.164,0.027,10.709,0.03,10.583,0.02,10.527,0.022,10.548,0.019,10.346,0.048,9.318,0.464,,,,,,,,,AAA,0000,AAAC,RS,RS,,,,,,,,,,,,,,,
1118,ZTF J185506.82+604426.6,2MASS 18550683+6044264,2155921888644557312,WISEA J185506.83+604426.5,,283.77848342037476,60.74070834721022,1082.6175507524938,,0.49,0.15,,13.3987875,487.31924,13.880763,159.80177,12.739335,159.0354,11.941,0.022,11.413,0.023,11.277,0.019,11.119,0.022,11.118,0.02,11.085,0.088,9.396,,,,,,,,,,AAA,0000,AAAU,RS,RS,,,,,,,,,,,,,,,
1119,TYC 4216-800-1,2MASS 19011360+6041095,2155975764713926784,WISEA J190113.60+604109.5,,285.3067194198024,60.685972579180216,1253.6257851682385,,32.7,0.14,,11.198159,574.3009,11.774431,169.28618,10.470965,208.45222,9.752,0.02,9.141,0.015,8.997,0.02,8.815,0.023,8.842,0.02,8.707,0.022,8.61,0.192,,,,,Yes,Absorption,TBD,,AAA,0000,AAAB,RS,RS,33.5822202590473,0.0296623,0.0584886634089362,0.029118093,23.38940119059316,0.47352165,,,SB1,0.4540831,0.47991595,0.5049045,0.5291449,0.55271584,0.5756827
1120,ZTF J184502.33+623259.6,2MASS 18450235+6232592,2157114034126662528,WISEA J184502.33+623259.4,GALEX J184502.3+623259,281.2597109561292,62.549873223816185,1427.596213306925,,1.09,0.15,-0.4599,13.858536,493.0489,14.276442,172.74423,13.263263,168.02803,12.494,0.022,12.041,0.023,11.946,0.023,11.882,0.023,11.89,0.021,11.872,0.141,9.715,,,,18.8843002319336,0.0399999991059303,,,,,AAA,0000,AABU,RS,RS,,,,,,,,,,,,,,,
1121,ZTF J182416.07+582336.8,2MASS 18241609+5823370,2157509514715485056,WISEA J182416.08+582336.9,,276.0669970025766,58.393572593568344,1145.475856487496,,2.75,0.14,-1.0274,12.742217,709.09894,13.104384,212.51521,12.175484,250.60246,11.442,0.027,11.032,0.033,10.928,0.019,10.912,0.023,10.91,0.02,10.76,0.059,9.458,,,,,,,,,,AAA,0000,AAAU,cut,RS,,,,,,,,,,,,,,,
1122,ZTF J183145.32+602006.0,2MASS 18314532+6020058,2157962199971996928,WISEA J183145.32+602005.9,,277.9388498510586,60.334980014080216,635.3776018511968,,3.38,0.14,-0.4288,12.127708,591.21844,12.645086,163.20616,11.44444,228.8804,10.527,0.021,10.033,0.024,9.915,0.016,9.847,0.023,9.868,0.02,9.728,0.032,8.957,,,,,,,,,,AAA,0000,AAAU,RS,SSG,,,,,,,,,,,,,,,
1123,ZTF J182403.16+624403.5,2MASS 18240317+6244036,2160004100439804800,WISEA J182403.16+624403.6,GALEX J182403.1+624404,276.01317193997875,62.7342992865753,1125.8718554778295,,12.34,0.11,-0.5782,13.362049,1851.8075,13.764823,540.20416,12.789267,619.81116,12.09,0.022,11.692,0.024,11.635,0.019,11.587,0.023,11.609,0.021,11.507,0.09,9.73,,,,19.23200035095215,0.0749000012874603,,,,,AAA,0000,AAAU,RS,RS,,,,,,,,,,,,,,,
1124,ZTF J183649.84+630616.6,2MASS 18364985+6306165,2160206204420734976,WISEA J183649.85+630616.5,,279.2077156828542,63.104600974801045,907.6265788961614,,4.48,0.14,0.08,13.815183,533.8386,14.456761,163.88788,13.041809,209.70802,11.96,0.025,11.397,0.031,11.217,0.025,11.164,0.023,11.178,0.02,11.065,0.073,9.764,,,,,,,,,,AAA,0000,AAAU,SSG,SSG,,,,,,,,,,,,,,,
1125,ZTF J181812.98+623838.5,2MASS 18181297+6238387,2160647520900712192,WISEA J181812.98+623838.8,GALEX J181813.0+623837,274.55411188489717,62.64403792653753,1441.9992871653365,,13.39,0.1,-0.1977,15.140802,233.71051,15.751547,68.97858,14.375101,81.242096,13.384,0.022,12.83,0.024,12.666,0.028,12.533,0.022,12.552,0.021,12.489,0.206,9.74,,,,22.194299697875977,0.3779999911785126,,,,,AAA,0000,AABU,SSG,SSG,,,,,,,,,,,,,,,
1126,ZTF J195750.56+554008.2,2MASS 19575057+5540081,2233920934284340096,WISEA J195750.56+554008.2,GALEX J195750.4+554008,299.46070703080636,55.66894172030083,1370.6588672388575,,15.42,0.5,,13.798585,599.4722,14.313511,182.20325,13.126624,229.64067,12.272,0.024,11.769,0.027,11.644,0.023,11.6,0.023,11.63,0.021,11.323,0.095,9.048,,,,20.893299102783203,0.1738999933004379,,,,,AAA,0000,AAAU,RS,RS,,,,,,,,,,,,,,,
1127,ZTF J195256.62+552526.2,2MASS 19525661+5525262,2234088919044182912,WISEA J195256.61+552526.2,GALEX J195256.6+552527,298.2359185258594,55.42394417985877,1362.7594359485113,,21.09,0.5,-0.1096,13.677337,728.51306,14.222255,211.14304,12.978816,252.42819,12.149,0.029,11.622,0.033,11.487,0.024,11.39,0.023,11.442,0.021,11.366,0.086,9.427,,,,21.30620002746582,0.3316999971866607,,,,,AAA,hh00,AAAU,RS,RS,,,,,,,,,,,,,,,
1128,ZTF J194605.54+573412.7,2MASS 19460555+5734127,2235335627790153728,WISEA J194605.54+573412.7,,296.52311083425684,57.5701931191954,1698.1416413321792,,11.66,0.3,-0.3402,13.609659,1972.6475,14.008965,559.9747,13.04651,757.40674,12.393,0.025,12.044,0.031,11.987,0.023,11.89,0.024,11.919,0.021,12.088,0.171,9.663,,,,,,,,,,AAA,0000,AABU,RS,RS,,,,,,,,,,,,,,,
1129,ZTF J195311.67+575301.8,2MASS 19531168+5753018,2235502130786638336,WISEA J195311.77+575303.0,,298.2986444298257,57.883836489541544,1421.3957043892929,,3.63,0.35,-0.0991,14.498396,510.24857,15.155348,126.35934,13.694059,192.8154,12.704,0.074,12.054,0.057,11.931,0.046,11.336,0.023,11.375,0.02,11.201,0.07,9.308,,,,,,,,,,AAA,d000,AAAU,SSG,SSG,,,,,,,,,,,,,,,
1130,ZTF J195515.79+583558.4,2MASS 19551582+5835584,2235639608395954944,WISEA J195515.81+583558.3,,298.8158313379531,58.59955128376944,1005.3912959062052,,2.65,0.44,-0.1698,14.243546,562.4763,14.762206,154.08215,13.535584,194.98805,12.682,0.024,12.133,0.035,12.03,0.028,11.838,0.023,11.858,0.02,11.71,0.122,9.546,,,,,,,,,,AAA,d0P0,AABU,RS,SSG,,,,,,,,,,,,,,,
1131,ZTF J194733.40+585632.9,2MASS 19473342+5856329,2235814636902977664,WISEA J194733.42+585632.9,GALEX J194733.4+585632,296.8892339599975,58.942465621834295,974.8057947601576,,1.09,0.25,,13.87256,418.4669,14.4392805,121.877945,13.154752,156.75113,12.214,0.021,11.701,0.03,11.574,0.023,11.466,0.023,11.489,0.02,11.434,0.097,9.55,,,,21.44849967956543,0.3158999979496002,,,,,AAA,0000,AAAU,RS,RS,,,,,,,,,,,,,,,
1132,ZTF J200051.17+590314.2,2MASS 20005119+5903140,2236415004612368640,WISEA J200051.18+590314.2,,300.21325452233646,59.05394573459724,1633.9564284155072,,2.44,0.4,-0.2201,15.639563,304.72348,16.33837,80.35523,14.815742,113.532234,13.707,0.021,13.015,0.026,12.875,0.029,12.754,0.024,12.746,0.025,13.227,0.49,9.598,,,,,,,,,,AAA,0000,AACU,SSG,SSG,,,,,,,,,,,,,,,
1133,ZTF J195630.02+594626.8,2MASS 19563002+5946269,2237260632132770688,WISEA J195630.03+594626.7,,299.1251031674479,59.77409856266647,762.1155240794781,,9.51,0.22,-0.5822,13.539801,355.5786,14.195549,97.20792,12.760152,125.70233,11.781,0.018,11.15,0.017,10.99,0.017,10.83,0.023,10.883,0.021,10.704,0.058,9.078,,,,,,,,,,AAA,hhh0,AAAU,SSG,SSG,,,,,,,,,,,,,,,
1134,ZTF J195741.57+605154.6,2MASS 19574156+6051546,2237598354001639424,WISEA J195741.57+605154.5,GALEX J195741.6+605153,299.42321852301114,60.86516770684346,1520.3115204888486,,4.89,0.22,-0.4183,14.47305,1338.1097,14.9940195,365.43588,13.784732,437.26535,12.841,0.023,12.304,0.019,12.151,0.02,12.104,0.023,12.138,0.022,12.47,0.269,9.71,,,,21.031700134277344,0.2795000076293945,,,,,AAA,dh00,AABU,RS,SSG,,,,,,,,,,,,,,,
1135,ZTF J193342.79+585720.1,2MASS 19334277+5857198,2238618425913359616,WISEA J193342.78+585719.9,GALEX J193342.8+585720,293.42827727753917,58.95557654585622,1052.301089416678,,2.78,0.18,,13.037071,152.8886,13.512073,51.275158,12.373417,55.13137,11.249,0.026,10.774,0.031,10.614,0.023,10.649,0.023,10.645,0.02,10.552,0.051,9.548,,,,18.39069938659668,0.0480999983847141,,,,,AAA,0000,AAAU,cut,RS,,,,,,,,,,,,,,,
1136,ZTF J192952.84+592717.6,2MASS 19295286+5927174,2238787097868467200,WISEA J192952.85+592717.4,GALEX J192952.8+592717,292.470187055003,59.454856337359146,723.9622504453249,,12.34,0.2,-0.0488,13.037343,268.04776,13.655389,81.37259,12.276751,107.024506,11.234,0.019,10.648,0.029,10.49,0.024,10.44,0.023,10.46,0.02,10.351,0.045,9.199,,,,20.436899185180664,0.1513999998569488,,,,,AAA,0000,AAAU,RS,SSG,,,,,,,,,,,,,,,
1137,ZTF J194152.00+602751.5,2MASS 19415202+6027516,2239078056133306624,WISEA J194152.02+602751.5,GALEX J194152.0+602751,295.4667288529973,60.46430530203499,1719.8360052568505,,3.49,0.16,-0.0904,14.597913,310.1581,15.19606,89.03294,13.830611,104.77015,12.676,0.021,12.07,0.019,11.897,0.026,11.934,0.023,11.931,0.021,11.892,0.124,9.905,,,,21.53840065002441,0.2700999975204468,,,,,AAA,0000,AABU,RS,SSG,,,,,,,,,,,,,,,
1138,ZTF J193915.47+604751.1,2MASS 19391549+6047514,2239286551025249408,WISEA J193915.48+604751.2,,294.8145065017633,60.79753252675026,1843.1371898619768,,3.34,0.15,,14.299845,713.2892,14.78454,245.8669,13.639548,290.26932,12.859,0.021,12.362,0.021,12.277,0.029,12.167,0.023,12.194,0.021,12.222,0.167,9.571,,,,,,,,,,AAA,hh00,AABU,cut,RS,,,,,,,,,,,,,,,
1139,ZTF J192706.21+603825.4,2MASS 19270618+6038253,2239623826217079168,WISEA J192706.21+603825.3,GALEX J192706.3+603826,291.7758770172407,60.640359013586966,1297.6494443497463,,4.59,0.18,-0.3593,14.448846,580.2954,14.932921,167.11496,13.796127,234.55847,13.016,0.023,12.519,0.019,12.438,0.025,12.337,0.023,12.357,0.022,12.13,0.167,9.586,,,,21.63789939880371,0.4677999913692474,,,,,AAA,0000,AABU,RS,SSG,,,,,,,,,,,,,,,
1140,ZTF J194701.93+605558.5,2MASS 19470194+6055586,2240568237986459392,WISEA J194701.94+605558.5,GALEX J194701.8+605559,296.7580861701486,60.93292160609147,1776.5941553127818,,19.83,0.19,-0.2804,14.827378,461.36172,15.3105,119.858574,14.178133,171.48112,13.415,0.024,12.932,0.024,12.793,0.033,12.731,0.023,12.78,0.023,12.777,0.321,9.616,,,,21.69289970397949,0.3691000044345855,,,,,AAA,0000,AABU,RS,SSG,,,,,,,,,,,,,,,
1141,ZTF J193624.85+614654.9,2MASS 19362483+6146550,2240910289181433856,WISEA J193624.84+614654.9,GALEX J193624.8+614655,294.10357168239204,61.78189158781762,1038.42589824161,,7.15,0.14,-0.6127,13.40653,1092.7749,13.848739,330.59613,12.753404,376.08447,11.813,0.021,11.324,0.018,11.222,0.019,11.161,0.023,11.169,0.02,11.044,0.075,9.357,,,,19.198299407958984,0.0776999965310096,,,,,AAA,hh00,AAAU,RS,SSG,,,,,,,,,,,,,,,
1142,ZTF J192935.24+644713.0,2MASS 19293524+6447130,2242543544985906304,WISEA J192935.25+644712.9,GALEX J192935.3+644713,292.3968694440634,64.78693485941247,1544.3540541636123,,7.15,0.29,-0.4842,13.627079,878.2328,14.031368,248.65741,13.046632,338.5975,12.346,0.021,11.973,0.023,11.842,0.022,11.807,0.023,11.82,0.022,11.704,0.131,9.457,,,,18.67449951171875,0.0599999986588954,,,,,AAA,h000,AABU,RS,RS,,,,,,,,,,,,,,,
1143,ZTF J193004.11+651921.0,2MASS 19300409+6519206,2242629135094585088,WISEA J193004.11+651920.8,GALEX J193004.1+651921,292.5171370566275,65.32246675421509,1330.8615279368646,,1.2,0.25,-0.2639,14.415409,414.0586,14.947479,117.56968,13.712349,128.80652,12.849,0.022,12.303,0.021,12.214,0.029,12.123,0.023,12.105,0.021,12.361,0.233,9.286,,,,21.045700073242188,0.2797999978065491,,,,,AAA,0000,AABU,RS,SSG,,,,,,,,,,,,,,,
1144,TYC 4223-399-1,2MASS 18482942+6423281,2253412973338518784,WISEA J184829.39+642328.0,GALEX J184829.4+642328,282.1224498128347,64.3911080220142,326.06020357342703,,5.28,0.14,-0.2347,10.851983,768.6811,11.335436,288.92346,10.096889,437.67563,9.094,0.018,8.557,0.017,8.447,0.015,8.449,0.023,8.458,0.02,8.352,0.018,8.425,0.155,21.32169914245605,0.2527,17.560199737548828,0.0198999997228384,Yes,Variable H-alpha,Normal Emission,Normal Emission,AAA,00PP,AAAB,cut,SSG,,,,,,,,,,,,,,,
1145,ZTF J183847.94+695513.6,2MASS 18384799+6955136,2259576629365443328,WISEA J183847.95+695513.4,GALEX J183847.9+695514,279.69981573229745,69.92041183446827,1765.238413858937,,9.38,0.17,-0.0547,14.218789,514.741,14.749364,133.25471,13.527182,187.6402,12.671,0.022,12.12,0.023,12.024,0.023,11.888,0.023,11.896,0.021,11.917,0.116,9.46,,,,20.57320022583008,0.1492000073194503,,,,,AAA,0000,AABU,RS,SSG,,,,,,,,,,,,,,,
1146,ZTF J180651.78+702404.3,2MASS 18065183+7024043,2260171293357872128,WISEA J180651.79+702404.2,GALEX J180651.9+702404,271.71578056864917,70.40117139767933,1814.7988574407757,,2.35,0.11,-0.5916,15.11782,394.25824,15.643346,105.28637,14.4097595,166.42262,13.323,0.026,12.773,0.024,12.679,0.027,12.688,0.023,12.664,0.022,12.529,0.197,9.411,,,,21.22830009460449,0.2245000004768371,,,,,AAA,0000,AABU,RS,SSG,,,,,,,,,,,,,,,
1147,ZTF J182637.69+701807.7,2MASS 18263775+7018077,2260387209953779584,WISEA J182637.71+701807.6,,276.6570790727958,70.3021209747675,1375.8570238724858,,6.11,0.2,-0.1621,14.633365,377.92227,15.196197,101.08639,13.920569,136.373,13.016,0.022,12.479,0.026,12.325,0.025,12.289,0.023,12.3,0.022,12.469,0.178,10.071,,,,,,,,,,AAA,0000,AABU,RS,SSG,,,,,,,,,,,,,,,
1148,ZTF J181922.06+711453.6,2MASS 18192206+7114536,2260504136143613824,WISEA J181922.06+711453.5,,274.84191604185145,71.24820884053592,1820.541362066524,,2.72,0.14,-0.2923,15.491429,156.50822,16.154158,48.751713,14.666498,58.591747,13.341,0.033,12.73,0.033,12.573,0.028,12.518,0.023,12.472,0.022,12.281,0.142,9.86,,,,,,,,,,AAA,hh00,AABU,SSG,SSG,,,,,,,,,,,,,,,
1149,ZTF J192225.34+690023.9,2MASS 19222533+6900238,2261299254849203840,WISEA J192225.34+690023.8,,290.6055972539735,69.00661784488375,1883.2590322856563,,9.17,0.27,0.0329,15.300082,940.97314,15.89939,205.34128,14.55927,301.75095,13.58,0.025,13.12,0.026,12.861,0.035,12.884,0.023,12.901,0.023,13.064,0.342,9.421,,,,,,,,,,AAA,dh00,AABU,RS,SSG,,,,,,,,,,,,,,,
1150,ZTF J192902.91+684656.7,2MASS 19290294+6846567,2261468201682454144,WISEA J192902.92+684656.6,GALEX J192902.6+684656,292.2621356098065,68.78240893757267,1149.5315009355056,,18.2,0.24,-0.1317,13.893993,579.2476,14.487739,199.12819,13.15401,234.87015,12.06,0.023,11.512,0.021,11.379,0.022,11.426,0.023,11.437,0.021,11.276,0.075,9.765,,,,21.404699325561523,0.2264000028371811,,,,,AAA,0000,AAAU,RS,SSG,,,,,,,,,,,,,,,
1151,ZTF J192118.96+712113.1,2MASS 19211896+7121130,2264211689351654784,WISEA J192118.96+712113.0,GALEX J192118.9+712113,290.32902076279333,71.35362037519793,1271.4837253992655,,4.19,0.5,0.0201,14.00142,450.06183,14.6773205,143.72012,13.200178,149.26817,12.095,0.022,11.504,0.021,11.34,0.022,11.322,0.023,11.318,0.021,11.29,0.074,9.36,,,,22.006000518798828,0.3535000085830688,,,,,AAA,00PP,AAAU,RS,SSG,,,,,,,,,,,,,,,
1152,ZTF J190510.46+723740.1,2MASS 19051050+7237401,2264578032882248448,WISEA J190510.48+723740.2,GALEX J190510.5+723740,286.29359293721814,72.62780420453673,957.7145108777934,,9.59,0.33,-0.1932,14.438873,135.26155,15.178118,40.44815,13.566314,57.39594,12.067,0.022,11.422,0.026,11.257,0.025,11.396,0.058,11.4,0.02,11.248,0.107,9.579,,,,22.308900833129883,0.3391999900341034,,,,,AAA,0000,AAAU,SSG,SSG,,,,,,,,,,,,,,,
1153,ZTF J192247.32+730554.4,2MASS 19224731+7305544,2264832329306023424,WISEA J192247.31+730554.3,GALEX J192247.6+730554,290.6971935124218,73.0984495970785,1972.666367132968,,11.02,0.44,-0.5558,15.402791,785.53186,16.00293,156.85835,14.647594,264.31226,13.599,0.026,13.105,0.033,12.902,0.031,12.883,0.023,12.908,0.024,12.719,,9.47,,,,21.92840003967285,0.3472999930381775,,,,,AAA,0000,AAUU,RS,SSG,,,,,,,,,,,,,,,
1154,ZTF J182624.16+715019.2,2MASS 18262416+7150190,2266582545659134208,WISEA J182624.17+715019.1,,276.60066638658276,71.83864693216859,1625.2012909322482,,16.26,0.15,-0.0399,15.701999,482.50897,16.316946,96.36817,14.922549,172.68944,13.991,0.025,13.347,0.027,13.217,0.039,13.118,0.024,13.107,0.023,13.221,0.353,10.07,,,,,,,,,,AAA,0000,AABU,cut,SSG,,,,,,,,,,,,,,,
1155,ZTF J230141.40+800847.0,2MASS 23014134+8008471,2285838013621607296,WISEA J230141.36+800846.9,GALEX J230141.3+800846,345.422444415997,80.1463726140172,1832.2813915343363,,2.01,0.42,-0.542,15.292997,392.09415,15.891606,103.527115,14.538514,148.98126,13.472,0.026,12.9,0.03,12.773,0.023,12.7,0.023,12.665,0.023,13.069,0.537,9.328,0.499,,,21.45599937438965,0.2845999896526336,,,,,AAA,0000,AACC,RS,SSG,,,,,,,,,,,,,,,
1156,ZTF J193822.79+790458.1,2MASS 19382274+7904575,2291723566222716032,WISEA J193822.76+790457.8,GALEX J193822.7+790457,294.594961450162,79.08278408999342,559.6933450192927,,2.48,0.22,-0.2323,12.771064,821.11005,13.275178,242.7556,12.106713,311.419,11.279,0.02,10.756,0.018,10.674,0.017,10.609,0.023,10.638,0.021,10.594,0.06,9.604,,,,19.612699508666992,0.0766000002622604,,,,,AAA,0000,AAAU,RS,SSG,,,,,,,,,,,,,,,
1157,ZALD J18531376+7722237,2MASS 18531375+7722236,2292786484729259136,WISEA J185313.73+772223.6,GALEX J185313.5+772222,283.30716445862356,77.37323230635185,1608.876331160555,,55.52,0.2,0.0001,13.0512495,581.9276,13.635514,173.44083,12.314689,208.7389,11.393,0.023,10.786,0.028,10.682,0.025,10.656,0.023,10.663,0.02,10.513,0.051,9.086,,,,20.52109909057617,0.2040999978780746,,,,,AAA,0000,AAAU,RS,RS,,,,,,,,,,,,,,,
1158,ZTF J204548.14+795629.4,2MASS 20454806+7956293,2297228099388647424,WISEA J204548.14+795629.3,,311.4506427741724,79.94148349045643,1903.606264122791,,11.97,0.43,-0.4413,14.4587345,561.5763,15.016066,180.0019,13.744073,223.58742,12.743,0.024,12.132,0.028,12.04,0.026,11.992,0.023,12.008,0.021,12.015,0.191,9.653,,,,,,,,,,AAA,0000,AABU,RS,SSG,,,,,,,,,,,,,,,
1159,V0844 Cep,2MASS 21142279+8218311,2298686425467456000,WISEA J211422.82+821831.0,,318.5950551516397,82.30860717734458,658.1212272255665,,5.19,0.4,-0.2501,12.476257,415.9756,13.117377,119.32781,11.697029,162.57799,10.559,0.029,9.963,0.031,9.806,0.018,9.763,0.023,9.722,0.02,9.619,0.036,8.673,,,,,,,,,,AAA,000P,AAAU,RS,SSG,,,,,,,,,,,,,,,
1160,SERIV 137,2MASS 19022666+8501279,2303128315004750464,WISEA J190226.64+850127.8,GALEX J190226.4+850128,285.61114000429586,85.02438754673769,1359.076221040031,,32.2,0.37,-0.1582,11.2096405,241.73587,11.913592,69.12792,10.399582,90.73905,9.264,0.024,8.622,0.029,8.492,0.022,8.365,0.022,8.42,0.02,8.281,0.018,8.189,0.162,,,19.07900047302246,0.0700000002980232,,,,,AAA,0000,AAAB,RS,SSG,,,,,,,,,,,,,,,
1161,DM Scl,2MASS 23460311-3535205,2311719662641918208,WISEA J234603.18-353520.7,GALEX J234603.1-353520,356.51339949997606,-35.58914980494055,272.1019079942187,,20.69,0.04,-0.0655,10.449717,486.85532,10.9580965,151.00085,9.773123,181.4309,8.952,0.023,8.424,0.042,8.296,0.026,8.193,0.022,8.212,0.019,8.111,0.02,7.841,0.191,21.20319938659668,0.4211,16.935100555419922,0.0309999994933605,,,,,AAA,0000,AAAB,RS,SSG,,,,,,,,,,,,,,,
1162,CF Scl,2MASS 00330732-3201195,2317188221161641216,WISEA J003307.34-320119.2,GALEX J003307.3-320118,8.280635466093141,-32.02200448098883,412.8143373808753,,27.85,0.04,-0.3998,9.404347,234.98903,9.886668,73.09889,8.747307,84.36286,8.006,0.019,7.512,0.033,7.313,0.021,7.07,0.04,7.182,0.02,7.107,0.017,6.98,0.077,19.499099731445312,0.0897,14.736000061035156,0.0051000001840293,,,,,AAA,0000,AAAA,RS,RS,,,,,,,,,,,,,,,
1163,BD Cet,2MASS 00224633-0913509,2429719078736046208,WISEA J002246.32-091351.5,GALEX J002246.3-091351,5.693069488389882,-9.231056676397152,247.91253039504653,,34.53,0.14,-0.1527,7.5712442,723.1978,8.1722555,208.5276,6.8224916,208.26764,5.897,0.019,5.265,0.017,5.127,0.018,4.991,0.225,4.906,0.076,5.037,0.015,4.968,0.038,18.93630027770996,0.1093,15.523599624633787,0.0133999995887279,,,,,AAA,0000,BAAA,cut,RS,35.17114444132118,0.0018434987,0.0083019675425897,0.0031162149,32.73312177872244,0.10161431,,,SB1,0.72419757,0.76239544,0.79931974,0.8351157,0.8699023,0.9037785
1164,CSS J002904.0-075929,2MASS 00290404-0759292,2430271342810688896,WISEA J002904.04-075929.4,GALEX J002904.0-075928,7.266868715648954,-7.991520474441475,1367.1426140534115,,8.53,0.11,-0.2827,14.893371,136.73566,15.589525,42.26692,14.061848,56.654514,12.676,0.023,12.062,0.023,11.875,0.026,11.825,0.024,11.803,0.021,11.774,0.348,8.898,,,,22.0398006439209,0.2901999950408935,,,,,AAA,0000,AABU,SSG,SSG,,,,,,,,,,,,,,,
1165,BC Psc,2MASS 00052013-0542275,2444348733779214976,WISEA J000520.07-054227.4,GALEX J000520.1-054226,1.3338680188251018,-5.707222966713746,42.52574358770532,,72.93,0.1,,4.318301,1096.6246,4.8530445,1379.2101,3.6298373,362.3187,2.642,0.228,2.091,0.19,1.989,0.22,0.553,,0.854,,2.216,0.014,2.125,0.019,19.519100189208984,0.1159,13.256799697875977,0.0031999999191612,,,,,DCD,hh00,UUAA,cut,RS,,,,,,,,,,,,,,,
1166,TYC 4667-90-1,2MASS 00150758-0320003,2445149040805181440,WISEA J001507.59-032000.1,GALEX J001507.5-032000,3.7817007510746103,-3.333349518429869,401.0646510320368,,8.84,0.11,,11.161876,480.0372,11.774089,138.34608,10.407374,160.72829,9.283,0.023,8.689,0.046,8.527,0.023,8.464,0.022,8.479,0.02,8.365,0.027,7.849,0.294,21.1033992767334,0.2766,18.59510040283203,0.0469000004231929,Yes,Variable H-alpha,Normal Emission,,AAA,0000,AAAB,cut,SSG,8.8633,0.0285,0.0102,0.0035,52.493,0.354,,,Asymmetric,0.650578,0.68647105,0.72124565,0.7550249,0.7879102,0.8199863
1167,ZTF J000020.00-030630.5,2MASS 00001997-0306305,2448158953886445696,WISEA J000019.98-030630.6,,0.0833440895022775,-3.108522852502696,1489.115918017502,,6.13,0.11,-0.5214,14.844619,258.34744,15.396285,71.396515,14.11541,90.829956,13.078,0.022,12.512,0.022,12.381,0.026,12.358,0.023,12.344,0.025,12.045,0.443,8.465,,,,,,,,,,AAA,0000,AACU,RS,SSG,,,,,,,,,,,,,,,
1168,NSVS 14713723,2MASS 01235986-1341474,2455558564062160256,WISEA J012359.88-134147.5,GALEX J012359.8-134147,20.99955428726702,-13.696529397888954,386.8450580833202,,11.61,0.05,,11.314041,673.6658,11.852577,238.3541,10.6072235,288.39697,9.729,0.022,9.184,0.026,9.012,0.023,8.856,0.023,8.873,0.021,8.756,0.026,8.302,0.277,21.417600631713867,0.3729,18.269399642944336,0.0562999993562698,,,,,AAA,0000,AAAB,cut,RS,,,,,,,,,,,,,,,
1169,IM Cet,2MASS 01014531-1208026,2469237382064496128,WISEA J010145.33-120802.6,GALEX J010145.2-120802,15.438877039972152,-12.134078863104676,427.3517874817686,,28.76,0.09,-0.1566,9.794641,187.2375,10.456518,55.288696,9.016712,73.46977,7.849,0.024,7.274,0.049,7.114,0.029,7.13,0.036,7.207,0.02,7.152,0.018,6.956,0.091,20.078800201416016,0.1813,17.017900466918945,0.0288999993354082,,,,,AAA,0p00,AAAA,RS,SSG,,,,,,,,,,,,,,,
1170,UCAC2 28842571,2MASS 00563182-0809055,2474594645095556224,WISEA J005631.82-080905.4,GALEX J005631.7-080904,14.13263572739736,-8.15152168042682,689.8938234927487,8.762833333333335,29.95,0.18,,11.817204,532.45264,12.48166,149.71638,11.022346,188.14925,9.927,0.026,9.336,0.024,9.155,0.021,9.08,0.024,9.122,0.02,8.967,0.03,8.624,,22.09339904785156,0.4535,19.75309944152832,0.1141000017523765,Yes,SB2,No RV Data,No RV Data,AAA,0000,AAAU,RS,SSG,33.88,5e-05,0.35224,0.00078,46.37,0.1,46.45,0.14,SB2,0.998277718,1.09810549,1.197933262,1.297761033,1.397588805,1.497416577
1171,IR Cet,2MASS 01465174-0547152,2479801558503148160,WISEA J014651.79-054715.1,GALEX J014651.7-054714,26.715863996520007,-5.787526617056884,378.996997927272,,17.08,0.07,-0.0428,11.052777,845.4988,11.604436,256.7678,10.344374,343.79803,9.485,0.026,8.913,0.026,8.773,0.023,8.679,0.022,8.723,0.02,8.603,0.026,8.233,0.211,22.198299407958984,0.4534,18.19050025939941,0.0293000005185604,,,,,AAA,0000,AAAB,RS,SSG,,,,,,,,,,,,,,,
1172,CSS J012918.6-023233,2MASS 01291865-0232331,2484289318291088640,WISEA J012918.66-023233.2,GALEX J012918.6-023233,22.327809809297545,-2.5425696076933986,1310.73680830045,,23.01,0.12,,13.86832,641.899,14.409502,172.19604,13.169968,225.03952,12.219,0.024,11.682,0.024,11.534,0.023,11.448,0.022,11.48,0.021,11.628,0.218,9.033,0.542,,,20.655000686645508,0.2239000052213668,,,,,AAA,0000,AABC,RS,RS,,,,,,,,,,,,,,,
1173,ZTF J020218.40-030324.1,2MASS 02021840-0303237,2492679893385490944,WISEA J020218.40-030324.0,GALEX J020218.3-030323,30.57669733101455,-3.056719359157843,719.7400287534945,,3.91,0.07,-0.2199,12.874516,292.8097,13.493411,87.860695,12.103704,107.60935,10.94,0.022,10.375,0.024,10.208,0.021,10.207,0.022,10.164,0.02,10.089,0.056,8.98,,22.373699188232425,0.3715,19.868900299072266,0.0754999965429306,,,,,AAA,0000,AAAU,SSG,SSG,,,,,,,,,,,,,,,
1174,CSS J023411.6-023803,2MASS 02341161-0238035,2496285608625440512,WISEA J023411.63-023803.4,,38.548497319968845,-2.6343047183349264,721.8233137513961,,4.2,0.08,-0.2548,13.956455,99.20322,14.697525,29.62745,13.104712,38.78548,11.672,0.028,11.044,0.024,10.845,0.024,10.986,0.022,10.893,0.021,10.645,0.074,8.876,,,,,,,,,,AAA,0000,AAAU,SSG,SSG,,,,,,,,,,,,,,,
1175,CSS J022057.9+003133,2MASS 02205794+0031334,2501103080167725056,WISEA J022057.95+003133.5,GALEX J022057.8+003135,35.241489246383594,0.5259711805492392,1362.4493239141489,,2.88,0.1,-0.3191,13.795183,376.71948,14.282574,133.94154,13.077529,159.77899,12.232,0.024,11.679,0.022,11.593,0.023,11.454,0.023,11.454,0.02,11.403,0.15,9.07,,,,20.68939971923828,0.1949999928474426,,,,,AAA,0000,AABU,cut,SSG,,,,,,,,,,,,,,,
1176,ZTF J003731.45-030443.8,2MASS 00373145-0304439,2529985640017568768,WISEA J003731.45-030443.9,GALEX J003731.3-030443,9.381065835952292,-3.0788719059087444,897.9052327473578,,13.79,0.11,-0.0317,13.5076275,534.45154,14.00712,162.03246,12.841289,220.60551,12.088,0.024,11.587,0.024,11.436,0.023,11.351,0.024,11.375,0.021,11.358,0.19,8.844,,,,20.319299697875977,0.1218999996781349,,,,,AAA,0000,AABU,RS,SSG,,,,,,,,,,,,,,,
1177,AY Cet,2MASS 01163630-0230012,2531779768115636992,WISEA J011636.23-023001.8,,19.15075342521739,-2.5006521246476354,74.83806720162991,,76.5,0.11,,5.280871,377.8958,5.7706556,121.28391,4.618591,99.00838,4.067,0.262,3.392,0.23,3.384,0.27,2.239,,2.934,0.463,3.15,0.014,3.099,0.021,,,,,,,,,DDD,0000,UCAA,RS,RS,,,,,,,,,,,,,,,
1178,CSS J011316.9+014513,2MASS 01131694+0145130,2538376150687268736,WISEA J011316.95+014513.0,GALEX J011316.9+014513,18.32062929463765,1.7536421773617097,991.2953891622744,,5.56,0.1,,13.642683,592.2133,14.166027,162.5875,12.981922,195.48615,12.09,0.022,11.587,0.032,11.467,0.018,11.445,0.024,11.43,0.021,11.338,0.229,8.495,,,,20.21640014648437,0.1046999990940094,,,,,AAA,0000,AABU,RS,RS,,,,,,,,,,,,,,,
1179,GT Cet,2MASS 01051593+0159141,2539054201469245568,WISEA J010515.92+015914.2,GALEX J010515.8+015914,16.316355694155444,1.9872955035146904,1545.371581481329,,6.91,0.07,-0.1038,11.417065,426.18903,11.989368,118.89117,10.689252,156.56331,9.777,0.028,9.127,0.026,8.995,0.021,8.959,0.022,9.046,0.02,8.833,0.03,8.71,0.497,,,19.009700775146484,0.0838000029325485,,,,,AAA,0000,AAAC,RS,RS,,,,,,,,,,,,,,,
1180,ZTF J004050.72+003629.6,2MASS 00405071+0036296,2543317012345322880,WISEA J004050.72+003629.5,GALEX J004050.6+003630,10.211354248773272,0.6082188072126,1575.7279794476783,,8.29,0.06,-0.2159,14.511412,348.2139,15.074898,100.09127,13.789005,129.86504,12.833,0.026,12.231,0.033,12.113,0.021,12.091,0.023,12.107,0.024,11.923,0.369,8.417,,,,21.49659919738769,0.2276999950408935,,,,,AAA,0000,AACU,RS,SSG,,,,,,,,,,,,,,,
1181,GSC 00010-00058,2MASS 00305919+0003565,2543655009092616832,WISEA J003059.19+000356.3,GALEX J003059.2+000357,7.746650271529313,0.0656504045397329,1516.7575309180972,,58.73,0.06,0.23,12.068218,388.69324,12.734688,110.16925,11.284791,145.28685,10.204,0.028,9.634,0.024,9.463,0.023,9.424,0.024,9.506,0.021,9.412,0.044,8.294,,,,20.365800857543945,0.1243000030517578,,,,,AAA,0000,AAAU,RS,RS,,,,,,,,,,,,,,,
1182,ZTF J001729.27+031518.3,2MASS 00172926+0315184,2548450082380123648,WISEA J001729.27+031518.2,,4.371979089395544,3.255087135383265,1361.4997990374677,,5.75,0.07,-0.5131,14.920807,894.0982,15.447653,233.79205,14.237766,197.73654,13.281,0.027,12.803,0.027,12.689,0.026,12.701,0.023,12.671,0.026,12.204,0.389,9.078,,,,,,,,,,AAA,0000,AACU,RS,SSG,,,,,,,,,,,,,,,
1183,ZTF J014315.91+055804.2,2MASS 01431591+0558043,2562210229882953088,WISEA J014315.91+055804.2,GALEX J014315.8+055804,25.81632348172397,5.967824253512894,881.6920743409803,,0.43,0.15,,13.236669,482.61926,13.721413,116.56528,12.575392,156.05222,11.694,0.024,11.215,0.021,11.125,0.023,11.081,0.023,11.085,0.021,10.85,0.095,8.86,,,,19.595600128173828,0.1035000011324882,,,,,AAA,0000,AAAU,RS,RS,,,,,,,,,,,,,,,
1184,ZTF J012058.01+033306.1,2MASS 01205799+0333062,2562769984380559488,WISEA J012058.00+033306.1,GALEX J012057.9+033307,20.24173181344408,3.551691712762061,1113.2577776792368,,11.15,0.09,,13.99236,677.8843,14.507158,215.58653,13.316874,249.79272,12.498,0.023,11.951,0.022,11.858,0.023,11.753,0.024,11.779,0.023,12.044,0.296,8.815,,,,21.09830093383789,0.216399997472763,,,,,AAA,0000,AABU,RS,RS,,,,,,,,,,,,,,,
1185,AR Psc,2MASS 01225675+0725095,2566277181659646208,,,20.736909562526307,7.420286170441353,45.49377581055159,,12.34,0.13,,7.080526,377.90918,7.5573487,114.617714,6.4162707,132.18571,5.619,0.021,5.124,0.026,4.933,0.027,,,,,,,,,,,,,,,,,AAA,,,cut,RS,,,,,,,,,,,,,,,
1186,ZTF J021210.58+091800.8,2MASS 02121060+0918010,2570033667431332352,WISEA J021210.59+091800.8,GALEX J021210.5+091802,33.044112418490315,9.300220455861728,893.5897984254141,,6.35,0.26,0.1138,13.620168,137.94008,14.244405,39.70103,12.8437,49.049477,11.834,0.023,11.168,0.024,11.05,0.025,10.942,0.022,10.935,0.02,10.955,0.113,9.057,,,,21.12030029296875,0.2041999995708465,,,,,AAA,0000,AABU,RS,SSG,,,,,,,,,,,,,,,
1187,ZTF J014958.96+121832.9,2MASS 01495897+1218328,2575193057025105280,WISEA J014958.96+121832.8,GALEX J014959.0+121833,27.495685201258976,12.30912464463631,1286.9426147268157,,27.43,0.19,0.0789,14.442632,252.51805,15.1200905,64.14926,13.6400585,87.888985,12.617,0.021,12.019,0.023,11.819,0.022,11.691,0.024,11.703,0.022,11.625,0.174,9.121,,,,21.72669982910156,0.323199987411499,,,,,AAA,0000,AABU,SSG,SSG,,,,,,,,,,,,,,,
1188,GN Psc,2MASS 01050639+0935083,2581324273163442944,WISEA J010506.40+093508.1,,16.276697664767358,9.585619330829209,489.096663205804,,10.01,0.1,,12.024617,451.96072,12.647645,138.81187,11.250293,171.03423,10.215,0.022,9.623,0.025,9.422,0.021,9.303,0.023,9.274,0.02,9.223,0.038,8.715,,,,,,,,,,AAA,0000,AAAU,SSG,SSG,,,,,,,,,,,,,,,
1189,GH Psc,2MASS 00570766+1025566,2582366747625787520,WISEA J005707.65+102556.5,GALEX J005707.6+102557,14.2819036327251,10.432350177985,510.70833986141133,,34.71,0.16,-0.1594,9.655903,444.15616,10.135366,139.94391,8.99964,166.7809,8.288,0.023,7.737,0.042,7.572,0.018,7.37,0.037,7.454,0.02,7.375,0.018,7.101,0.104,19.57710075378418,0.136,15.078800201416016,0.0109999999403953,,,,,AAA,0000,AAAA,RS,RS,,,,,,,,,,,,,,,
1190,CSS J221517.2-103827,2MASS 22151724-1038276,2614744242623104896,WISEA J221517.23-103827.8,GALEX J221517.2-103827,333.82181441549875,-10.641106579057505,988.0132299049984,,2.77,0.14,-0.3449,14.3059845,172.72313,14.909743,46.45328,13.562256,60.232765,12.475,0.027,11.882,0.026,11.748,0.026,11.768,0.023,11.728,0.023,11.48,0.205,8.521,,,,21.1530990600586,0.1693000048398971,,,,,AAA,0000,AABU,SSG,SSG,,,,,,,,,,,,,,,
1191,CSS J221303.1-063633,2MASS 22130315-0636335,2619863362603366144,WISEA J221303.15-063633.6,,333.2631496690861,-6.60934648486346,1599.6934165815944,,8.68,0.16,-0.1884,13.879836,519.85864,14.447671,146.82088,13.160477,191.20047,12.304,0.027,11.683,0.024,11.543,0.021,11.535,0.025,11.518,0.022,11.151,0.158,8.4,,,,,,,,,,AAA,0000,AABU,RS,SSG,,,,,,,,,,,,,,,
1192,ZTF J232251.72-044652.6,2MASS 23225170-0446524,2633703396498597888,WISEA J232251.71-044652.5,GALEX J232251.6-044652,350.7155000726423,-4.781307817583171,913.0925116417566,,1.58,0.12,-0.3504,13.503213,640.13794,13.960995,182.45535,12.882069,259.34277,12.12,0.023,11.66,0.025,11.57,0.025,11.491,0.023,11.504,0.022,11.669,0.345,8.908,,,,19.714599609375,0.0795999988913536,,,,,AAA,0000,AABU,RS,SSG,,,,,,,,,,,,,,,
1193,ZTF J230050.50-061505.7,2MASS 23005048-0615055,2634913924441250304,WISEA J230050.49-061505.6,GALEX J230050.5-061504,345.2104314408939,-6.2515859149701845,907.066871488134,,5.69,0.14,-0.1026,13.52921,201.10017,14.151674,49.85178,12.779137,67.18027,11.638,0.029,11.086,0.022,10.958,0.021,10.908,0.023,10.969,0.022,11.037,0.447,7.682,,,,20.32889938354492,0.1150000020861625,,,,,AAA,0000,AACU,SSG,SSG,,,,,,,,,,,,,,,
1194,ZTF J230525.42-024946.7,2MASS 23052541-0249466,2636781960336938112,WISEA J230525.41-024946.6,,346.3559219211219,-2.8296615231489586,1436.3508325068644,,2.17,0.15,-0.3306,15.482064,285.90063,16.181866,70.45231,14.66018,80.21729,13.513,0.028,12.924,0.03,12.67,0.027,12.573,0.023,12.573,0.026,12.409,0.516,8.652,,,,,,,,,,AAA,0000,AACU,SSG,SSG,,,,,,,,,,,,,,,
1195,CSS J231824.3-033748,2MASS 23182435-0337480,2637053024312841984,WISEA J231824.36-033747.9,GALEX J231824.3-033747,349.6015563824114,-3.630004293461256,820.4028830618241,,1.25,0.1,-0.1901,14.250381,649.1094,14.852085,192.08694,13.464261,248.89499,12.387,0.023,11.761,0.025,11.649,0.027,11.486,0.023,11.465,0.021,11.208,0.18,8.372,,,,21.11149978637696,0.1906999945640564,,,,,AAA,0000,AABU,cut,SSG,,,,,,,,,,,,,,,
1196,CSS J231623.1-031835,2MASS 23162307-0318342,2637103739286625920,WISEA J231623.06-031834.3,,349.09610796396805,-3.30955453567848,1110.3516728808952,,1.37,0.1,-0.4608,14.65645,308.604,15.295399,82.74692,13.871891,117.115364,12.762,0.023,12.129,0.025,11.99,0.026,11.93,0.023,11.907,0.022,11.577,0.215,8.748,,,,,,,,,,AAA,0000,AABU,SSG,SSG,,,,,,,,,,,,,,,
1197,NSV 14667,2MASS 23413085+0126252,2646075273133180416,WISEA J234130.85+012625.1,,355.37859588875244,1.4403098108944172,727.2027664164624,,7.47,0.1,-0.16,11.596461,298.49612,12.158702,95.85436,10.867277,111.74346,9.867,0.024,9.326,0.021,9.146,0.025,9.073,0.024,9.09,0.019,8.999,0.029,8.708,0.468,,,,,,,,,AAA,0000,AAAC,RS,SSG,,,,,,,,,,,,,,,
1198,AZ Psc,2MASS 22585292-0018572,2651610730063183616,WISEA J225852.95-001857.2,GALEX J225852.9-001857,344.72075084166005,-0.3158763642515434,153.04046734252245,,91.7,0.14,-0.1323,7.1502194,226.68825,7.691669,64.19962,6.440978,94.790855,5.588,0.024,5.092,0.031,4.878,0.021,4.866,0.265,4.705,0.091,4.853,0.015,4.75,0.028,18.790000915527344,0.0952,14.840999603271484,0.0082000000402331,,,,,AAA,0000,BAAA,RS,RS,,,,,,,,,,,,,,,
1199,ASAS J223634-0033.9,2MASS 22363383-0033530,2653803053170408832,WISEA J223633.82-003353.5,,339.1409777268871,-0.5649244461266267,149.64659484892286,,5.8,0.14,-0.8693,8.245854,788.03186,8.617763,266.56833,7.6919866,277.21405,6.923,0.019,6.566,0.046,6.387,0.029,6.404,0.087,6.326,0.026,6.396,0.016,6.288,0.067,,,,,,,,,AAA,0000,AAAA,cut,RS,,,,,,,,,,,,,,,
1200,ZTF J224402.48+005558.3,2MASS 22440249+0055583,2654476465386752768,WISEA J224402.49+005558.3,GALEX J224402.4+005558,341.01037513825355,0.9328549917366372,1168.1244389009355,,11.17,0.16,0.3166,13.961875,218.20541,14.591278,63.460648,13.190437,76.58274,12.122,0.028,11.432,0.021,11.385,0.021,11.329,0.023,11.332,0.022,11.243,0.199,8.686,,,,21.055400848388672,0.1862999945878982,,,,,AAA,0000,AABU,SSG,SSG,,,,,,,,,,,,,,,
1201,CSS J225509.6+014800,2MASS 22550968+0148004,2655341334361724288,WISEA J225509.67+014800.1,GALEX J225509.6+014801,343.7903370484659,1.8000125850623527,907.745176215059,,12.27,0.32,-0.1078,12.906383,306.13608,13.659566,73.66085,12.059765,92.24932,10.996,0.024,10.277,0.027,10.083,0.025,10.003,0.023,9.982,0.019,9.989,0.062,8.673,,,,21.366899490356445,0.249099999666214,,,,,AAA,0000,AAAU,SSG,SSG,,,,,,,,,,,,,,,
1202,CSS J232332.4+045538,2MASS 23233247+0455384,2660751378246429312,WISEA J232332.48+045538.5,GALEX J232332.5+045538,350.8853810036308,4.927385229753647,1060.981051144904,,2.21,0.18,-0.2514,13.737036,438.42868,14.357368,136.71246,12.964337,288.34897,11.986,0.024,11.395,0.026,11.246,0.025,11.164,0.023,11.16,0.021,11.233,0.165,8.894,,22.562700271606445,0.4838,21.452600479125977,0.2039999961853027,,,,,AAA,0000,AABU,SSG,SSG,,,,,,,,,,,,,,,
1203,DI Psc,2MASS 22595939+0509343,2663025241307454848,WISEA J225959.40+050934.4,,344.99762331507526,5.15954653470111,219.76082751066497,,18.07,0.2,-0.4467,6.7752275,2139.351,7.360654,552.75586,6.0431724,532.5656,5.13,0.037,4.791,0.076,4.425,0.016,4.348,0.363,4.218,0.201,4.361,0.015,4.268,0.026,,,,,,,,,EEE,0000,CBAA,RS,RS,,,,,,,,,,,,,,,
1204,CSS J225934.1+061058,2MASS 22593418+0610585,2663701509678092928,WISEA J225934.18+061058.3,GALEX J225934.1+061058,344.89246550077166,6.1828573941480345,784.2554719260743,,2.83,0.2,-0.6436,13.488944,463.40384,14.116921,126.895905,12.709951,162.26633,11.603,0.026,10.992,0.026,10.842,0.021,10.815,0.023,10.766,0.02,10.802,0.102,8.806,,,,20.62579917907715,0.1545999944210052,,,,,AAA,0000,AAAU,SSG,SSG,,,,,,,,,,,,,,,
1205,ASAS J231713+0551.1,2MASS 23171347+0551080,2664052288247453824,WISEA J231713.48+055107.9,GALEX J231713.4+055108,349.30618709688804,5.852202883844909,428.0554887171685,,4.44,0.25,-0.1308,9.806954,478.85303,10.41612,140.55292,9.065268,178.05136,8.084,0.026,7.56,0.024,7.377,0.029,7.221,0.036,7.335,0.02,7.236,0.017,7.275,0.141,19.61370086669922,0.1621,16.869400024414062,0.0229000002145767,,,,,AAA,0000,AAAB,cut,SSG,,,,,,,,,,,,,,,
1206,TYC583-566-1,2MASS 23164499+0618574,2664149423227808256,WISEA J231645.01+061857.3,GALEX J231644.9+061857,349.18760736995245,6.315927812824342,278.21782912609814,50.12672727272727,4.19,0.24,0.1155,10.365207,596.7704,11.015456,196.13748,9.598232,199.10686,8.558,0.024,8.013,0.047,7.827,0.021,7.702,0.03,7.749,0.021,7.658,0.02,7.668,0.187,21.66270065307617,0.3768,18.13960075378418,0.0438000001013278,Yes,Variable H-alpha,Normal Emission,Normal Emission,AAA,0000,AAAB,RS,SSG,4.2138,0.0343,0.0853,0.0072,51.961,0.528,,,SB1 ,0.46739933,0.49470335,0.52115417,0.5468467,0.57185906,0.5962562
1207,ZTF J215440.51-025745.4,2MASS 21544048-0257455,2670585070943366784,WISEA J215440.50-025745.5,,328.66878629776835,-2.962648792827874,900.5486553269137,,11.8,0.19,-0.4611,13.996552,332.401,14.630055,86.11642,13.216803,122.51906,11.959,0.024,11.365,0.024,11.242,0.023,11.292,0.023,11.233,0.021,11.002,0.129,8.86,0.504,,,,,,,,,AAA,0000,AABC,SSG,SSG,,,,,,,,,,,,,,,
1208,CSS J212617.1-051342,2MASS 21261717-0513426,2671862909613112704,WISEA J212617.18-051342.8,GALEX J212617.1-051342,321.57163596116726,-5.22857167789021,1823.068999111578,,5.26,0.13,,14.913233,697.47705,15.413346,187.869,14.23054,233.31523,13.204,0.026,12.713,0.025,12.585,0.03,12.637,0.024,12.62,0.026,11.712,,8.896,,,,21.296899795532227,0.1986999958753585,,,,,AAA,0000,AAUU,RS,RS,,,,,,,,,,,,,,,
1209,CSS J214245.7-035801,2MASS 21424574-0358018,2673177886865384064,WISEA J214245.75-035801.6,,325.6906367176079,-3.9671431579137337,972.2376436360976,,4.12,0.09,,14.602314,214.21843,15.244226,68.11736,13.81075,78.15776,12.73,0.023,12.093,0.024,11.976,0.024,11.791,0.022,11.746,0.022,11.153,0.162,8.634,0.411,,,,,,,,,AAA,0000,AABC,SSG,SSG,,,,,,,,,,,,,,,
1210,CSS J221227.9-014654,2MASS 22122800-0146541,2676206152341575040,WISEA J221228.00-014654.4,GALEX J221227.9-014654,333.1166777804109,-1.7817729485821598,1307.70590818457,,2.43,0.27,-0.5145,14.891606,178.1051,15.569142,45.356804,14.077641,57.810387,13.017,0.03,12.365,0.027,12.233,0.027,12.057,0.023,12.032,0.022,11.744,0.297,8.648,,,,22.081600189208984,0.3113999962806701,,,,,AAA,0000,AABU,SSG,SSG,,,,,,,,,,,,,,,
1211,FF Aqr,2MASS 22003642-0244268,2676368463450484096,WISEA J220036.43-024426.8,,330.1519124765948,-2.740842056905452,211.2289924111897,,9.19,0.38,-0.9329,9.057982,143.38623,9.577922,45.27939,8.382562,50.43667,7.351,0.023,6.782,0.027,6.615,0.017,6.557,0.082,6.452,0.023,6.492,0.016,6.322,0.059,,,,,,,,,AAA,hh00,AAAA,cut,SSG,,,,,,,,,,,,,,,
1212,V0378 Aqr,2MASS 22202992-0139582,2677454162463680896,WISEA J222029.92-013958.1,,335.12468790872305,-1.6661714587571783,654.5463115521593,,9.1,0.26,-0.3148,12.100002,160.00789,12.740475,45.946518,11.301217,56.557877,10.113,0.023,9.491,0.022,9.336,0.021,9.299,0.027,9.281,0.027,9.109,0.037,8.393,0.341,,,,,,,,,AAA,0000,AAAB,RS,SSG,,,,,,,,,,,,,,,
1213,ZTF J214907.46+003310.0,2MASS 21490746+0033096,2681268780616652544,WISEA J214907.46+003309.8,GALEX J214907.3+003310,327.28112788364666,0.5527497075112694,600.9527943948918,,7.19,0.33,-0.0751,12.807613,253.72542,13.467579,72.816734,12.017438,92.13351,10.99,0.024,10.381,0.022,10.206,0.021,10.105,0.024,10.113,0.02,10.073,0.067,9.057,,,,20.2150993347168,0.1565999984741211,,,,,AAA,0000,AAAU,SSG,SSG,,,,,,,,,,,,,,,
1214,ZTF J215212.53+010626.4,2MASS 21521252+0106264,2681689726067117440,WISEA J215212.52+010626.4,,328.05222127276863,1.1073459290139862,1703.3849254123809,,14.09,0.18,,15.323518,237.32312,16.031404,64.354866,14.485962,89.4354,13.401,0.024,12.739,0.026,12.57,0.024,12.448,0.023,12.463,0.023,12.055,0.431,8.771,,,,,,,,,,AAA,0000,AACU,SSG,SSG,,,,,,,,,,,,,,,
1215,CSS J221351.5+025416,2MASS 22135151+0254160,2682932410428953856,WISEA J221351.52+025415.9,GALEX J221351.5+025416,333.46467821257926,2.9044181935920124,933.5878569161102,,9.0,0.19,-0.2672,13.559978,274.36792,14.1369915,84.27944,12.830439,93.80136,11.893,0.024,11.293,0.023,11.179,0.023,11.032,0.024,11.04,0.022,10.891,0.14,8.748,,,,20.25620079040528,0.1536000072956085,,,,,AAA,0000,AABU,RS,SSG,,,,,,,,,,,,,,,
1216,ZTF J212037.06-035114.3,2MASS 21203706-0351142,2684439772151746688,WISEA J212037.06-035114.4,GALEX J212037.1-035113,320.1544454886721,-3.854001408068686,1369.7203918643731,,15.5,0.15,-0.1199,11.75915,391.45248,12.361938,109.49653,11.019697,137.94676,10.037,0.021,9.458,0.022,9.31,0.018,9.244,0.022,9.318,0.019,9.158,0.039,8.472,,,,19.48649978637696,0.0988999977707862,,,,,AAA,0000,AAAU,RS,SSG,2.11844765525867,5.7150322e-05,0.0812370844736341,0.0375322,34.94140490821594,1.2644969,,,SB1,0.24281609,0.2575377,0.27179235,0.2856327,0.2991019,0.3122358
1217,ZTF J213303.01+011608.2,2MASS 21330302+0116081,2688418973452883840,WISEA J213303.02+011608.1,GALEX J213303.0+011608,323.26259427718566,1.268929946473636,939.4762199801102,,12.28,0.14,,13.681966,423.75247,14.263393,125.75168,12.948823,164.93237,11.949,0.023,11.439,0.025,11.272,0.023,11.2,0.023,11.232,0.021,11.052,0.108,8.641,,,,20.85689926147461,0.161200001835823,,,,,AAA,0000,AAAU,RS,RS,,,,,,,,,,,,,,,
1218,ZTF J211258.83+014646.3,2MASS 21125884+0146466,2690808938069333632,WISEA J211258.84+014646.4,GALEX J211258.7+014647,318.24516952349,1.779535811947882,1123.9613559697236,,8.43,0.34,-0.1338,14.100956,494.88068,14.604686,141.94781,13.429957,163.864,12.565,0.026,12.146,0.027,12.046,0.029,11.912,0.026,11.96,0.025,11.605,0.244,8.806,,,,20.9468002319336,0.1720999926328659,,,,,AAA,0000,AABU,RS,SSG,,,,,,,,,,,,,,,
1219,V0337 Aqr,2MASS 21410578+0222153,2694503262778478208,WISEA J214105.78+022215.3,GALEX J214105.8+022215,325.2741277040064,2.370937372245022,560.8757405146,,10.96,0.17,,11.111625,594.36005,11.728022,174.30656,10.342873,213.35422,9.666,0.026,9.019,0.023,8.811,0.022,8.443,0.023,8.457,0.02,8.294,0.022,7.945,0.256,21.20429992675781,0.3249,18.501399993896484,0.0604000017046928,,,,,AAA,0000,AAAB,RS,RS,,,,,,,,,,,,,,,
1220,CSS J214047.8+032531,2MASS 21404785+0325317,2695195435412577792,WISEA J214047.85+032531.6,GALEX J214047.8+032531,325.19942840585304,3.4254763336884455,1816.590312904909,,1.31,0.27,-0.5171,15.414162,370.49426,15.95569,102.91952,14.706511,122.446175,13.809,0.029,13.252,0.032,13.203,0.037,13.093,0.025,13.098,0.03,12.477,0.508,9.041,,,,22.136199951171875,0.3355999886989593,,,,,AAA,0000,AACU,RS,SSG,,,,,,,,,,,,,,,
1221,ZTF J212341.68+050005.8,2MASS 21234168+0500058,2699168318816794880,WISEA J212341.68+050005.8,GALEX J212341.5+050006,320.92369618232726,5.001600089027772,1235.4971264203298,,28.15,0.23,,14.033205,332.8195,14.680586,94.06948,13.252023,126.27413,12.029,0.024,11.408,0.022,11.278,0.023,11.299,0.023,11.287,0.02,11.261,0.155,8.659,,,,21.505800247192383,0.238999992609024,,,,,AAA,0000,AABU,SSG,SSG,,,,,,,,,,,,,,,
1222,GSC 00563-00384,2MASS 22283620+0305255,2703947135653093632,WISEA J222836.19+030525.5,GALEX J222836.1+030526,337.1508053568788,3.09043644771871,847.346556039465,,30.7,0.26,-0.061,11.640496,344.16687,12.343094,94.57027,10.816297,129.8196,9.558,0.03,8.883,0.036,8.769,0.027,8.633,0.023,8.689,0.021,8.532,0.024,8.588,0.509,,,19.09160041809082,0.0988999977707862,Yes,Absorption,Normal Emission,Variable,AAA,0000,AAAC,RS,SSG,30.9778,1.7557,0.0144,0.0799,14.434,0.132,,,SB1,0.23143186,0.24587601,0.25987497,0.2734783,0.28672665,0.29965392
1223,CSS J224526.3+113812,2MASS 22452633+1138124,2719152148809707008,WISEA J224526.32+113812.4,,341.35964862426067,11.636793039560432,1210.3762588001025,,4.82,0.17,-0.298,13.730914,456.6366,14.432007,133.76416,12.919268,155.5418,11.843,0.023,11.208,0.031,11.013,0.025,10.966,0.023,10.93,0.021,10.902,0.122,8.637,,,,,,,,,,AAA,0000,AABU,SSG,SSG,,,,,,,,,,,,,,,
1224,CSS J220908.3+054921,2MASS 22090832+0549215,2720388790153090560,WISEA J220908.32+054921.4,,332.2846747831725,5.822626652264409,1488.7894113272002,,0.22,0.28,-0.1199,14.021708,407.80902,14.55273,115.32916,13.32276,133.61133,12.355,0.024,11.801,0.024,11.677,0.024,11.67,0.022,11.677,0.022,11.405,0.195,8.89,,,,,,,,,,AAA,0000,AABU,RS,SSG,,,,,,,,,,,,,,,
1225,ZTF J215844.41+064848.3,2MASS 21584439+0648481,2721601341024864640,WISEA J215844.40+064848.1,,329.6850536351414,6.813401856454083,882.2112118735851,,17.23,0.15,-0.7732,12.871473,324.96988,13.470871,95.90946,12.126599,114.64823,11.595,0.023,10.974,0.022,10.821,0.023,10.431,0.023,10.456,0.021,10.345,0.071,9.051,,,,,,,,,,AAA,0000,AAAU,RS,SSG,,,,,,,,,,,,,,,
1226,CSS J222120.0+083146,2MASS 22212003+0831460,2722677526685594752,WISEA J222120.04+083145.8,GALEX J222120.0+083146,335.3335156860701,8.529398435380452,1362.1898998889494,,6.54,0.2,-0.5762,14.222452,294.70108,14.753903,84.89765,13.526854,110.37011,12.722,0.024,12.165,0.023,12.047,0.024,11.845,0.023,11.841,0.022,11.512,0.184,8.863,,,,20.39900016784668,0.1199999973177909,,,,,AAA,0000,AABU,RS,SSG,,,,,,,,,,,,,,,
1227,CSS J222113.5+112336,2MASS 22211360+1123362,2724583663235859200,WISEA J222113.60+112336.2,,335.30670033746617,11.39339748408996,1027.3267728241217,,13.5,0.21,,14.280621,137.31512,14.931184,43.679638,13.474955,50.324127,12.373,0.023,11.77,0.025,11.592,0.028,11.476,0.023,11.452,0.021,11.371,0.208,8.735,,,,,,,,,,AAA,0000,AABU,SSG,SSG,,,,,,,,,,,,,,,
1228,ZTF J215119.76+082607.0,2MASS 21511974+0826067,2725054224148577408,WISEA J215119.76+082606.9,,327.832350336087,8.435265764949092,1871.5326543675671,,13.54,0.14,-0.4791,14.6098995,487.1164,15.067966,131.23692,13.980758,178.77513,13.143,0.024,12.706,0.028,12.608,0.026,12.548,0.024,12.582,0.024,12.133,,8.962,,,,,,,,,,AAA,0000,AAUU,RS,SSG,,,,,,,,,,,,,,,
1229,CSS J215419.6+085146,2MASS 21541967+0851460,2725176373018200704,WISEA J215419.68+085145.8,GALEX J215419.7+085145,328.5820521480406,8.862769202698207,1751.4904507461918,,10.32,0.13,-0.0928,15.31175,132.79092,15.91336,30.008162,14.555971,44.91164,13.478,0.026,12.91,0.033,12.766,0.033,12.681,0.024,12.692,0.026,12.077,0.404,8.63,,,,22.37649917602539,0.4330999851226806,,,,,AAA,0000,AACU,SSG,SSG,,,,,,,,,,,,,,,
1230,ZTF J222550.53+131511.6,2MASS 22255052+1315117,2731236705016296320,WISEA J222550.52+131511.6,GALEX J222550.5+131513,336.46055308889646,13.253219392232465,1402.1201512826997,,3.16,0.24,,14.73385,253.6591,15.385906,71.60518,13.934589,83.172066,12.765,0.023,12.185,0.022,12.001,0.023,11.994,0.023,11.943,0.023,11.656,0.226,8.893,,,,22.116199493408203,0.3409000039100647,,,,,AAA,0000,AABU,SSG,SSG,,,,,,,,,,,,,,,
1231,V0660 Peg,2MASS 22502402+1431427,2732196647386784128,WISEA J225024.01+143142.3,GALEX J225023.9+143143,342.600045294256,14.528358887268585,275.56276572978896,,18.14,0.13,-0.0428,10.356765,211.39125,10.957355,60.686306,9.618976,81.83257,8.455,0.024,7.895,0.017,7.748,0.031,7.757,0.027,7.803,0.019,7.696,0.018,7.557,0.144,20.11989974975586,0.1473,17.522499084472656,0.026300000026822,,,,,AAA,0000,AAAB,RS,SSG,,,,,,,,,,,,,,,
1232,ZTF J222523.66+171634.3,2MASS 22252369+1716345,2737497152426372352,WISEA J222523.68+171634.4,GALEX J222523.7+171635,336.34864276257935,17.276207218374587,1508.2907646200424,,7.92,0.16,-0.2472,14.845522,148.8586,15.504408,39.489082,14.071592,48.468704,12.899,0.02,12.29,0.022,12.16,0.025,12.051,0.023,12.043,0.022,11.958,0.301,8.92,,,,22.036800384521484,0.3183999955654144,,,,,AAA,hh00,AABU,SSG,SSG,,,,,,,,,,,,,,,
1233,ASAS J000606+0345.1,2MASS 00060611+0345068,2741569502977245568,WISEA J000606.11+034506.8,GALEX J000606.0+034506,1.525459549771244,3.7519043569957296,1741.6559292967754,,53.9,0.06,-0.0072,12.623267,589.0009,13.170886,173.57942,11.925289,241.58772,11.074,0.024,10.49,0.025,10.359,0.019,10.273,0.023,10.331,0.019,10.166,0.07,8.9,,,,20.26059913635254,0.1579000055789947,,,,,AAA,0000,AAAU,RS,RS,,,,,,,,,,,,,,,
1234,ZTF J000216.58+055915.0,2MASS 00021659+0559150,2745167586059626240,WISEA J000216.59+055914.9,GALEX J000216.6+055916,0.5691309818365136,5.987476737168267,732.0898663397151,,6.46,0.12,-0.0095,11.980086,727.3604,12.50053,217.3682,11.284694,276.9711,10.376,0.026,9.851,0.03,9.718,0.018,9.655,0.024,9.674,0.02,9.638,0.043,8.814,,21.75639915466309,0.4504,18.90439987182617,0.0716999992728233,,,,,AAA,0000,AAAU,cut,RS,,,,,,,,,,,,,,,
1235,ZTF J000436.80+072117.9,2MASS 00043680+0721178,2745853857410858496,WISEA J000436.79+072117.8,,1.1533333919465616,7.354961533080039,1723.8744234586363,,2.14,0.16,-0.1285,15.47102,372.40955,16.125694,99.65862,14.673594,123.49542,13.604,0.028,12.926,0.032,12.77,0.029,12.69,0.025,12.64,0.026,11.83,0.338,8.836,,,,,,,,,,AAA,0000,AABU,SSG,SSG,,,,,,,,,,,,,,,
1236,ZTF J000146.98+093917.0,2MASS 00014698+0939169,2753192410330966912,WISEA J000146.98+093916.8,,0.4458006553990181,9.654690141456753,1941.7291854634311,,22.03,0.4,-0.2791,15.088116,308.79013,15.7683,77.82326,14.262822,120.18112,13.061,0.024,12.375,0.032,12.258,0.022,12.269,0.023,12.276,0.024,11.875,,8.434,,,,,,,,,,AAA,00P0,AAUU,SSG,SSG,,,,,,,,,,,,,,,
1237,FH Psc,2MASS 00220343+1303351,2755776743691972736,WISEA J002203.44+130334.9,GALEX J002203.4+130335,5.514343274006782,13.059699069900237,527.3248244119919,,34.62,0.22,-0.0635,9.860847,598.6779,10.484492,173.48883,9.104849,195.92784,8.068,0.027,7.489,0.021,7.329,0.02,7.223,0.039,7.329,0.02,7.234,0.019,7.141,0.114,21.606300354003903,0.3453,17.701200485229492,0.0287999995052814,,,,,AAA,0000,AAAB,cut,SSG,34.73555992357602,0.0035875104,0.0113464665598287,0.0053575006,27.794130581952913,0.20280434,,,SB1,0.5769876,0.60867834,0.6393217,0.66903716,0.69792265,0.7260594
1238,ZTF J234730.20+073155.2,2MASS 23473020+0731551,2758525694560727808,WISEA J234730.20+073155.1,,356.8758736566306,7.531988744706818,1633.6081340991122,,8.56,0.38,-0.0079,14.231154,517.87103,14.753169,136.48018,13.553029,174.30098,12.691,0.025,12.115,0.027,12.067,0.024,12.058,0.023,12.058,0.024,12.437,0.482,8.479,,,,,,,,,,AAA,0000,AACU,RS,RS,,,,,,,,,,,,,,,
1239,ZTF J234713.20+091116.3,2MASS 23471318+0911163,2758980720576072192,WISEA J234713.19+091116.3,GALEX J234713.1+091116,356.8050130538522,9.187849429734262,1535.0294309090764,,1.06,0.23,0.134,14.294012,1702.4657,14.769564,408.21585,13.662464,551.93536,12.889,0.021,12.551,0.03,12.377,0.025,12.358,0.023,12.402,0.025,12.061,0.346,9.081,,,,21.50919914245605,0.4704999923706054,,,,,AAA,0000,AABU,RS,RS,,,,,,,,,,,,,,,
1240,ZTF J234835.71+102134.8,2MASS 23483570+1021351,2760254539157012480,WISEA J234835.70+102134.9,GALEX J234835.7+102135,357.1487978533253,10.359666470035044,1461.7427192179157,,8.49,0.15,-0.2882,14.345184,598.5418,14.830954,189.06242,13.684185,205.34006,12.836,0.025,12.335,0.03,12.21,0.023,12.108,0.024,12.108,0.023,11.772,,8.403,,,,20.68120002746582,0.2018000036478042,,,,,AAA,0000,AAUU,RS,SSG,,,,,,,,,,,,,,,
1241,ZTF J001902.45+142647.9,2MASS 00190246+1426477,2768246717379385984,WISEA J001902.45+142647.7,,4.760229144375675,14.446607945708717,1164.9439432030613,,6.59,0.12,0.0176,13.889178,294.36835,14.520117,88.35414,13.1141615,107.56846,12.118,0.023,11.492,0.021,11.356,0.02,11.321,0.023,11.278,0.022,11.082,0.179,8.176,,,,,,,,,,AAA,0000,AABU,SSG,SSG,,,,,,,,,,,,,,,
1242,ZTF J004142.53+115904.4,2MASS 00414253+1159044,2775565719608983680,WISEA J004142.53+115904.3,GALEX J004142.4+115904,10.42723270094958,11.984528266033813,1942.587006485557,,29.2,0.22,,14.648907,959.6623,15.180563,257.07892,13.949693,338.26016,13.053,0.027,12.441,0.032,12.348,0.022,12.384,0.023,12.387,0.024,11.723,0.288,8.935,,,,20.76259994506836,0.3190999925136566,,,,,AAA,0000,AABU,RS,RS,,,,,,,,,,,,,,,
1243,NSVS 9147330,2MASS 00430541+1237034,2775997518440867456,WISEA J004305.44+123703.1,GALEX J004305.4+123704,10.772757915584153,12.617522591828669,529.0782184253761,,7.18,0.3,,12.31124,688.3754,12.941525,252.44531,11.537599,257.75122,10.415,0.026,9.799,0.032,9.648,0.02,9.613,0.023,9.611,0.02,9.531,0.044,8.811,,,,19.716100692749023,0.1067999973893165,,,,,AAA,0000,AAAU,RS,RS,,,,,,,,,,,,,,,
1244,FP Psc,2MASS 00434887+1846525,2783161798769417600,WISEA J004348.89+184652.4,GALEX J004348.9+184651,10.95375575392752,18.781209080947175,440.446366170319,,13.74,0.16,-0.0537,10.737971,1104.0114,11.317969,341.36566,10.005177,377.89462,8.956,0.02,8.393,0.024,8.281,0.018,8.242,0.023,8.221,0.02,8.106,0.02,8.685,0.413,21.57659912109375,0.3761,17.403200149536133,0.0305000003427267,,,,,AAA,0000,AAAC,RS,SSG,13.511134300058586,0.004916206,0.0618401926709361,0.027795665,13.286696026381632,0.40856788,,,SB1,0.1641549,0.1743576,0.18424171,0.19384293,0.2031905,0.21230884
1245,CSS J010231.9+160301,2MASS 01023192+1603017,2784365935799633536,WISEA J010231.92+160301.6,GALEX J010231.9+160301,15.633038310984151,16.05044281313454,1681.1442962114795,,44.84,0.17,-0.1002,13.670708,113.48821,14.322676,31.43631,12.868948,41.557182,11.695,0.024,11.062,0.03,10.919,0.019,10.909,0.023,10.889,0.02,10.725,0.094,9.068,,,,21.23870086669922,0.2662999927997589,,,,,AAA,0000,AAAU,RS,SSG,,,,,,,,,,,,,,,
1246,HI Psc,2MASS 01221543+2021302,2787316406533332608,WISEA J012215.46+202130.3,GALEX J012215.5+202130,20.564497006895344,20.358420924489728,261.0360252500863,,10.23,0.14,-0.3193,9.307123,473.27466,9.747826,151.06996,8.678365,172.3391,7.969,0.018,7.412,0.016,7.282,0.02,7.126,0.035,7.175,0.019,7.121,0.017,6.895,0.091,18.69300079345703,0.0845,14.329500198364258,0.0065000001341104,,,,,AAA,0000,AAAA,RS,RS,,,,,,,,,,,,,,,
1247,ZTF J005851.24+214610.2,2MASS 00585124+2146101,2791414904845325696,WISEA J005851.24+214610.1,GALEX J005851.2+214611,14.71354863153855,21.76948105871493,1879.191252862364,,13.48,0.09,-0.424,15.200765,233.8162,15.7358055,65.28647,14.497979,90.62221,13.655,0.023,13.031,0.025,12.97,0.031,12.908,0.025,12.909,0.027,12.551,,8.864,,22.44499969482422,0.4267,22.26740074157715,0.3488000035285949,,,,,AAA,0000,AAUU,RS,SSG,,,,,,,,,,,,,,,
1248,ZTF J000707.70+194737.8,2MASS 00070770+1947376,2798131031105732480,WISEA J000707.70+194737.7,GALEX J000707.7+194738,1.7821047418390932,19.79383068734378,1449.0002470746888,,7.74,0.09,,13.865578,642.06525,14.550542,186.75694,13.059379,249.25545,11.886,0.023,11.281,0.031,11.115,0.023,11.051,0.023,11.031,0.022,10.827,0.098,9.121,,,,20.854700088500977,0.1647000014781952,,,,,AAA,0000,AAAU,SSG,SSG,,,,,,,,,,,,,,,
1249,ZTF J002714.96+220829.6,2MASS 00271495+2208297,2799883790079165184,WISEA J002714.96+220829.6,GALEX J002714.9+220829,6.812347531982749,22.141566853383228,1264.385631706671,,10.68,0.15,-0.2403,13.343893,329.332,13.957783,92.75631,12.578265,118.93198,11.477,0.021,10.878,0.019,10.714,0.019,10.715,0.023,10.726,0.02,10.561,0.092,8.951,,,,20.55340003967285,0.1307999938726425,,,,,AAA,0000,AAAU,RS,SSG,,,,,,,,,,,,,,,
1250,ASAS J004959+2244.0,2MASS 00495900+2244003,2802310343522221184,WISEA J004959.00+224400.2,,12.495822620222825,22.733370714465345,748.4590900987768,,40.94,0.11,-0.0688,11.772579,576.9842,12.225072,180.36423,11.148872,231.0598,10.349,0.02,9.902,0.02,9.837,0.018,9.793,0.023,9.836,0.02,9.709,0.043,8.512,,,,,,,,,,AAA,0000,AAAU,RS,RS,,,,,,,,,,,,,,,
1251,FO Psc,2MASS 00413447+2118025,2802409673230418816,WISEA J004134.47+211802.3,GALEX J004134.4+211803,10.393624788830309,21.300643098482123,311.47870449398243,,2.94,0.08,-0.0996,9.309124,550.68365,9.803251,184.73038,8.642438,193.13252,7.79,0.023,7.303,0.026,7.192,0.021,6.987,0.046,7.11,0.021,7.042,0.016,6.926,0.114,20.74799919128418,0.241,15.458100318908691,0.0130000002682209,,,,,AAA,0000,AAAB,cut,RS,,,,,,,,,,,,,,,
1252,CSS J231304.9+120115,2MASS 23130499+1201153,2811568987342605696,WISEA J231304.99+120115.2,GALEX J231305.0+120115,348.27076639911104,12.02088508192296,1775.8023427927458,,3.31,0.18,-0.5512,14.724776,190.75824,15.326488,56.7465,13.973175,75.87221,13.012,0.026,12.347,0.022,12.312,0.03,12.137,0.024,12.149,0.023,11.613,0.286,8.973,,,,21.81599998474121,0.2728999853134155,,,,,AAA,0000,AABU,RS,SSG,,,,,,,,,,,,,,,
1253,ZTF J231801.80+125225.6,2MASS 23180179+1252255,2812083112107601920,WISEA J231801.80+125225.5,,349.507527085103,12.87376258647104,1951.522787076049,,5.27,0.16,-0.2675,14.346341,456.66095,14.860079,134.89821,13.592161,196.35394,12.664,0.022,12.106,0.018,11.998,0.023,11.926,0.023,11.924,0.022,11.832,0.26,9.141,,,,,,,,,,AAA,0000,AABU,cut,SSG,,,,,,,,,,,,,,,
1254,ZTF J230416.57+155455.5,2MASS 23041656+1554557,2816870729332770176,WISEA J230416.57+155455.5,,346.06907589032824,15.915428235731056,710.1310974783303,,2.83,0.25,-0.2303,13.1369915,257.074,13.786623,81.03706,12.344303,99.646866,11.19,0.021,10.547,0.027,10.43,0.018,10.31,0.023,10.297,0.02,10.203,0.064,8.761,,,,,,,,,,AAA,0000,AAAU,SSG,SSG,,,,,,,,,,,,,,,
1255,ZTF J231853.61+162123.7,2MASS 23185362+1621239,2817656364750603392,WISEA J231853.61+162123.7,GALEX J231853.6+162124,349.7233952406726,16.356575824205123,1474.4177175679908,,4.15,0.09,-0.3508,14.488486,607.5532,15.044134,169.40648,13.772538,224.42125,12.831,0.023,12.26,0.021,12.152,0.024,12.147,0.024,12.119,0.023,12.023,0.292,9.022,,,,21.293399810791016,0.2266999930143356,,,,,AAA,0000,AABU,RS,SSG,,,,,,,,,,,,,,,
1256,ZTF J234239.38+164826.6,2MASS 23423936+1648265,2819953966095915520,WISEA J234239.38+164826.5,GALEX J234239.3+164826,355.66410195355814,16.80737282157395,1248.709077512518,,14.06,0.11,-0.0089,13.392694,510.64975,13.975457,149.12305,12.661568,194.02982,11.798,0.022,11.202,0.021,11.076,0.02,10.896,0.024,10.925,0.021,10.896,0.111,9.091,,,,20.72800064086914,0.1160999983549118,,,,,AAA,0000,AABU,RS,SSG,,,,,,,,,,,,,,,
1257,ZTF J234831.91+180531.3,2MASS 23483189+1805311,2821643331352794880,WISEA J234831.90+180531.1,GALEX J234831.8+180531,357.1329645342645,18.091979420146092,1755.1220922816008,,4.73,0.3,-1.2304,14.592188,443.10187,15.207088,123.60058,13.827168,164.24664,12.87,0.024,12.237,0.028,12.103,0.025,11.985,0.024,11.991,0.023,12.069,0.329,8.711,,,,21.80010032653809,0.2425000071525573,,,,,AAA,0000,AABU,RS,SSG,,,,,,,,,,,,,,,
1258,ZTF J232104.77+182144.4,2MASS 23210477+1821447,2824885894222185856,WISEA J232104.78+182144.4,GALEX J232104.7+182144,350.26990911294547,18.36233064618674,1489.5135929412777,,1.11,0.12,-0.2194,14.44995,1267.5742,14.950608,286.6181,13.786229,389.13123,12.956,0.023,12.421,0.023,12.334,0.023,12.28,0.024,12.287,0.024,12.302,,9.11,,,,21.480899810791016,0.2333000004291534,,,,,AAA,0000,AAUU,RS,SSG,,,,,,,,,,,,,,,
1259,ZTF J234212.68+224736.3,2MASS 23421267+2247361,2827093060735687040,WISEA J234212.67+224736.2,GALEX J234212.6+224735,355.55284447184385,22.793405599229093,963.8301740196566,,22.39,0.14,,13.729182,275.259,14.310917,81.811714,12.986776,104.76811,12.17,0.023,11.604,0.021,11.424,0.019,11.244,0.024,11.248,0.021,11.249,0.155,9.028,,,,20.67090034484864,0.1282999962568283,,,,,AAA,0000,AABU,RS,RS,,,,,,,,,,,,,,,
1260,ZTF J233525.93+224102.5,2MASS 23352593+2241023,2827792212692106752,WISEA J233525.93+224102.5,GALEX J233526.0+224104,353.8580576884772,22.68403346277537,1567.3372707443684,,24.07,0.18,-0.2281,14.507443,801.26385,15.120933,239.08678,13.755195,312.8917,12.715,0.022,12.114,0.023,12.018,0.023,11.975,0.023,11.988,0.022,11.9,0.279,8.971,,,,21.51729965209961,0.2495999932289123,,,,,AAA,0000,AABU,RS,SSG,,,,,,,,,,,,,,,
1261,IM Peg,2MASS 22530226+1650282,2829193299742131328,WISEA J225302.28+165028.3,GALEX J225302.2+165028,343.25934495052536,16.841072624587767,98.37179786742075,,24.44,0.25,-0.4551,5.7059317,178.17517,6.325753,55.631996,4.9253426,57.103775,3.929,0.338,3.398,0.246,3.253,0.324,2.316,,2.857,0.533,3.058,0.007,2.963,0.021,15.942999839782717,0.0204,13.422599792480469,0.0031999999191612,,,,,DDD,0h00,UCAA,cut,SSG,,,,,,,,,,,,,,,
1262,ZTF J224743.67+162900.1,2MASS 22474367+1629000,2829453643479831168,WISEA J224743.67+162900.0,,341.931967087584,16.483349325210288,1365.000715810246,,15.07,0.2,-0.5752,15.43847,201.02025,16.006231,55.757042,14.675503,72.49904,13.647,0.022,13.061,0.027,12.962,0.025,12.917,0.025,12.86,0.027,12.188,,8.737,,,,,,,,,,AAA,0000,AAUU,cut,SSG,,,,,,,,,,,,,,,
1263,CSS J224947.0+173133,2MASS 22494696+1731331,2829667532851174656,WISEA J224946.96+173133.0,,342.445656795662,17.52583135957099,1337.4461717614877,,1.17,0.2,-0.1896,14.336851,419.57214,14.974374,117.75343,13.555309,174.15242,12.429,0.021,11.786,0.019,11.653,0.02,11.568,0.023,11.554,0.021,11.306,0.163,8.815,,,,,,,,,,AAA,0000,AABU,SSG,SSG,,,,,,,,,,,,,,,
1264,CSS J225306.7+180944,2MASS 22530670+1809443,2830180042708758144,WISEA J225306.71+180944.0,GALEX J225306.7+180945,343.2779646504326,18.16221833606325,1110.1996166180236,,7.44,0.21,-0.1082,13.99443,291.36874,14.623801,77.621666,13.2382555,88.45934,12.181,0.021,11.596,0.016,11.473,0.019,11.423,0.023,11.406,0.022,11.177,0.153,8.425,,,,21.72590065002441,0.2581999897956848,,,,,AAA,0000,AABU,SSG,SSG,,,,,,,,,,,,,,,
1265,KU Peg,2MASS 23052926+2600333,2843686649704153216,WISEA J230529.32+260033.4,GALEX J230529.3+260033,346.37223147047314,26.00927898167389,248.13854708853376,,23.9,0.29,-0.4793,7.3172154,1115.943,7.9177203,339.00522,6.5733566,336.1678,5.571,0.021,5.026,0.036,4.865,0.015,4.779,0.202,4.673,0.108,4.789,0.014,4.705,0.028,18.097299575805664,0.0498,14.751700401306152,0.0076000001281499,,,,,AEA,0000,BAAA,cut,RS,,,,,,,,,,,,,,,
1266,EZ Peg,2MASS 23165334+2543102,2844189676273462400,WISEA J231653.29+254310.2,GALEX J231653.3+254310,349.2219329109453,25.71953342461029,163.09131384266612,,11.68,0.23,-0.8324,9.229718,536.06055,9.714948,172.69876,8.557677,176.86806,7.546,0.02,7.058,0.033,6.885,0.018,6.908,0.063,6.891,0.02,6.806,0.017,6.609,0.066,19.679000854492188,0.1139,15.047800064086914,0.0081000002101063,,,,,AAA,0000,AAAA,RS,SSG,11.66,0.0,0.0,0.0,24.5,0.0,24.3,0.0,SB2,1.008230453,1.109053498,1.209876543,1.310699588,1.411522634,1.512345679
1267,CSS J231615.5+265930,2MASS 23161556+2659298,2844938306252760960,WISEA J231615.57+265929.8,GALEX J231615.5+265930,349.06486069439853,26.99160098273021,1079.4384771448756,,10.09,0.29,,13.886262,566.86725,14.495762,182.5688,13.128511,195.42618,11.957,0.023,11.386,0.021,11.173,0.022,11.055,0.022,11.026,0.021,10.934,0.14,8.934,,,,20.874000549316406,0.1449999958276748,,,,,AAA,0000,AABU,RS,RS,,,,,,,,,,,,,,,
1268,ZTF J231453.74+281853.7,2MASS 23145374+2818539,2845838355302731392,WISEA J231453.74+281853.8,GALEX J231453.7+281854,348.7239552933118,28.314929293554783,1071.236576308027,,19.28,0.28,0.2312,14.190905,411.05865,14.851369,124.1937,13.403667,149.75037,12.38,0.021,11.811,0.023,11.624,0.02,11.577,0.021,11.625,0.021,11.53,0.248,8.925,,,,22.43160057067871,0.3528999984264374,,,,,AAA,0000,AABU,SSG,SSG,,,,,,,,,,,,,,,
1269,ZTF J000808.57+243951.6,2MASS 00080857+2439518,2849876625289185536,WISEA J000808.57+243951.6,,2.0357303007219603,24.66433330853263,1188.4032552952972,,35.29,0.18,-0.1045,12.865785,925.9053,13.404171,255.71616,12.176953,356.0405,11.332,0.023,10.818,0.028,10.721,0.024,10.611,0.024,10.671,0.021,10.622,0.097,9.126,,,,,,,,,,AAA,0000,AAAU,RS,SSG,,,,,,,,,,,,,,,
1270,ZTF J234805.95+261503.9,2MASS 23480593+2615037,2852909314581099520,WISEA J234805.94+261503.8,GALEX J234805.9+261503,357.0247846159877,26.251075356870853,575.8260590315442,,0.92,0.16,-0.0615,12.613277,633.35986,13.163922,190.48322,11.903701,231.9041,11.133,0.02,10.57,0.023,10.436,0.02,10.217,0.023,10.243,0.019,10.087,0.053,8.757,,,,19.650400161743164,0.0630000010132789,,,,,AAA,0000,AAAU,RS,SSG,,,,,,,,,,,,,,,
1271,ZTF J235059.77+265643.0,2MASS 23505979+2656431,2854458943077603840,WISEA J235059.78+265643.0,GALEX J235059.8+265643,357.74910137674453,26.94526996660912,1636.9139814184211,,1.58,0.12,-0.1598,13.440663,490.9919,14.008093,139.71622,12.717949,178.15843,11.83,0.02,11.253,0.019,11.108,0.02,11.006,0.023,11.018,0.02,10.728,0.092,8.699,,,,20.31130027770996,0.1058999970555305,,,,,AAA,0000,AAAU,RS,SSG,,,,,,,,,,,,,,,
1272,ZTF J003716.78+315144.8,2MASS 00371679+3151447,2859486253836730880,WISEA J003716.79+315144.7,,9.31996845135842,31.86243472100232,1922.853218292647,,7.93,0.17,0.2058,15.433916,488.4417,15.966572,122.5204,14.745313,174.77904,13.961,0.028,13.417,0.031,13.326,0.036,13.179,0.025,13.189,0.029,11.982,,8.888,,,,,,,,,,AAA,hh00,AAUU,RS,SSG,,,,,,,,,,,,,,,
1273,ZTF J001556.74+335317.3,2MASS 00155673+3353172,2863714254002754944,WISEA J001556.74+335317.2,GALEX J001556.7+335317,3.986453769031975,33.88811561960009,1350.3896748276927,,6.63,0.15,,14.797396,371.35483,15.387027,95.02709,14.0442915,144.40552,12.954,0.023,12.397,0.037,12.246,0.024,12.19,0.022,12.186,0.022,12.164,0.35,8.539,,,,22.04829978942871,0.1965000033378601,,,,,AAA,0000,AABU,SSG,SSG,,,,,,,,,,,,,,,
1274,TYC 2268-394-1,2MASS 00170095+3357232,2863718480249911296,WISEA J001700.93+335723.1,GALEX J001700.9+335723,4.25383087030513,33.95639532272717,361.39384133036936,,2.62,0.14,0.0505,11.080325,406.86487,11.698124,120.74388,10.323891,147.52168,9.342,0.023,8.745,0.047,8.594,0.019,8.504,0.022,8.558,0.02,8.428,0.024,8.557,0.31,21.327299118041992,0.2332,18.68540000915528,0.0230000000447034,No,Absorption,TBD,Normal Emission,AAA,0000,AAAB,RS,SSG,,,,,,,,,,,,,,,
1275,V0486 And,2MASS 00212299+3342371,2863827091383419264,WISEA J002123.01+334237.0,GALEX J002123.0+334237,5.345922980933251,33.71027915698506,268.40634675104656,,8.35,0.14,-0.0385,10.503868,591.1033,11.037126,180.10864,9.807009,232.27289,8.968,0.027,8.419,0.021,8.254,0.018,8.159,0.023,8.156,0.02,8.092,0.02,8.007,0.201,19.63789939880371,0.1061,17.064599990844727,0.0203000009059906,,,,,AAA,0h00,AAAB,RS,SSG,7.1452097075799355,0.0009490202,0.1906795091592138,0.06872013,14.98730457367478,1.4623773,,,SB1,0.14571406,0.15482435,0.16365133,0.17222668,0.1805764,0.1887221
1276,ZTF J234953.59+290345.4,2MASS 23495362+2903456,2867000041423667840,WISEA J234953.60+290345.3,,357.473336615873,29.062605273203204,843.995812609979,,11.64,0.15,-0.1705,12.83162,732.70056,13.321665,207.4926,12.175168,295.15244,11.265,0.022,10.806,0.024,10.731,0.022,10.704,0.022,10.748,0.021,10.498,0.089,8.775,,,,,,,,,,AAA,0000,AAAU,RS,RS,,,,,,,,,,,,,,,
1277,ZTF J235240.40+310945.8,2MASS 23524040+3109459,2868410543043370880,WISEA J235240.40+310945.7,GALEX J235240.3+310945,358.16836345300413,31.1627150159363,1835.8530080041369,,0.91,0.3,-0.1482,15.073523,561.57764,15.6361885,158.82974,14.354762,212.46646,13.399,0.029,12.936,0.028,12.793,0.027,12.758,0.023,12.779,0.025,12.426,,9.295,,,,21.478700637817383,0.3707999885082245,,,,,AAA,0000,AAUU,RS,SSG,,,,,,,,,,,,,,,
1278,ZTF J232918.04+311215.2,2MASS 23291802+3112154,2870652378533709568,WISEA J232918.03+311215.2,GALEX J232918.0+311215,352.3251851398031,31.204218684486275,719.6278562653168,,7.85,0.41,-0.2202,13.453441,259.69757,14.133771,80.75051,12.655885,108.22129,11.466,0.026,10.863,0.03,10.696,0.019,10.692,0.021,10.695,0.02,10.549,0.087,8.85,0.495,,,21.152299880981445,0.2676999866962433,,,,,AAA,0000,AAAC,SSG,SSG,,,,,,,,,,,,,,,
1279,ZTF J232633.21+315322.8,2MASS 23263320+3153229,2870933097595863552,WISEA J232633.20+315322.7,,351.63840022125805,31.889645171908928,709.7176616554601,,11.78,0.4,-0.2547,12.786315,466.42865,13.401313,152.77731,12.029743,169.62712,10.871,0.021,10.312,0.015,10.128,0.017,10.099,0.022,10.108,0.02,10.018,0.056,9.025,,,,,,,,,,AAA,0000,AAAU,RS,SSG,,,,,,,,,,,,,,,
1280,CSS J233142.5+320543,2MASS 23314257+3205437,2872252992585810688,WISEA J233142.56+320543.4,GALEX J233142.5+320542,352.92736130012133,32.09537629696947,1053.9787647791798,,11.67,0.27,,14.2101555,496.88925,14.863884,158.1812,13.426592,205.59836,12.4,0.02,11.783,0.023,11.645,0.022,11.61,0.024,11.609,0.022,11.161,0.147,9.204,,,,21.84980010986328,0.4126999974250793,,,,,AAA,0000,AABU,SSG,SSG,,,,,,,,,,,,,,,
1281,GSC 02769-00149,2MASS 23320460+3227562,2872290960096779904,WISEA J233204.61+322756.2,GALEX J233204.6+322756,353.0192713720215,32.46560945921535,576.4521875151638,,7.84,0.28,-0.3041,11.940286,300.792,12.626438,85.81466,11.107614,108.666695,9.852,0.02,9.252,0.021,9.056,0.014,8.982,0.023,8.937,0.019,8.826,0.026,8.677,0.361,21.66830062866211,0.3644,19.167400360107425,0.0636999979615211,Yes,Emission,Normal Emission,Normal Emission,AAA,0000,AAAC,SSG,SSG,,,,,,,,,,,,,,,
1282,CSS J234034.2+344236,2MASS 23403430+3442365,2873008769391312512,WISEA J234034.30+344236.4,,355.1429370397863,34.710140391468116,1575.0490680090336,,5.12,0.21,-0.1301,14.904976,259.63696,15.576453,72.26088,14.087928,95.38584,13.028,0.029,12.403,0.033,12.246,0.025,12.138,0.023,12.116,0.023,12.348,0.464,9.017,,,,,,,,,,AAA,0000,AACU,SSG,SSG,,,,,,,,,,,,,,,
1283,CSS J000131.5+324913,2MASS 00013148+3249135,2874226134920416512,WISEA J000131.49+324913.4,,0.3812659603667289,32.8204141048091,1238.205311895188,,13.05,0.14,,14.713337,1309.7709,15.32321,328.0042,13.964381,487.91382,13.044,0.027,12.453,0.019,12.35,0.026,12.238,0.023,12.227,0.021,12.123,0.29,9.127,,,,,,,,,,AAA,0000,AABU,SSG,SSG,,,,,,,,,,,,,,,
1284,CSS J235152.6+342725,2MASS 23515262+3427251,2878050614319122048,WISEA J235152.62+342725.0,GALEX J235152.6+342725,357.96929318021256,34.45695332737005,1155.59310791802,,7.24,0.17,-0.1297,14.268766,569.5801,14.830037,166.62766,13.553901,198.26764,12.655,0.019,12.101,0.019,11.981,0.021,11.853,0.024,11.874,0.022,12.369,0.336,8.921,,,,21.65180015563965,0.2653999924659729,,,,,AAA,0000,AABU,RS,SSG,,,,,,,,,,,,,,,
1285,ZTF J235655.52+362529.6,2MASS 23565549+3625296,2878832435806029568,WISEA J235655.51+362529.6,GALEX J235655.5+362530,359.2313369128205,36.42489975433974,1573.846609624442,,2.41,0.35,-0.7963,14.414647,883.57166,14.9483385,324.10617,13.702161,310.48413,12.785,0.022,12.29,0.025,12.108,0.023,12.106,0.024,12.122,0.023,11.596,0.219,9.016,,,,21.54010009765625,0.2520999908447265,,,,,AAA,0000,AABU,cut,SSG,,,,,,,,,,,,,,,
1286,GSC 02781-01010,2MASS 00073253+3806585,2880679649700656128,WISEA J000732.53+380658.4,,1.885543625413914,38.11619566730445,791.8896373703914,,41.61,0.27,,11.552549,751.2153,12.162031,387.01926,10.777923,538.8198,9.756,0.023,9.161,0.023,9.009,0.018,8.972,0.022,9.012,0.019,8.907,0.027,8.544,,,,,,,,,,AAA,0h00,AAAU,cut,RS,47.1759983163261,0.019819055,0.4322578342202077,0.01432145,21.12609314997553,0.50350815,,,SB1,0.4056617,0.4290703,0.45171803,0.47369143,0.4950613,0.51588655
1287,ZTF J000311.16+385513.2,2MASS 00031117+3855132,2881005998495586304,WISEA J000311.16+385513.2,,0.796550336798952,38.92034591681639,1292.4728398866926,,1.45,0.28,-0.1897,13.699906,563.87866,14.290569,178.35712,12.952461,182.62181,11.91,0.023,11.289,0.023,11.16,0.024,11.071,0.023,11.076,0.021,10.859,0.11,9.188,,,,,,,,,,AAA,0000,AABU,RS,SSG,,,,,,,,,,,,,,,
1288,BP Col,2MASS 06124357-3637552,2885015058409883136,WISEA J061243.58-363755.2,,93.18153033391108,-36.63200074609686,333.0919115320751,,10.3,0.22,-0.077,7.9492235,1385.5022,8.458257,302.01788,7.284538,377.6016,6.397,0.023,5.943,0.047,5.763,0.021,5.745,0.153,5.682,0.051,5.7,0.015,5.6,0.036,,,,,,,,,AAA,0000,BAAA,RS,RS,,,,,,,,,,,,,,,
1289,BM Col,2MASS 05404900-3124070,2902205579112451712,WISEA J054049.01-312407.2,,85.20424144617992,-31.4020348761324,359.15506096254103,,9.16,0.06,,8.281333,862.6984,8.840738,238.5734,7.568999,324.21448,6.747,0.024,6.15,0.031,6.006,0.017,5.932,0.103,5.897,0.043,5.87,0.014,5.78,0.038,,,,,,,,,AAA,0000,AAAA,RS,RS,,,,,,,,,,,,,,,
1290,NSV 2418,2MASS 05354316-2955416,2905582587340697984,WISEA J053543.15-295541.8,GALEX J053543.1-295541,83.92981672517358,-29.92827809212829,290.6231291776562,,3.1,0.07,-0.3607,9.524467,578.2064,10.030663,185.71379,8.859972,199.08481,8.006,0.024,7.544,0.042,7.383,0.023,7.289,0.035,7.346,0.02,7.274,0.018,6.987,0.071,19.417600631713867,0.1019,16.201900482177734,0.0142000000923872,,,,,AAA,0000,AAAA,RS,SSG,,,,,,,,,,,,,,,
1291,ASAS J063954-2840.8,2MASS 06395402-2840471,2918703613650536064,WISEA J063954.02-284047.0,,99.97511912114646,-28.67974399944855,1272.5388467917064,,22.23,0.19,-0.1318,12.481446,450.5034,13.063099,133.33525,11.756923,181.34897,10.995,0.023,10.389,0.025,10.225,0.022,10.053,0.023,10.084,0.02,9.915,0.051,8.455,,,,,,,,,,AAA,0000,AAAU,RS,SSG,22.25304507202207,0.0072902455,0.0459657919965734,0.046606615,32.19198958099514,0.89398193,,,SB1,0.57506174,0.60666376,0.6372215,0.66685414,0.6956592,0.7237177
1292,NSVS 15092298,2MASS 06272238-2007008,2939805956207978624,WISEA J062722.39-200700.7,GALEX J062722.3-200700,96.84331189922872,-20.116881916021953,1307.688839859292,,40.5,0.44,-0.0681,11.894422,438.31296,12.426547,134.79152,11.188629,157.63692,10.253,0.025,9.705,0.02,9.545,0.022,9.439,0.023,9.456,0.02,9.346,0.032,8.799,,21.00690078735352,0.3321,17.552499771118164,0.0357999987900257,,,,,AAA,0000,AAAU,RS,RS,61.61483346572357,0.033626825,0.5651203211554752,0.018880768,38.90594469509429,1.3066019,,,SB1,0.91962725,0.9657102,1.0102476,1.0534153,1.095357,1.1361927
1293,CSS J053145.1-180236,2MASS 05314519-1802369,2971255046776109440,WISEA J053145.20-180237.0,,82.93836819259923,-18.043625048150272,1912.6262074100312,,1.13,0.17,,12.864847,6206.4175,13.4497795,1151.0796,12.142041,2833.4207,11.203,0.028,10.62,0.022,10.487,0.024,10.406,0.023,10.501,0.02,10.397,0.061,8.798,,,,,,,,,,AAA,0000,AAAU,RS,RS,,,,,,,,,,,,,,,
1294,CSS J053217.9-155356,2MASS 05321795-1553567,2971806451856360832,WISEA J053217.96-155356.8,,83.07486858148505,-15.899131982523054,1536.3760578326464,,7.04,0.26,,15.348106,498.59958,15.993283,141.11108,14.552118,192.12418,13.48,0.026,12.839,0.028,12.728,0.03,12.67,0.024,12.615,0.025,12.566,0.524,8.917,,,,,,,,,,AAA,0000,AACU,SSG,SSG,,,,,,,,,,,,,,,
1295,CSS J054048.9-160455,2MASS 05404888-1604547,2971963922538496512,WISEA J054048.87-160454.6,,85.20365810672787,-16.081848502081815,791.1408843539821,,0.83,0.23,,13.154962,617.7125,13.664264,215.04858,12.450407,203.65004,11.307,0.026,10.723,0.025,10.594,0.021,10.581,0.022,10.527,0.02,10.377,0.075,8.252,,,,,,,,,,AAA,0000,AAAU,RS,RS,,,,,,,,,,,,,,,
1296,Gaia DR2 3068089482512577152,2MASS 07590544-0541439,3068089482512577152,WISEA J075905.44-054143.9,GALEX J075905.4-054142,119.77266966697124,-5.69556827359176,1171.678482818906,,6.8,0.2,-0.1522,14.26058,226.57323,14.8676,63.94204,13.504607,86.711296,12.413,0.023,11.831,0.024,11.696,0.023,11.702,0.023,11.701,0.022,11.728,0.246,8.757,,,,21.64119911193848,0.3393999934196472,,,,,AAA,0000,AABU,RS,SSG,,,,,,,,,,,,,,,
1297,CSS J083312.8-013203,2MASS 08331288-0132033,3073073156400935168,WISEA J083312.87-013203.6,,128.3036582200586,-1.5343217711717108,1810.4373346695984,,8.09,0.1,,14.585018,299.4813,15.067861,100.93825,13.918388,89.88959,13.009,0.027,12.455,0.024,12.305,0.026,12.197,0.024,12.173,0.023,12.139,0.35,8.794,,,,,,,,,,AAA,0000,AABU,RS,RS,,,,,,,,,,,,,,,
1298,ZTF J084525.63-012519.5,2MASS 08452565-0125195,3074013067044033920,WISEA J084525.64-012519.4,GALEX J084525.6-012519,131.35683298065692,-1.422109526355435,1515.1446245987588,,7.54,0.09,-0.1873,14.03013,846.54,14.556582,217.14114,13.331995,222.3802,12.296,0.024,11.789,0.025,11.654,0.023,11.612,0.022,11.624,0.022,11.375,0.184,9.002,,,,20.54850006103516,0.1337999999523162,,,,,AAA,hh00,AABU,RS,SSG,,,,,,,,,,,,,,,
1299,CSS J084417.0-003114,2MASS 08441705-0031143,3074895631283730816,WISEA J084417.04-003114.3,GALEX J084417.0-003113,131.07104563079153,-0.5206684162146263,1344.4272310659865,,7.21,0.11,-0.3099,14.317209,276.87924,14.94623,74.1487,13.544931,103.51846,12.663,0.026,12.022,0.025,11.847,0.024,11.632,0.022,11.586,0.021,11.604,0.223,9.04,,,,21.42510032653809,0.1900999993085861,,,,,AAA,0000,AABU,SSG,SSG,,,,,,,,,,,,,,,
1300,ZTF J082256.16-003531.5,2MASS 08225616-0035316,3077131930559767936,WISEA J082256.16-003531.5,GALEX J082256.1-003530,125.73400527490163,-0.5921038057946805,1932.4099656848,,17.05,0.12,,15.064871,241.9177,15.636045,76.6457,14.3343935,70.46042,13.321,0.028,12.711,0.026,12.597,0.03,12.423,0.024,12.438,0.025,11.373,,8.551,,,,21.88129997253418,0.3659000098705292,,,,,AAA,0000,AAUU,RS,RS,,,,,,,,,,,,,,,
1301,CSS J084038.0+035229,2MASS 08403805+0352300,3080159199604091648,WISEA J084038.05+035229.8,,130.15856726250857,3.874937810364008,772.9989865156791,,24.68,0.08,-0.0103,13.126326,703.58203,13.720312,204.72713,12.385444,226.08076,11.47,0.029,10.904,0.022,10.717,0.021,10.653,0.023,10.68,0.021,10.392,0.096,8.718,,,,,,,,,,AAA,0000,AAAU,SSG,SSG,,,,,,,,,,,,,,,
1302,ZTF J075507.16-021321.3,2MASS 07550717-0213212,3081417556305472256,WISEA J075507.16-021321.3,,118.77984951453848,-2.22260865542818,1718.332530609052,,21.58,0.1,0.0848,15.524222,209.35861,16.219786,60.398273,14.710242,73.278076,13.708,0.023,13.041,0.024,12.859,0.031,12.663,0.024,12.653,0.025,12.641,,8.974,,,,,,,,,,AAA,0000,AAUU,SSG,SSG,,,,,,,,,,,,,,,
1303,GSC 04833-01331,2MASS 07582911-0019221,3083959008712998272,WISEA J075829.11-001922.0,GALEX J075829.1-001921,119.62130555635332,-0.3227954653440604,1307.8799129502872,,26.68,0.08,-0.2698,11.669324,491.43982,12.168657,152.79675,11.002146,194.10846,10.222,0.023,9.687,0.023,9.549,0.023,9.428,0.022,9.458,0.02,9.346,0.041,8.197,,21.889799118041992,0.5144,17.779699325561523,0.0428000018000602,,,,,AAA,0000,AAAU,RS,RS,,,,,,,,,,,,,,,
1304,ZTF J075832.22+001847.0,2MASS 07583222+0018470,3084276939372682240,WISEA J075832.22+001847.0,,119.63427733103065,0.3130689973245337,1509.0173876071854,,10.78,0.08,-0.3176,15.496836,180.92287,16.234453,50.804455,14.631646,63.91211,13.453,0.027,12.813,0.022,12.597,0.024,12.622,0.024,12.561,0.026,11.792,,8.638,,,,,,,,,,AAA,0000,AAUU,SSG,SSG,,,,,,,,,,,,,,,
1305,ZTF J075348.55+020609.5,2MASS 07534854+0206093,3087757099833062144,WISEA J075348.55+020609.4,,118.4523047564734,2.1026196732364495,1724.3999990617458,,10.52,0.1,-0.3357,14.696447,484.00903,15.231477,142.59416,14.002464,182.38345,13.065,0.023,12.494,0.022,12.362,0.024,12.318,0.023,12.345,0.024,11.759,0.27,8.826,,,,,,,,,,AAA,0000,AABU,RS,SSG,,,,,,,,,,,,,,,
1306,ZTF J075216.08+032637.3,2MASS 07521607+0326374,3089043665876538368,WISEA J075216.07+032637.3,,118.0670167497236,3.443713266514083,1247.7228155715195,,18.07,0.08,-0.1626,14.287838,237.19258,14.87107,66.15627,13.557917,88.56848,12.497,0.024,11.932,0.026,11.81,0.023,11.8,0.024,11.805,0.023,10.08,0.067,8.75,,,,,,,,,,AAA,h0OO,AAAU,RS,SSG,,,,,,,,,,,,,,,
1307,FL CMi,2MASS 07485577+0324103,3089214021459666176,WISEA J074855.75+032410.7,GALEX J074855.7+032411,117.2323078392566,3.403054752689111,274.66836433202616,,4.88,0.08,-0.1759,10.912546,495.6907,11.477059,163.77176,10.194185,208.07762,9.105,0.027,8.516,0.029,8.355,0.026,8.359,0.023,8.351,0.021,8.223,0.021,7.689,0.188,20.759599685668945,0.1983,17.564300537109375,0.0255999993532896,,,,,AAA,0000,AAAB,RS,SSG,,,,,,,,,,,,,,,
1308,FASTT 378,2MASS 08115599+0107341,3089785286467686144,WISEA J081155.99+010734.2,GALEX J081156.0+010733,122.98332763868603,1.1261638999992425,689.8761584741504,,37.81,0.09,0.001,11.764289,426.0774,12.352687,120.84696,11.035844,169.04662,10.662,0.024,9.995,0.022,9.792,0.024,9.375,0.023,9.386,0.02,9.315,0.042,8.405,,,,19.73150062561035,0.09740000218153,Yes,Absorption,Too Little Data,Too Little Data,AAA,0000,AAAU,RS,SSG,,,,,,,,,,,,,,,
1309,CSS J080752.1+051532,2MASS 08075218+0515325,3095035351413421952,WISEA J080752.17+051532.5,GALEX J080752.1+051532,121.96742583184457,5.259052782339009,1826.874201996433,,0.93,0.08,,14.54529,551.40985,15.0471525,137.79796,13.875551,175.83453,13.01,0.023,12.419,0.021,12.41,0.029,12.271,0.022,12.296,0.025,11.885,,8.871,,,,21.292999267578125,0.18469999730587,,,,,AAA,0000,AAUU,RS,RS,,,,,,,,,,,,,,,
1310,ZTF J080821.00+055212.5,2MASS 08082102+0552124,3095841774471603328,WISEA J080821.01+055212.5,,122.08755493627667,5.870148440569077,1382.8982512207251,,19.67,0.08,,14.276417,1304.5114,14.852954,428.59125,13.556145,381.91348,12.784,0.023,12.189,0.03,12.056,0.018,11.898,0.022,11.909,0.023,11.587,0.28,8.182,,,,,,,,,,AAA,0000,AABU,RS,RS,,,,,,,,,,,,,,,
1311,2MASS J08171221+0736164,2MASS 08171221+0736164,3097200805201566720,WISEA J081712.21+073616.4,GALEX J081712.1+073616,124.30091114910356,7.604554583632012,1865.177022658231,15.16525,54.45,0.06,,10.956055,490.3079,11.597509,137.34769,10.184457,182.19269,9.127,0.021,8.475,0.029,8.352,0.031,8.296,0.023,8.374,0.021,8.258,0.024,8.391,0.338,22.148099899291992,0.4,18.746299743652344,0.048200000077486,Yes,Absorption,Variable,Normal Emission,AAA,0000,AAAB,RS,RS,55.44706211741972,0.04852344,0.0500701190014959,0.022124339,14.282906864911372,0.37054476,,,SB1,0.3050854,0.32323045,0.3407939,0.35784158,0.37442738,0.39059615
1312,ZTF J080542.45+070742.0,2MASS 08054245+0707422,3097712834024172160,WISEA J080542.44+070742.0,,121.42687981139268,7.128328861617716,1574.6728211375914,,4.61,0.07,-0.3821,14.071685,247.31097,14.621776,79.26909,13.358111,86.4209,12.309,0.023,11.761,0.031,11.601,0.023,11.582,0.022,11.565,0.022,11.325,0.212,8.338,,,,,,,,,,AAA,0000,AABU,RS,SSG,,,,,,,,,,,,,,,
1313,ZTF J071428.65-011950.1,2MASS 07142865-0119499,3110094056511696640,WISEA J071428.64-011950.0,,108.61938110840774,-1.3305837557345082,1480.717741357047,,11.19,0.44,,15.771723,281.30637,16.515572,60.586315,14.903921,92.659225,13.509,0.023,12.887,0.027,12.717,0.027,12.625,0.025,12.601,0.024,12.344,0.37,8.914,,,,,,,,,,AAA,0000,AACU,SSG,SSG,,,,,,,,,,,,,,,
1314,ASAS J073642+0354.3,2MASS 07364190+0354199,3137895792132452736,WISEA J073641.89+035419.8,,114.17451836544072,3.905507292962157,351.92148170445125,8.370625,19.28,0.13,-0.1016,11.391968,146.23334,12.042013,36.767464,10.591915,46.633915,9.152,0.02,8.568,0.057,8.386,0.026,8.418,0.023,8.404,0.02,8.256,0.023,8.272,0.28,,,,,Yes,Emission,Normal Emission,Normal Emission,AAA,0000,AAAB,SSG,SSG,,,,,,,,,,,,,,,
1315,ZTF J073326.75+083107.5,2MASS 07332675+0831077,3143151835669691392,WISEA J073326.74+083107.5,,113.36145499311353,8.518765120147318,1916.9351755851271,,5.72,0.14,-0.4767,15.438441,176.91646,15.990555,50.63452,14.722996,68.18594,13.677,0.028,13.169,0.024,13.027,0.029,12.994,0.023,13.006,0.027,11.83,0.336,8.933,,,,,,,,,,AAA,d000,AABU,RS,SSG,,,,,,,,,,,,,,,
1316,CSS J075928.7+115840,2MASS 07592878+1158400,3151050521044998912,WISEA J075928.77+115840.0,,119.86991626682038,11.977773432334358,1782.0949344990472,,2.68,0.06,,13.4589205,366.43463,13.954426,132.67587,12.787552,141.78261,11.806,0.02,11.29,0.024,11.162,0.017,11.091,0.022,11.094,0.021,10.738,0.113,8.376,,,,,,,,,,AAA,hh00,AABU,RS,RS,,,,,,,,,,,,,,,
1317,ZTF J074808.06+115449.2,2MASS 07480807+1154494,3151611890450324352,WISEA J074808.06+115449.3,GALEX J074808.0+115449,117.03360986889882,11.913690583712386,518.440647241419,,8.53,0.08,-0.1067,12.328176,679.58075,12.896469,163.41835,11.607873,226.33755,10.581,0.024,10.001,0.023,9.854,0.019,9.894,0.024,9.899,0.021,9.774,0.053,8.326,,21.52549934387207,0.2778,19.7101993560791,0.0856000036001205,,,,,AAA,0000,AAAU,RS,SSG,,,,,,,,,,,,,,,
1318,CSS J075343.0+122025,2MASS 07534312+1220252,3151968750692671616,WISEA J075343.10+122025.3,GALEX J075343.0+122025,118.4296057177676,12.340367482295584,1802.173846533118,,17.79,0.07,-0.0088,13.75968,426.58704,14.260996,126.02621,13.08746,153.46207,12.246,0.021,11.723,0.023,11.587,0.022,11.48,0.024,11.501,0.021,11.447,0.208,8.474,,,,20.35029983520508,0.1145000010728836,,,,,AAA,0000,AABU,RS,RS,,,,,,,,,,,,,,,
1319,ZTF J074916.95+131449.1,2MASS 07491695+1314490,3152320903651267328,WISEA J074916.96+131449.0,,117.32067261719938,13.24696219049071,1954.303806011732,,8.92,0.09,-0.1707,15.334506,409.9713,15.944618,105.60846,14.569731,160.17873,13.735,0.026,13.146,0.025,13.005,0.03,12.824,0.024,12.821,0.028,11.828,,8.294,,,,,,,,,,AAA,0000,AAUU,SSG,SSG,,,,,,,,,,,,,,,
1320,ZTF J070314.29+075104.1,2MASS 07031428+0751041,3154130699791789824,WISEA J070314.28+075104.1,,105.80956676860646,7.8511452730214035,441.73841253361456,,1.81,0.31,-0.3375,13.159824,480.96985,13.75839,134.4495,12.413533,188.88022,11.449,0.023,10.84,0.021,10.748,0.023,10.668,0.023,10.643,0.022,10.308,0.076,8.272,,,,,,,,,,AAA,0000,AAAU,SSG,SSG,,,,,,,,,,,,,,,
1321,ZTF J070551.60+075519.8,2MASS 07055159+0755198,3154310573023341696,WISEA J070551.59+075519.7,,106.4650007009498,7.922161493245625,1394.9235789138634,,3.12,0.45,,15.538221,224.53033,16.12243,70.350174,14.732067,60.432503,13.78,0.024,13.17,0.026,13.073,0.037,12.845,0.024,12.794,0.026,11.906,,8.83,,,,,,,,,,AAA,0000,AAUU,cut,SSG,,,,,,,,,,,,,,,
1322,ZTF J071207.73+082034.8,2MASS 07120774+0820347,3154397915478862976,WISEA J071207.73+082034.7,,108.0322298411319,8.342975239756502,1587.489844960047,,3.42,0.27,-0.5816,13.533626,219.54239,13.965508,79.60279,12.919823,70.89483,12.098,0.024,11.579,0.024,11.426,0.025,11.371,0.023,11.355,0.022,11.382,0.178,8.772,,,,,,,,,,AAA,0000,AABU,RS,RS,,,,,,,,,,,,,,,
1323,ZTF J071025.07+101755.8,2MASS 07102508+1017557,3159417667094409728,WISEA J071025.08+101755.7,GALEX J071025.1+101756,107.6045133930734,10.298810839462174,1575.315482325865,,2.73,0.32,-0.4392,14.984994,357.96985,15.737014,91.481636,14.135772,137.1488,12.901,0.024,12.233,0.024,12.019,0.025,11.861,0.022,11.839,0.023,11.672,0.295,8.27,,,,21.174400329589844,0.4419000148773193,,,,,AAA,0000,AABU,SSG,SSG,,,,,,,,,,,,,,,
1324,ZTF J073422.58+151448.4,2MASS 07342259+1514483,3165427215396357120,WISEA J073422.58+151448.4,,113.59411021111042,15.24678605377052,1981.2842224946464,,13.95,0.16,-0.8823,13.868116,736.7067,14.247629,191.54987,13.264296,248.95662,12.59,0.023,12.154,0.023,12.085,0.021,11.983,0.022,12.043,0.023,11.494,0.252,8.821,,,,,,,,,,AAA,0000,AABU,RS,RS,,,,,,,,,,,,,,,
1325,ZTF J071353.91+131823.0,2MASS 07135392+1318231,3166407021991620864,WISEA J071353.91+131823.0,GALEX J071353.9+131823,108.47464599161326,13.306404445209502,1225.9294693706254,,8.96,0.24,0.0155,14.683324,239.71507,15.354277,69.77315,13.881981,83.588264,12.874,0.021,12.21,0.03,12.032,0.017,11.954,0.023,11.937,0.022,11.478,0.241,8.879,,,,21.93079948425293,0.4099000096321106,,,,,AAA,0000,AABU,SSG,SSG,,,,,,,,,,,,,,,
1326,ZTF J071030.86+144625.2,2MASS 07103087+1446250,3167557867069062144,WISEA J071030.87+144625.1,GALEX J071030.8+144625,107.62861837067686,14.773649863440944,1956.0469254771897,,6.46,0.24,-0.323,14.672577,94.628105,15.3261175,31.470898,13.908539,39.072,12.705,0.022,12.105,0.021,11.94,0.02,11.93,0.022,11.898,0.024,11.85,0.366,8.649,,,,21.697099685668945,0.2666999995708465,,,,,AAA,0000,AACU,RS,SSG,,,,,,,,,,,,,,,
1327,ZTF J042901.14-124738.0,2MASS 04290114-1247378,3177785146273128576,WISEA J042901.15-124737.9,,67.25480184005556,-12.793903065348308,1158.337516542969,,2.48,0.11,-0.0981,14.347242,478.41672,14.996711,139.12297,13.561825,180.57848,12.458,0.023,11.885,0.025,11.694,0.023,11.626,0.023,11.624,0.022,11.226,0.158,8.931,,,,,,,,,,AAA,0000,AABU,SSG,SSG,,,,,,,,,,,,,,,
1328,NSVS 14892045,2MASS 04191159-1207082,3178786251609990656,WISEA J041911.60-120708.1,GALEX J041911.5-120708,64.79835918797268,-12.118952342416229,1181.403390896099,,16.5,0.1,-0.1592,13.379546,253.13582,13.906728,80.418,12.647906,92.86051,11.867,0.024,11.02,0.024,10.452,0.023,9.559,0.023,8.997,0.02,7.9,0.021,6.479,0.067,15.31060028076172,0.0212,15.921600341796877,0.0179999992251396,,,,,AAA,0000,AAAA,cut,SSG,,,,,,,,,,,,,,,
1329,CSS J040246.1-084403,2MASS 04024617-0844028,3194152716882214912,WISEA J040246.16-084402.9,,60.692363879918744,-8.734169444610822,1153.22533298316,,5.45,0.13,-0.0387,13.88851,340.73645,14.541842,93.82967,13.103447,122.93621,12.061,0.023,11.434,0.022,11.291,0.021,11.263,0.024,11.248,0.021,11.043,0.121,8.997,,,,,,,,,,AAA,0000,AABU,SSG,SSG,,,,,,,,,,,,,,,
1330,OP Eri,2MASS 04361252-0150248,3205350624335681280,WISEA J043612.53-015024.7,,69.05225604854236,-1.8401970679577384,486.61621850037415,,49.35,0.14,-0.0411,9.688092,1924.2029,10.231539,555.0822,8.987855,747.3978,8.143,0.021,7.641,0.034,7.467,0.027,7.351,0.035,7.399,0.019,7.324,0.017,7.161,0.092,,,,,,,,,AAA,0000,AAAA,RS,RS,47.11005702395879,0.010708297,0.0137087884953379,0.0065294607,26.46620216436839,0.20019323,,,SB1,0.6188604,0.6524559,0.6849378,0.7164331,0.747046,0.77686286
1331,ZTF J052719.62-055505.9,2MASS 05271962-0555059,3209047732184777728,WISEA J052719.62-055505.9,,81.83176819871386,-5.918314820354031,961.1039809741826,,20.85,0.25,,12.802239,482.21014,13.422232,142.58868,12.046499,159.75911,10.843,0.022,10.217,0.021,10.08,0.025,10.113,0.023,10.085,0.02,9.984,0.058,8.914,,,,,,,,,,AAA,0000,AAAU,RS,RS,,,,,,,,,,,,,,,
1332,ZTF J053029.03-053313.7,2MASS 05302902-0533137,3209450119080499456,WISEA J053029.02-053313.7,,82.62096127583472,-5.553833863117373,907.2668481241024,,11.17,0.24,-0.2025,13.9605875,460.85022,14.630189,128.1005,13.158311,168.78137,11.967,0.021,11.373,0.022,11.224,0.021,11.169,0.023,11.16,0.022,11.26,0.16,8.774,,,,,,,,,,AAA,0000,AABU,SSG,SSG,,,,,,,,,,,,,,,
1333,EZ Eri,2MASS 05072848-0524252,3211720748030043520,WISEA J050728.48-052425.6,,76.86870784363444,-5.407153376414863,268.58324799788744,,8.9,0.24,-0.1299,9.8036375,1481.0577,10.277507,501.73175,9.160477,685.89966,8.465,0.023,8.019,0.059,7.838,0.024,7.727,0.029,7.751,0.019,7.694,0.018,7.728,0.167,,,,,,,,,AAA,0000,AAAB,RS,RS,,,,,,,,,,,,,,,
1334,ZTF J051300.71-031430.3,2MASS 05130071-0314302,3213720931479773184,WISEA J051300.71-031430.2,,78.25296339382345,-3.2417684859722273,1639.1635256159302,,16.72,0.27,-0.463,13.935467,762.99066,14.418368,270.23584,13.284087,298.41122,12.526,0.027,11.938,0.025,11.814,0.026,11.714,0.024,11.714,0.022,12.012,0.3,8.932,,,,,,,,,,AAA,0000,AABU,RS,RS,,,,,,,,,,,,,,,
1335,ZTF J053145.52-012355.1,2MASS 05314552-0123550,3217251738194837888,WISEA J053145.50-012355.1,,82.93966577465773,-1.398664588122594,358.39949574156344,,2.45,0.49,,12.9355755,664.00543,13.589716,174.52573,12.145018,279.7761,11.114,0.026,10.493,0.022,10.348,0.021,10.225,0.024,10.211,0.021,10.221,0.079,8.689,,,,,,,,,,AAA,0000,AAAU,cut,SSG,,,,,,,,,,,,,,,
1336,ZTF J053541.81-014435.1,2MASS 05354181-0144351,3217351278357286656,WISEA J053541.81-014435.1,,83.92422217805846,-1.7431020666378445,418.39102854704333,,2.43,0.38,,13.30595,573.39185,14.074431,169.79242,12.42989,233.70488,11.218,0.023,10.519,0.03,10.317,0.02,10.214,0.023,10.159,0.021,10.043,0.066,8.881,,,,,,,,,,AAA,0h00,AAAU,SSG,SSG,,,,,,,,,,,,,,,
1337,ZTF J045646.96-035020.6,2MASS 04564696-0350207,3224753499872767616,WISEA J045646.96-035020.7,GALEX J045647.0-035021,74.19568540961218,-3.83908782204668,1909.3418915375455,,5.58,0.12,-0.5316,14.355777,409.19833,14.8646345,139.44585,13.680233,147.25461,12.785,0.024,12.275,0.024,12.145,0.026,12.127,0.023,12.123,0.022,11.679,0.206,9.101,,,,20.38710021972656,0.1974000036716461,,,,,AAA,0000,AABU,RS,SSG,,,,,,,,,,,,,,,
1338,ZTF J045344.02-025812.1,2MASS 04534402-0258122,3225055487613457152,WISEA J045344.01-025812.2,GALEX J045344.0-025812,73.43341139688425,-2.9700579412536334,769.0629971119455,,14.57,0.11,,13.066424,507.4825,13.580888,137.66794,12.3887205,152.67426,11.531,0.021,11.026,0.024,10.906,0.023,10.851,0.023,10.866,0.021,10.616,0.095,8.62,,,,19.983299255371097,0.1238999962806701,,,,,AAA,0000,AAAU,RS,RS,,,,,,,,,,,,,,,
1339,ZTF J050504.60-013938.8,2MASS 05050460-0139387,3226892835967104640,WISEA J050504.60-013938.8,,76.26917835232966,-1.6607891383894198,1437.8596026893829,,2.77,0.42,0.0196,14.835932,526.27936,15.488202,148.13715,14.047756,193.77661,12.852,0.022,12.276,0.024,12.098,0.023,12.02,0.024,12.058,0.022,11.866,0.365,8.955,,,,,,,,,,AAA,0000,AACU,RS,SSG,,,,,,,,,,,,,,,
1340,V1330 Tau,2MASS 04421860+0117399,3231011782618742656,WISEA J044218.59+011739.7,,70.57749546450391,1.2943078276439115,403.39765703218853,,8.77,0.37,-0.0721,11.370494,355.52573,11.940206,103.09148,10.62909,128.11101,9.666,0.024,9.092,0.024,8.912,0.019,8.825,0.023,8.82,0.02,8.7,0.029,8.291,0.275,,,,,,,,,AAA,0000,AAAB,RS,SSG,,,,,,,,,,,,,,,
1341,ZTF J051439.57+011520.7,2MASS 05143956+0115210,3233914355878090368,WISEA J051439.58+011521.3,,78.6648638095982,1.255773000307144,1267.5699964436642,,12.84,0.32,-0.047,13.634858,671.6392,14.168885,171.91295,12.939928,261.5825,12.078,0.024,11.585,0.022,11.469,0.021,11.21,0.023,11.271,0.021,11.366,0.198,9.15,,,,,,,,,,AAA,0000,AABU,RS,RS,,,,,,,,,,,,,,,
1342,CSS J052229.1+021829,2MASS 05222919+0218300,3234368763416969344,WISEA J052229.19+021830.0,,80.62165967781084,2.30835860853306,1223.938828766687,,4.98,0.28,-0.6265,13.150175,551.2856,13.61493,193.7775,12.502738,180.90556,11.682,0.024,11.126,0.023,11.035,0.026,10.797,0.023,10.763,0.021,10.621,0.112,9.104,,,,,,,,,,AAA,0000,AABU,RS,RS,,,,,,,,,,,,,,,
1343,V2800 Ori,2MASS 05063998+0208252,3235018540430554112,WISEA J050639.99+020825.2,,76.66665923260842,2.140349191608326,500.2961705044286,,1.98,0.18,-0.1,10.782501,552.71277,11.33256,175.20332,10.074001,209.87885,9.203,0.023,8.632,0.044,8.511,0.022,8.395,0.023,8.419,0.021,8.288,0.022,8.176,0.257,,,,,,,,,AAA,0000,AAAB,RS,SSG,,,,,,,,,,,,,,,
1344,ZALD J05202362+0436519,2MASS 05202361+0436519,3237099190089952768,WISEA J052023.61+043651.8,,80.09841341730602,4.614391344716775,1751.8532617602862,,42.7,0.41,,11.684156,811.96576,12.368747,235.23465,10.88829,293.9941,9.845,0.023,9.202,0.023,9.019,0.021,8.901,0.022,8.985,0.02,8.839,0.03,7.996,,,,,,,,,,AAA,0000,AAAU,cut,RS,42.733827561262174,0.021441666,0.1263621936796956,0.031995922,26.040839269620367,0.9433202,,,SB1,0.573894,0.6054423,0.63594806,0.6655304,0.69428664,0.72229767
1345,V1192 Ori,2MASS 05000822+0317119,3238392391860548096,WISEA J050008.21+031711.9,,75.03423964362993,3.2866094001395147,349.2306146144884,,29.5,0.16,,7.088307,4553.2734,7.753127,1333.7333,6.298838,1242.6312,5.285,0.026,4.894,0.076,4.489,0.015,4.412,0.227,4.231,0.139,4.388,0.015,4.312,0.027,,,,,,,,,AEE,0000,BBAA,cut,RS,,,,,,,,,,,,,,,
1346,CSS J045829.1+040242,2MASS 04582918+0402425,3239244272853364224,WISEA J045829.18+040242.5,,74.62159627793663,4.045141285446818,1738.7897038682231,,6.34,0.19,-0.04,14.551113,327.179,15.215631,91.99954,13.758265,122.363106,12.567,0.021,11.95,0.027,11.797,0.028,11.748,0.022,11.733,0.021,11.712,0.29,8.819,,,,,,,,,,AAA,0000,AABU,SSG,SSG,,,,,,,,,,,,,,,
1347,V2798 Ori,2MASS 05050808+0629517,3240241495540289152,WISEA J050508.08+062951.7,GALEX J050508.0+062952,76.28372914392585,6.497696111125968,536.2020241652891,,7.49,0.33,-0.172,12.378848,409.0675,12.959273,122.84561,11.641297,143.28732,10.539,0.026,10.089,0.033,9.83,0.018,9.753,0.023,9.752,0.019,9.618,0.049,8.801,,,,19.231300354003903,0.0798999965190887,,,,,AAA,0000,AAAU,RS,SSG,,,,,,,,,,,,,,,
1348,CSS J051404.4+054138,2MASS 05140447+0541375,3240468506034067584,WISEA J051404.47+054137.5,,78.51865658515041,5.693755784659589,1283.3033915353235,,2.36,0.26,,14.690186,149.38046,15.364616,44.46921,13.872124,51.87614,12.717,0.026,12.106,0.023,11.919,0.023,11.892,0.025,11.868,0.025,12.114,0.351,8.332,,,,,,,,,,AAA,0000,AABU,SSG,SSG,,,,,,,,,,,,,,,
1349,CSS J051907.0+062438,2MASS 05190707+0624390,3240978237049682688,WISEA J051907.06+062438.9,,79.77947920570952,6.4108256797622944,1937.969267195432,,10.12,0.46,-0.158,14.666409,375.77856,15.222396,120.191605,13.942507,102.459816,12.857,0.025,12.31,0.028,12.174,0.021,12.145,0.023,12.135,0.024,12.236,0.41,8.498,,,,,,,,,,AAA,0000,AACU,RS,RS,,,,,,,,,,,,,,,
1350,ZTF J041124.02-005227.6,2MASS 04112401-0052268,3253546754466677120,WISEA J041124.02-005227.3,GALEX J041123.9-005227,62.85011215963343,-0.874341380552156,650.0907302532813,,3.21,0.47,-0.8233,13.065564,440.39017,13.760547,126.6822,12.233942,175.9227,10.982,0.026,10.342,0.023,10.194,0.022,10.105,0.023,10.049,0.02,9.91,0.05,8.534,,,,20.223800659179688,0.1644999980926513,,,,,AAA,0000,AAAU,cut,SSG,,,,,,,,,,,,,,,
1351,V0711 Tau,2MASS 03364726+0035159,3263936692671872384,WISEA J033647.23+003514.2,,54.196900129947615,0.5870418111533462,29.43051815633328,,2.84,0.35,,5.607425,265.40466,6.134165,80.73515,4.8935595,67.04797,3.882,0.318,3.246,0.288,3.137,0.344,3.222,0.537,2.924,0.345,3.105,0.012,3.02,0.02,,,,,,,,,DDD,0h00,CBAA,RS,RS,,,,,,,,,,,,,,,
1352,CSS J034254.3+015656,2MASS 03425438+0156557,3270888767255819264,WISEA J034254.38+015655.8,,55.72662839884891,1.9488507318406725,1243.2298078778122,,2.08,0.4,-0.6148,14.265553,264.3195,14.891864,80.84655,13.475794,100.2259,12.398,0.027,11.774,0.022,11.665,0.031,11.559,0.021,11.545,0.023,11.597,0.211,9.034,,,,,,,,,,AAA,0000,AABU,RS,SSG,,,,,,,,,,,,,,,
1353,ZTF J044301.05+071754.4,2MASS 04430104+0717544,3289134475523953152,WISEA J044301.04+071754.3,GALEX J044301.0+071753,70.75438301794415,7.298436536868285,1723.9734198734157,,10.64,0.39,-0.3979,14.998544,1030.5732,15.5019045,268.00037,14.324498,343.22025,13.471,0.026,12.949,0.032,12.845,0.021,12.796,0.024,12.773,0.026,12.055,,8.383,,,,21.54590034484864,0.4244999885559082,,,,,AAA,0000,AAUU,RS,SSG,,,,,,,,,,,,,,,
1354,CSS J044808.5+082155,2MASS 04480856+0821566,3289688801183527808,WISEA J044808.57+082156.5,,72.03574407009916,8.365720191855216,1476.160929290286,,12.36,0.4,,14.959676,540.5474,15.624312,151.66893,14.15883,177.95827,13.003,0.026,12.432,0.029,12.255,0.022,12.256,0.023,12.285,0.023,11.675,0.25,8.692,,,,,,,,,,AAA,0000,AABU,SSG,SSG,,,,,,,,,,,,,,,
1355,CSS J051103.5+090756,2MASS 05110361+0907558,3290507490669652992,WISEA J051103.60+090755.8,,77.7650425573525,9.132184336084933,1530.1281545635295,,21.57,0.45,-0.1581,13.831426,346.11136,14.378968,105.17063,13.123049,107.19508,12.233,0.021,11.663,0.023,11.556,0.026,11.449,0.023,11.462,0.021,11.592,0.211,8.991,,,,,,,,,,AAA,0000,AABU,RS,RS,,,,,,,,,,,,,,,
1356,CSS J044133.0+074229,2MASS 04413310+0742294,3292165038808084864,WISEA J044133.10+074229.3,,70.38794784609809,7.708165453581489,1076.4658309949866,,13.79,0.42,-0.0401,13.791721,460.71735,14.446519,127.220245,13.004292,161.78236,11.956,0.019,11.285,0.029,11.131,0.023,11.059,0.023,11.066,0.021,10.768,0.149,8.59,,,,,,,,,,AAA,0000,AABU,RS,SSG,,,,,,,,,,,,,,,
1357,ZTF J065745.92+153251.7,2MASS 06574593+1532517,3354833456382390272,WISEA J065745.92+153251.7,,104.44135193183052,15.547700325349794,1493.818022259667,,4.21,0.31,-0.6477,14.521288,207.80356,15.149892,60.37435,13.723267,79.78121,12.586,0.023,11.941,0.032,11.839,0.022,11.771,0.023,11.747,0.022,11.354,0.223,8.444,,,,,,,,,,AAA,0000,AABU,RS,SSG,,,,,,,,,,,,,,,
1358,ZTF J065157.09+172714.5,2MASS 06515709+1727145,3358460745241794688,WISEA J065157.09+172714.5,,102.98790330928747,17.454040745219075,1649.7628051566771,,1.05,0.24,0.0467,14.875638,191.288,15.495763,48.26326,14.099986,73.37775,13.05,0.022,12.443,0.023,12.315,0.024,12.242,0.024,12.242,0.024,11.761,0.248,8.953,,,,,,,,,,AAA,0000,AABU,RS,SSG,,,,,,,,,,,,,,,
1359,HD 53476,2MASS 07054761+1501213,3359763730941858688,WISEA J070547.61+150121.3,,106.4483947348895,15.022590107594892,543.2691677915788,12.5225,35.53,0.25,-0.0377,9.207566,431.07043,9.754384,85.11095,8.528089,104.587006,7.538,0.05,6.982,0.071,6.849,0.018,6.839,0.067,6.847,0.02,6.783,0.017,6.666,0.079,,,,,Yes,Variable H-alpha,Normal Emission,Normal Emission,AAA,0000,AAAA,RS,RS,,,,,,,,,,,,,,,
1360,TYC 1339-572-1,2MASS 06490505+1959537,3365815138002558464,WISEA J064905.06+195953.6,,102.27110319866932,19.998239534454186,517.4153349661548,,12.07,0.39,,11.421981,429.87393,11.909407,135.45392,10.739991,146.45369,9.73,0.022,9.209,0.022,9.011,0.019,9.02,0.023,9.036,0.02,8.848,0.03,8.663,0.393,,,,,Yes,Variable H-alpha,No RV Data,No RV Data,AAA,0000,AAAC,cut,RS,,,,,,,,,,,,,,,
1361,ZTF J065509.02+210035.2,2MASS 06550903+2100350,3366322047222066432,WISEA J065509.02+210035.1,,103.78762359021732,21.009767153802304,1643.847871351644,,3.31,0.24,-0.7529,14.067089,126.314384,14.609761,39.73534,13.353177,47.61201,12.288,0.022,11.774,0.022,11.559,0.018,11.44,0.023,11.42,0.022,11.548,0.227,8.872,,,,,,,,,,AAA,0000,AABU,RS,SSG,,,,,,,,,,,,,,,
1362,V0424 Gem,2MASS 07165044+2145000,3367160356117352960,WISEA J071650.44+214459.9,GALEX J071650.5+214500,109.21020534049418,21.7499574231004,482.22618938634025,,40.53,0.18,-0.163,9.623523,227.0096,10.242978,63.551365,8.886551,88.18424,7.881,0.019,7.312,0.021,7.169,0.024,7.049,0.04,7.157,0.02,7.038,0.017,6.996,0.105,20.11050033569336,0.1135,17.24139976501465,0.0176999997347593,,,,,AAA,0000,AAAA,RS,SSG,,,,,,,,,,,,,,,
1363,ZTF J071753.45+221137.5,2MASS 07175346+2211373,3367209142648326272,WISEA J071753.45+221137.3,,109.47275070822256,22.193728248508148,1954.989295441952,,3.18,0.16,-1.1738,14.085508,352.80536,14.514726,118.75888,13.457959,158.40602,12.586,0.024,12.091,0.024,11.93,0.023,11.869,0.024,11.831,0.023,11.912,0.299,8.977,,,,,,,,,,AAA,0000,AABU,RS,SSG,,,,,,,,,,,,,,,
1364,ZTF J064416.39+282842.7,2MASS 06441639+2828427,3386469498288388352,WISEA J064416.39+282842.7,,101.0683270422597,28.47850887595264,1288.0586494296597,,4.41,0.32,-0.1334,14.592197,126.8627,15.265576,34.445824,13.782107,44.759834,12.562,0.019,11.941,0.019,11.757,0.018,11.805,0.025,11.769,0.022,11.792,,8.703,,,,,,,,,,AAA,hh00,AAUU,SSG,SSG,,,,,,,,,,,,,,,
1365,ZTF J064532.64+285617.3,2MASS 06453265+2856172,3386579930487814144,,,101.3860422382135,28.93812221852143,1829.2002208808576,,9.38,0.32,-0.2695,15.410569,410.80585,15.997735,120.33903,14.668032,134.35016,13.729,0.025,13.199,0.023,13.065,0.029,,,,,,,,,,,,,,,,,AAA,,,RS,SSG,,,,,,,,,,,,,,,
1366,ZTF J062947.74+300442.8,2MASS 06294774+3004428,3435358801781135616,WISEA J062947.74+300442.8,GALEX J062947.7+300443,97.44893269987185,30.0785595070943,861.2109616310661,,4.42,0.48,-0.1682,13.801639,347.71576,14.414868,100.599495,13.036255,123.20789,12.096,0.019,11.524,0.016,11.356,0.018,11.193,0.024,11.223,0.021,11.193,0.171,8.969,,,,21.041400909423828,0.1712000072002411,,,,,AAA,0000,AABU,cut,SSG,,,,,,,,,,,,,,,
1367,V0597 Hya,2MASS 11574875-3335533,3466031362263990912,WISEA J115748.75-333553.3,,179.45311712218478,-33.59815517659237,1177.6996814038937,,56.9,0.24,,10.484943,776.02655,11.11833,219.42116,9.722052,304.64853,8.772,0.023,8.202,0.033,8.039,0.026,7.848,0.024,7.965,0.02,7.84,0.019,7.761,0.156,,,,,,,,,AAA,h000,AAAB,RS,RS,57.62967306251208,0.009019697,0.0212015335213817,0.0067504845,27.29514925252647,0.20015565,,,SB1,0.70708376,0.7445517,0.7807714,0.8158851,0.85000974,0.8832421
1368,HU Vir,2MASS 12132069-0904467,3582095053777917952,WISEA J121320.69-090446.7,GALEX J121320.6-090446,183.33616240740196,-9.079683847160496,148.458313544745,27.974,10.39,0.11,-0.1315,8.914068,384.80975,9.54779,114.93912,8.122312,132.55101,6.701,0.021,6.101,0.044,5.978,0.018,6.036,0.111,5.952,0.041,5.895,0.016,5.804,0.046,18.832000732421875,0.0937,15.528200149536133,0.0142999999225139,Yes,Variable H-alpha,Normal Emission,Normal Emission,AAA,0000,BAAA,cut,SSG,,,,,,,,,,,,,,,
1369,ASAS J121553-0609.6,2MASS 12155276-0609375,3596302668154124544,WISEA J121552.80-060938.2,GALEX J121552.7-060936,183.9700183134317,-6.160690658247087,136.92769278066575,,83.6,0.14,,7.374729,485.675,7.7318025,402.69302,6.6334543,368.53427,5.851,0.023,5.347,0.024,5.248,0.02,5.203,0.185,5.093,0.073,5.223,0.016,5.145,0.033,19.637800216674805,0.146,13.778800010681152,0.0044999998062849,,,,,AAA,0000,BAAA,cut,RS,38.90596072751978,0.004508626,0.0151150262240561,0.00658703,22.04446016252396,0.16794887,,,SB1,0.4491984,0.4747898,0.4995452,0.5235598,0.5469116,0.56966525
1370,ZTF J115410.25-045602.7,2MASS 11541026-0456026,3599076254954040448,WISEA J115410.26-045602.7,GALEX J115410.3-045602,178.54274232884302,-4.934109189384458,1460.8866584993443,,4.66,0.08,-0.6578,15.221094,336.5569,15.894006,86.78381,14.4025,126.227165,13.115,0.028,12.529,0.023,12.355,0.026,12.312,0.023,12.272,0.025,11.772,,9.039,,,,22.510799407958984,0.4300999939441681,,,,,AAA,0000,AAUU,SSG,SSG,,,,,,,,,,,,,,,
1371,CSS J135239.2-111420,2MASS 13523931-1114206,3613685122354554496,WISEA J135239.28-111420.7,,208.16361519507495,-11.239103734587651,1158.9084667674492,,0.31,0.15,-0.3322,14.222745,776.825,14.707822,195.52548,13.571057,291.88113,12.711,0.025,12.241,0.028,12.127,0.029,12.085,0.024,12.101,0.023,11.954,0.258,9.045,,,,,,,,,,AAA,0000,AABU,RS,SSG,,,,,,,,,,,,,,,
1372,ZTF J134830.20-101342.4,2MASS 13483020-1013424,3617002211496585856,WISEA J134830.20-101342.4,GALEX J134830.2-101342,207.12583910050776,-10.228479959132375,1632.6329227867332,,22.37,0.15,-0.3136,14.446111,192.00494,15.022365,56.244507,13.717353,76.6036,12.776,0.022,12.189,0.022,12.042,0.023,11.985,0.023,12.003,0.023,11.771,0.258,8.766,,,,21.564599990844727,0.2910999953746795,,,,,AAA,0000,AABU,RS,SSG,,,,,,,,,,,,,,,
1373,CSS J132312.1-073909,2MASS 13231213-0739094,3631127293781073408,WISEA J132312.11-073909.4,GALEX J132312.1-073909,200.8004450066137,-7.652603034654964,892.3050542154958,,10.73,0.1,-0.1603,14.196732,140.99522,14.958933,39.632225,13.32755,51.062912,11.657,0.022,11.04,0.023,10.865,0.024,11.029,0.024,10.952,0.02,10.678,0.092,8.327,0.25,,,20.943099975585938,0.138600006699562,,,,,AAA,0000,AAAB,SSG,SSG,,,,,,,,,,,,,,,
1374,NSV 6259,2MASS 13281328-0339410,3636991676486921984,WISEA J132813.26-033941.1,GALEX J132813.3-033940,202.05525733796284,-3.66143510506378,950.9816092025148,,49.21,0.12,,9.906977,1818.134,10.513214,849.8732,9.163641,1017.13916,8.252,0.024,7.706,0.055,7.546,0.024,7.39,0.034,7.538,0.019,7.421,0.018,7.309,0.098,22.20039939880371,0.4684,18.145999908447266,0.033900000154972,,,,,AAA,0000,AAAA,cut,RS,,,,,,,,,,,,,,,
1375,CSS J132404.5-030723,2MASS 13240450-0307230,3637815073256914176,WISEA J132404.49-030723.2,GALEX J132404.6-030722,201.01870870390312,-3.1231613182290507,867.0036128438096,,1.15,0.1,,13.665549,1012.84924,14.201344,295.10562,12.973873,411.74475,12.197,0.023,11.694,0.026,11.523,0.021,11.455,0.023,11.461,0.022,11.63,0.183,9.077,,,,20.63290023803711,0.1410000026226043,,,,,AAA,0000,AABU,RS,RS,,,,,,,,,,,,,,,
1376,IN Vir,2MASS 13242415-0218549,3638205709122491264,WISEA J132424.19-021856.4,GALEX J132424.1-021855,201.1009238148449,-2.315894677699557,132.97458165100468,,8.13,0.11,,8.751327,601.41113,9.381985,179.64743,7.987612,254.32567,7.028,0.021,6.49,0.036,6.261,0.024,6.154,0.083,6.102,0.028,6.115,0.016,6.026,0.055,18.819599151611328,0.0697,16.247600555419922,0.015599999576807,,,,,AAA,0000,AAAA,SSG,SSG,,,,,,,,,,,,,,,
1377,CSS J144715.4-021415,2MASS 14471551-0214150,3648686150879347584,WISEA J144715.50-021415.3,,221.81459566638313,-2.237617269327114,1550.9328602637838,,13.58,0.18,-0.1651,14.726598,269.61307,15.380652,67.98346,13.932427,90.039696,13.103,0.028,12.377,0.023,12.217,0.027,12.025,0.023,12.049,0.022,12.19,0.275,8.926,,,,,,,,,,AAA,0000,AABU,SSG,SSG,,,,,,,,,,,,,,,
1378,ZTF J143312.24-031115.5,2MASS 14331226-0311157,3649078710890108032,WISEA J143312.24-031115.6,GALEX J143312.2-031114,218.30100778923273,-3.187671132695808,1356.6364146555115,,6.35,0.2,-0.0972,14.147909,217.59634,14.742185,44.408806,13.363796,53.244495,12.329,0.021,11.741,0.026,11.59,0.024,11.471,0.022,11.469,0.021,11.528,0.193,9.397,,,,21.110200881958008,0.3700000047683716,,,,,AAA,0000,AABU,RS,SSG,,,,,,,,,,,,,,,
1379,ZTF J143707.79-001827.8,2MASS 14370782-0018280,3650152620217573632,WISEA J143707.81-001827.9,GALEX J143707.8-001827,219.28249559360015,-0.3077548243830485,675.5170218940841,,9.14,0.1,,12.5660515,783.4248,13.036026,245.63176,11.925588,266.01154,11.137,0.026,10.643,0.024,10.575,0.021,10.512,0.023,10.549,0.021,10.422,0.073,8.523,,,,19.3843994140625,0.0873999968171119,,,,,AAA,0000,AAAU,RS,RS,,,,,,,,,,,,,,,
1380,CSS J143907.9-001436,2MASS 14390789-0014351,3651645830022790528,WISEA J143907.87-001434.9,GALEX J143907.9-001435,219.782797423051,-0.243023033306061,1022.5780545505336,,2.42,0.1,-0.4043,14.46514,112.54062,15.0947695,32.05256,13.666469,43.966167,12.481,0.027,11.865,0.026,11.715,0.019,11.684,0.023,11.629,0.021,11.598,0.179,9.01,,,,20.9237003326416,0.2249000072479248,,,,,AAA,0000,AABU,SSG,SSG,,,,,,,,,,,,,,,
1381,CSS J142545.3-002959,2MASS 14254542-0029593,3652928272897621760,WISEA J142545.42-002959.4,,216.43928935476143,-0.4998566348842917,1647.6959792886123,,2.48,0.13,-0.3103,15.324351,284.04297,15.903442,71.51135,14.591442,107.67094,13.534,0.023,12.95,0.022,12.856,0.029,12.827,0.023,12.779,0.026,12.175,0.295,8.415,,,,,,,,,,AAA,0000,AABU,SSG,SSG,,,,,,,,,,,,,,,
1382,CSS J143002.2+002329,2MASS 14300227+0023292,3653479300021773952,WISEA J143002.26+002329.2,GALEX J143002.2+002331,217.50942640057923,0.3914585972714017,1117.6302004064687,,6.83,0.12,-0.4741,14.378147,205.19708,14.970757,57.03176,13.627454,71.028534,12.617,0.026,12.007,0.022,11.886,0.023,11.843,0.024,11.805,0.023,11.773,0.198,8.88,,,,21.29949951171875,0.4404000043869018,,,,,AAA,0000,AABU,SSG,SSG,,,,,,,,,,,,,,,
1383,CSS J135749.2-021111,2MASS 13574929-0211116,3657914553834365440,WISEA J135749.29-021111.6,GALEX J135749.2-021111,209.45536479207897,-2.1865979707666767,995.4863737331694,,5.46,0.15,-0.2155,13.8118725,361.47818,14.353278,96.69807,13.106459,133.08832,12.293,0.023,11.714,0.026,11.596,0.023,11.417,0.022,11.394,0.02,11.248,0.13,8.437,,,,20.43320083618164,0.1159000024199485,,,,,AAA,0000,AABU,RS,SSG,,,,,,,,,,,,,,,
1384,CSS J140311.0+001412,2MASS 14031111+0014116,3660882174372650368,WISEA J140311.10+001411.5,,210.7962573290576,0.2365394012585429,1640.0863455023302,,18.41,0.14,-0.1604,14.860768,366.60898,15.436602,96.10238,14.135538,127.94842,13.262,0.022,12.668,0.023,12.551,0.026,12.43,0.023,12.442,0.024,12.651,0.447,8.822,,,,,,,,,,AAA,0000,AACU,RS,SSG,,,,,,,,,,,,,,,
1385,ZTF J142227.60+073812.7,2MASS 14222759+0738126,3673708973943087232,WISEA J142227.58+073812.6,,215.61498058443135,7.636838448292551,967.4602188164024,,6.64,0.08,-0.5689,12.692289,362.32272,13.156472,117.6985,12.058042,130.69522,11.25,0.022,10.727,0.024,10.616,0.023,10.553,0.022,10.553,0.02,10.408,0.054,8.7,,,,,,,,,,AAA,0000,AAAU,RS,SSG,,,,,,,,,,,,,,,
1386,IS Vir,2MASS 13062600-0450452,3677941161701409792,WISEA J130626.00-045045.4,,196.60835615320133,-4.846004612592078,247.92775917577993,,23.5,0.1,,8.008728,557.97565,8.617004,250.17516,7.2394533,373.8992,6.262,0.026,5.658,0.031,5.517,0.021,5.406,0.173,5.247,0.059,5.36,0.015,5.238,0.034,,,,,,,,,AAA,0000,BAAA,RS,RS,23.659277573483315,0.0071183653,0.0083064398744504,0.0172731,6.493623811545357,0.12470763,,,SB1,0.09288676,0.098794684,0.10452122,0.11008654,0.1155072,0.12079699
1387,CSS J125911.2+022633,2MASS 12591126+0226337,3692213445401051392,WISEA J125911.26+022633.8,GALEX J125911.2+022634,194.79693470795905,2.4427296978335074,1877.2546233497767,,2.8,0.06,-0.0742,14.967166,1055.6819,15.473033,244.2403,14.288056,422.29343,13.495,0.027,12.956,0.037,12.815,0.031,12.653,0.024,12.634,0.027,11.614,,8.94,,,,20.83489990234375,0.1247999966144561,,,,,AAA,0000,AAUU,RS,SSG,,,,,,,,,,,,,,,
1388,ZTF J122310.14+031237.2,2MASS 12231016+0312374,3701511568560550400,WISEA J122310.15+031237.3,GALEX J122310.1+031236,185.7922871830725,3.210346282007518,1513.3482842915364,,6.66,0.05,-0.8844,14.443042,243.83055,15.082383,68.29978,13.651918,102.317566,12.382,0.027,11.729,0.025,11.619,0.026,11.699,0.023,11.616,0.024,10.968,0.161,8.756,,,,21.20170021057129,0.2319999933242797,,,,,AAA,0000,AABU,SSG,SSG,,,,,,,,,,,,,,,
1389,ZTF J124747.18+014740.8,2MASS 12474717+0147409,3702428011502642432,WISEA J124747.17+014740.8,GALEX J124747.1+014741,191.9465802810007,1.7946537272601364,1866.116616392439,,19.62,0.06,-0.0093,14.941204,1223.4227,15.396711,247.11385,14.312195,382.9383,13.526,0.026,13.078,0.027,12.976,0.027,12.942,0.025,12.962,0.028,11.905,,8.63,,,,21.40060043334961,0.2129999995231628,,,,,AAA,0000,AAUU,RS,RS,,,,,,,,,,,,,,,
1390,ZTF J125354.16+021723.9,2MASS 12535417+0217239,3702716530225505920,WISEA J125354.16+021723.8,GALEX J125354.0+021724,193.47568839047395,2.2899556048765315,1918.5294216138004,,19.03,0.06,,15.0126095,244.988,15.573203,65.96986,14.2956505,95.66453,13.412,0.029,12.756,0.026,12.752,0.034,12.596,0.023,12.614,0.025,12.071,0.412,8.862,,,,22.27039909362793,0.3528000116348266,,,,,AAA,0000,AACU,RS,RS,,,,,,,,,,,,,,,
1391,CSS J125431.4+042408,,3704737707475086464,WISEA J125431.42+042408.0,GALEX J125431.4+042410,193.63093931315183,4.402231956194477,965.1300507917972,,19.52,0.1,0.0499,13.207588,395.75143,13.787779,109.72101,12.47992,150.48784,,,,,,,10.777,0.024,10.822,0.021,10.632,0.086,9.02,,,,20.452800750732425,0.1115999966859817,,,,,,0000,AAAU,RS,SSG,,,,,,,,,,,,,,,
1392,ASAS J132225+0554.4,2MASS 13222501+0554229,3717352915480871296,WISEA J132225.00+055422.9,,200.6041458626287,5.906381099219216,807.577314145352,,16.16,0.1,-0.1892,12.135388,193.11346,12.701379,55.781826,11.404114,70.22742,10.416,0.027,9.87,0.027,9.687,0.023,9.612,0.024,9.618,0.021,9.52,0.045,8.681,,,,,,,,,,AAA,0000,AAAU,RS,SSG,,,,,,,,,,,,,,,
1393,CSS J140015.8+074813,2MASS 14001576+0748141,3721009070816820864,WISEA J140015.75+074814.1,GALEX J140015.8+074814,210.06563587943592,7.80391183640815,729.8060449471471,,1.33,0.07,-0.1583,13.161022,404.27698,13.759341,115.64687,12.412094,144.89268,11.578,0.024,11.006,0.021,10.825,0.023,10.65,0.025,10.629,0.023,10.488,0.072,8.514,,,,20.74300003051757,0.2069000005722046,,,,,AAA,0000,AAAU,SSG,SSG,,,,,,,,,,,,,,,
1394,V0457 Vir,2MASS 13125357+0823354,3730857190308692736,WISEA J131253.57+082335.2,,198.2232699514445,8.393089472855147,218.28626731201103,,9.87,0.08,-0.193,8.221636,991.6018,8.656448,295.56738,7.6069293,311.2983,6.867,0.019,6.397,0.038,6.253,0.021,6.198,0.09,6.096,0.028,6.176,0.015,6.034,0.049,,,,,,,,,AAA,0000,AAAA,RS,RS,,,,,,,,,,,,,,,
1395,CSS J132453.8+100952,2MASS 13245391+1009522,3732275182351126400,WISEA J132453.89+100952.3,GALEX J132453.9+100952,201.2245283147211,10.1645326564335,1819.89578588013,,0.93,0.07,-0.4135,15.328944,230.11841,15.896106,72.566315,14.590653,87.69597,13.649,0.026,13.049,0.027,12.916,0.029,12.778,0.024,12.766,0.026,11.961,0.299,8.634,,,,21.33359909057617,0.3027999997138977,,,,,AAA,0000,AABU,SSG,SSG,,,,,,,,,,,,,,,
1396,HD 113714,2MASS 13052912+1249354,3737715187928620032,WISEA J130529.14+124935.4,GALEX J130529.1+124935,196.37144138879304,12.826482526007524,316.37095710131234,23.576,3.68,0.07,-0.4646,9.886808,875.18585,10.299433,295.81024,9.293874,274.57742,8.46,0.026,8.0,0.031,7.853,0.024,7.709,0.03,7.736,0.02,7.637,0.019,7.646,0.138,,,15.33329963684082,0.0074999998323619,No,Variable H-alpha,Variable,Variable,AAA,0000,AAAB,RS,RS,3.6806,0.0,0.0,0.0,76.9,0.4,,,SB1,0.732816279,0.7721861,0.810335279,0.847396851,0.883480847,0.918679237
1397,ZTF J133756.45+130404.6,2MASS 13375645+1304047,3740552855640730240,WISEA J133756.45+130404.6,,204.48519818253945,13.067923191168328,1420.099525334665,,9.24,0.06,-0.552,15.173906,341.4259,15.767762,109.42667,14.399853,127.58851,13.431,0.023,12.836,0.023,12.679,0.025,12.587,0.023,12.562,0.025,12.194,0.319,8.884,,,,,,,,,,AAA,0000,AABU,SSG,SSG,,,,,,,,,,,,,,,
1398,KT Com,2MASS 13335022+1725303,3745804290681454592,WISEA J133350.21+172530.1,GALEX J133350.3+172531,203.45919514662165,17.425004572340463,178.25642713565475,,4.07,0.06,,8.075437,1713.8376,8.380352,658.4876,7.570205,537.44415,6.95,0.026,6.608,0.018,6.471,0.016,6.438,0.072,6.385,0.024,6.405,0.015,6.352,0.055,18.21529960632324,0.0847,12.984700202941896,0.0035999999381601,,,,,AAA,HH00,AAAA,cut,RS,,,,,,,,,,,,,,,
1399,CSS J105030.7-102916,2MASS 10503075-1029165,3758090547140255616,WISEA J105030.75-102916.5,GALEX J105030.7-102916,162.62814950306458,-10.487930952098443,1685.3751240121098,,8.71,0.09,-0.1618,14.871944,314.63657,15.500048,94.51556,14.098537,129.80388,13.022,0.026,12.406,0.027,12.267,0.026,12.188,0.023,12.176,0.024,12.126,0.413,8.833,,,,21.77989959716797,0.3055000007152557,,,,,AAA,0000,AACU,SSG,SSG,,,,,,,,,,,,,,,
1400,ZTF J101034.55-095955.5,2MASS 10103456-0959559,3768672693722590080,WISEA J101034.55-095955.7,GALEX J101034.5-095955,152.64396044213987,-9.998794164064538,989.9459239062886,,15.73,0.15,-0.193,13.438723,336.2527,13.976097,99.781296,12.733794,111.35372,11.735,0.024,11.212,0.026,11.095,0.023,11.073,0.024,11.076,0.022,11.021,0.123,8.552,,,,20.299299240112305,0.1142000034451484,,,,,AAA,0000,AABU,RS,SSG,,,,,,,,,,,,,,,
1401,2MASS J09563060-1000154,2MASS 09563060-1000154,3770044879938396544,WISEA J095630.60-100015.5,GALEX J095630.6-100015,149.12751787978695,-10.00433192064747,1051.8813930642184,,3.12,0.15,-0.3904,12.956714,389.217,13.451375,118.77777,12.294644,129.79367,11.359,0.023,10.798,0.023,10.733,0.025,10.439,0.021,10.403,0.019,10.044,0.069,8.693,,22.267200469970703,0.4434,18.210100173950195,0.0381999984383583,,,,,AAA,dddD,AAAU,RS,SSG,,,,,,,,,,,,,,,
1402,NSVS 13039638,2MASS 10184181-0341275,3780347789222513024,WISEA J101841.80-034127.6,GALEX J101841.7-034128,154.67418656771716,-3.6910247191066103,726.5184759994048,,4.12,0.11,,13.602461,328.6815,14.2930765,105.14632,12.781899,131.8708,11.639,0.023,11.047,0.022,10.863,0.021,10.64,0.023,10.581,0.02,10.42,0.087,8.97,,,,20.895299911499023,0.1620000004768371,,,,,AAA,0000,AAAU,cut,SSG,,,,,,,,,,,,,,,
1403,CSS J104011.7-022408,2MASS 10401173-0224085,3781524472822736640,WISEA J104011.72-022408.8,GALEX J104011.7-022408,160.04886182605244,-2.4024528360080075,1657.3002174076469,,8.21,0.16,-0.5256,15.511797,167.92203,16.171486,50.93623,14.682384,37.08321,13.513,0.024,12.905,0.025,12.735,0.03,12.717,0.024,12.658,0.027,12.225,,8.921,,,,22.501100540161133,0.382099986076355,,,,,AAA,0000,AAUU,SSG,SSG,,,,,,,,,,,,,,,
1404,BC Sex,2MASS 10300267-0047319,3782911193208142720,WISEA J103002.65-004732.1,,157.51105152821117,-0.7923111999315593,479.45760982443966,,15.37,0.17,0.0585,11.568714,246.56686,12.048368,74.74086,10.901015,91.954155,10.092,0.023,9.593,0.022,9.462,0.021,9.364,0.023,9.372,0.02,9.328,0.035,8.592,,,,,,,,,,AAA,0000,AAAU,RS,RS,,,,,,,,,,,,,,,
1405,ZTF J104813.90+011834.4,2MASS 10481392+0118345,3808173679742261632,WISEA J104813.90+011834.4,,162.05795434866394,1.309563874826566,1733.155088857373,,5.72,0.13,-0.7959,15.639044,413.4757,16.24216,100.33375,14.882604,102.975365,13.637,0.029,13.085,0.029,12.981,0.033,12.948,0.023,12.939,0.028,12.109,,8.265,,,,,,,,,,AAA,0000,AAUU,SSG,SSG,,,,,,,,,,,,,,,
1406,IW Leo,2MASS 10592010+0453174,3815916848646502400,WISEA J105920.09+045317.3,GALEX J105920.1+045318,164.83367917992328,4.8881550933724,457.0345109221562,,8.76,0.12,0.1662,12.060656,554.73804,12.699011,155.3499,11.285132,193.72722,10.267,0.023,9.649,0.025,9.49,0.023,9.421,0.022,9.454,0.02,9.354,0.04,9.099,0.543,,,19.488800048828125,0.1110000014305114,,,,,AAA,0000,AAAC,SSG,SSG,,,,,,,,,,,,,,,
1407,CSS J093138.5-031836,2MASS 09313858-0318368,3825642823563843328,WISEA J093138.58-031836.8,,142.9107526575188,-3.3102380187948124,1639.341566050833,,5.14,0.12,-0.1624,14.794253,259.0523,15.494382,65.93423,13.980116,108.540474,12.701,0.024,12.054,0.023,11.816,0.021,11.863,0.023,11.823,0.022,11.588,0.224,8.907,,,,,,,,,,AAA,0000,AABU,SSG,SSG,,,,,,,,,,,,,,,
1408,CSS J094740.9+002829,2MASS 09474096+0028292,3834107997945611264,WISEA J094740.95+002829.1,GALEX J094740.9+002829,146.92065577301395,0.4747627935030142,973.3197479433746,,3.39,0.36,-0.1059,13.84124,367.14194,14.42731,111.68434,13.105617,153.70285,12.144,0.024,11.584,0.022,11.482,0.026,11.345,0.023,11.352,0.021,11.269,0.159,8.609,,,,20.765600204467773,0.186599999666214,,,,,AAA,0000,AABU,RS,SSG,,,,,,,,,,,,,,,
1409,CSS J090933.4+010517,2MASS 09093351+0105175,3843582283483712256,WISEA J090933.51+010517.5,,137.3896488370101,1.0882218474641048,1465.6436108737448,,6.31,0.09,-0.1242,14.274491,239.3891,14.856031,65.875465,13.531735,85.774925,12.505,0.026,11.963,0.023,11.809,0.024,11.792,0.023,11.783,0.022,11.768,0.287,8.774,,,,,,,,,,AAA,0000,AABU,RS,SSG,,,,,,,,,,,,,,,
1410,CSS J091729.9+032218,2MASS 09172997+0322186,3845492684936888064,WISEA J091729.96+032218.6,GALEX J091729.9+032218,139.37483535409433,3.3718099892073767,1492.1171985432609,,0.42,0.1,-0.6066,14.52241,351.86282,15.088271,100.399445,13.788585,133.2629,12.819,0.022,12.247,0.023,12.092,0.024,11.974,0.023,11.9,0.022,11.526,0.236,8.713,,,,20.66349983215332,0.1416999995708465,,,,,AAA,0000,AABU,RS,SSG,,,,,,,,,,,,,,,
1411,CSS J095254.6+061146,2MASS 09525462+0611460,3850420004563149312,WISEA J095254.62+061146.0,GALEX J095254.5+061144,148.22762927960775,6.196103412404542,1920.1050542466792,,0.26,0.1,-0.0991,15.599878,493.99518,16.161297,177.59332,14.88194,184.14291,13.824,0.024,13.317,0.033,13.202,0.034,13.221,0.024,13.195,0.029,12.49,,8.7,,,,22.353099822998047,0.3522000014781952,,,,,AAA,0000,AAUU,RS,SSG,,,,,,,,,,,,,,,
1412,CSS J093125.1+043214,2MASS 09312514+0432142,3851860880191111808,WISEA J093125.14+043214.0,GALEX J093125.1+043214,142.854768579089,4.537190820164968,954.1004850098236,,8.1,0.14,0.05,13.040439,500.96472,13.632626,146.61952,12.302002,188.49072,11.373,0.026,10.765,0.022,10.641,0.024,10.572,0.023,10.594,0.021,10.528,0.078,9.019,,,,20.675800323486328,0.1369999945163726,,,,,AAA,0000,AAAU,cut,SSG,,,,,,,,,,,,,,,
1413,CSS J094512.8+073729,2MASS 09451284+0737288,3854548224048893696,WISEA J094512.83+073728.7,GALEX J094512.8+073728,146.30349215626612,7.624659507518631,1402.6086407916082,,11.91,0.07,-0.8384,13.645621,392.85187,14.190159,109.188576,12.884007,138.95398,11.838,0.026,11.242,0.025,11.136,0.027,11.066,0.023,11.048,0.021,10.986,0.136,8.906,,,,20.6564998626709,0.1230000033974647,,,,,AAA,0000,AABU,RS,SSG,,,,,,,,,,,,,,,
1414,ZTF J104234.10+052550.9,2MASS 10423409+0525510,3859083885606770304,WISEA J104234.09+052550.9,,160.64209759232182,5.430799208634176,1871.666207727627,,16.67,0.06,-0.1831,14.922322,279.81924,15.49325,79.406975,14.198063,99.792755,13.527,0.028,12.882,0.03,12.768,0.033,12.514,0.023,12.55,0.027,11.806,0.293,8.304,,,,,,,,,,AAA,0000,AABU,RS,SSG,,,,,,,,,,,,,,,
1415,CSS J105319.8+061113,2MASS 10531982+0611138,3864520107317266560,WISEA J105319.84+061113.5,GALEX J105319.8+061113,163.3327173208165,6.187059209319603,1148.7956018375633,,12.92,0.1,-0.4249,13.39255,290.72366,13.859672,87.94112,12.74471,99.56549,11.872,0.023,11.346,0.021,11.242,0.023,11.166,0.024,11.15,0.022,11.169,0.154,8.274,,,,19.023500442504883,0.0785999968647956,,,,,AAA,0000,AABU,RS,SSG,,,,,,,,,,,,,,,
1416,ZTF J104127.47+091406.8,2MASS 10412748+0914066,3869127443290440832,WISEA J104127.47+091406.5,GALEX J104127.5+091407,160.3644629878268,9.235187815053257,1901.6854960240828,,7.34,0.08,-0.4325,15.299558,437.1375,15.837327,109.23657,14.599775,164.51208,13.789,0.032,13.19,0.029,13.063,0.037,12.851,0.024,12.858,0.027,11.881,0.34,8.268,,,,21.235599517822266,0.2187999933958053,,,,,AAA,0000,AABU,RS,SSG,,,,,,,,,,,,,,,
1417,CSS J104711.8+104050,2MASS 10471196+1040503,3869713139390418176,WISEA J104711.92+104050.3,,161.79972283216935,10.680645016608542,1186.1070803303803,,3.93,0.09,-0.6489,14.414134,338.62726,14.924088,89.897545,13.740627,113.92924,12.827,0.023,12.291,0.023,12.199,0.026,12.095,0.023,12.142,0.024,11.772,,8.718,,,,,,,,,,AAA,0000,AAUU,RS,SSG,,,,,,,,,,,,,,,
1418,CSS J103908.6+112751,2MASS 10390872+1127508,3870798116849320576,WISEA J103908.72+112750.8,GALEX J103908.7+112749,159.7863599509711,11.464102969774135,1002.1490056486105,,8.17,0.09,-0.1308,14.575668,190.18402,15.318343,48.43053,13.733608,69.8472,12.447,0.022,11.794,0.022,11.607,0.021,11.555,0.023,11.508,0.022,11.217,0.179,8.947,,,,21.836599349975582,0.2876999974250793,,,,,AAA,0000,AABU,SSG,SSG,,,,,,,,,,,,,,,
1419,ZTF J100842.28+065730.3,2MASS 10084227+0657304,3874011881962353152,WISEA J100842.27+065730.3,GALEX J100842.2+065730,152.17617511060982,6.958403643093141,743.5114857359764,,5.39,0.05,-0.2191,13.0848875,229.32234,13.695585,65.21611,12.332714,77.09794,11.191,0.025,10.619,0.025,10.468,0.021,10.468,0.023,10.463,0.021,10.368,0.076,9.053,,,,20.24360084533692,0.1684000045061111,,,,,AAA,0000,AAAU,SSG,SSG,,,,,,,,,,,,,,,
1420,CSS J100821.1+084332,2MASS 10082113+0843324,3875222306825444480,WISEA J100821.13+084332.2,GALEX J100821.1+084332,152.08809569477293,8.725611251585695,991.5633522322524,,5.3,0.08,-0.5916,12.780324,497.4719,13.21668,150.75346,12.163646,156.71759,11.385,0.023,10.836,0.032,10.734,0.02,10.684,0.022,10.659,0.021,10.576,0.101,8.465,,,,17.721900939941406,0.0289999991655349,,,,,AAA,0000,AAAU,RS,RS,,,,,,,,,,,,,,,
1421,EQ Leo,2MASS 10132387+1208457,3880838822674190720,WISEA J101323.87+120845.7,,153.3494078662679,12.146038532804312,503.6487579248246,,34.11,0.1,-0.4777,9.05959,483.15063,9.674614,116.103294,8.311586,161.49715,7.287,0.018,6.718,0.018,6.564,0.016,6.501,0.078,6.529,0.023,6.489,0.017,6.417,0.06,,,,,,,,,AAA,0000,AAAA,RS,SSG,,,,,,,,,,,,,,,
1422,ZTF J100241.37+115858.2,2MASS 10024138+1158582,3881207502667110144,WISEA J100241.35+115858.3,,150.6724016722196,11.98283213967177,1981.4998175545795,,20.36,0.1,-0.5413,14.539487,701.2775,15.031079,184.65123,13.87427,248.83781,12.981,0.032,12.441,0.033,12.362,0.032,12.223,0.023,12.204,0.023,11.981,0.347,8.93,,,,,,,,,,AAA,0000,AABU,RS,SSG,,,,,,,,,,,,,,,
1423,ZTF J103303.83+131300.3,2MASS 10330384+1313002,3883990018703753344,WISEA J103303.83+131300.2,,158.2659572090815,13.21674903861286,1204.5975269591909,,10.46,0.08,-0.109,13.67469,186.45815,14.262981,48.671684,12.946836,62.265846,11.769,0.022,11.206,0.019,11.104,0.022,11.104,0.023,11.132,0.022,10.846,0.151,7.976,,,,,,,,,,AAA,0000,AABU,RS,SSG,,,,,,,,,,,,,,,
1424,IN Leo,2MASS 10395900+1327220,3884704946075965696,WISEA J103959.00+132721.8,GALEX J103959.0+132722,159.99585907089082,13.45601320273339,234.03747952389335,,6.22,0.11,,9.997467,296.17075,10.531543,105.17114,9.305071,120.05461,8.288,0.023,7.771,0.049,7.632,0.018,7.606,0.031,7.634,0.021,7.548,0.021,7.741,0.251,19.69960021972656,0.1596,16.4862003326416,0.0130000002682209,,,,,AAA,0000,AAAB,RS,RS,,,,,,,,,,,,,,,
1425,CSS J102618.9+183510,2MASS 10261891+1835103,3890959552329818752,WISEA J102618.91+183510.4,GALEX J102618.9+183510,156.5788205317009,18.586220546396785,1398.6399656159415,,7.86,0.06,-0.3421,14.452617,249.7878,15.0394125,73.8198,13.706943,91.46102,12.934,0.023,12.349,0.022,12.203,0.022,11.988,0.023,11.943,0.022,11.754,0.277,8.543,,,,21.743900299072266,0.2102999985218048,,,,,AAA,0000,AABU,SSG,SSG,,,,,,,,,,,,,,,
1426,ZTF J123921.35+102340.8,2MASS 12392134+1023407,3903466806333755776,WISEA J123921.34+102340.8,,189.8389367332619,10.394665642528746,1102.3841050517558,,3.48,0.06,-0.1288,14.282534,359.6002,14.906884,103.618195,13.508817,109.27063,12.421,0.024,11.809,0.022,11.672,0.023,11.607,0.021,11.589,0.022,11.369,0.213,8.745,,,,,,,,,,AAA,0000,AABU,SSG,SSG,,,,,,,,,,,,,,,
1427,OS Leo,2MASS 11333699+0751289,3910734887431083904,WISEA J113336.96+075128.3,,173.40398444327738,7.857794516241146,297.69640356070994,,5.71,0.12,-0.4226,11.008295,405.0846,11.559378,120.09617,10.297694,160.6174,9.355,0.024,8.755,0.047,8.622,0.024,8.479,0.022,8.499,0.02,8.386,0.025,8.129,0.309,,,,,,,,,AAA,0000,AAAB,RS,SSG,,,,,,,,,,,,,,,
1428,NP Com,2MASS 12484826+1445303,3930914980250061824,WISEA J124848.29+144529.8,,192.20124534840645,14.758237172382652,256.7281899959495,49.3655,2.46,0.07,-0.0397,9.533147,792.1909,10.050766,245.0008,8.849647,282.24124,8.008,0.026,7.463,0.021,7.365,0.023,7.152,0.038,7.278,0.019,7.226,0.018,6.952,0.087,,,,,Yes,Absorption,Normal Emission,Normal Emission,AAA,0000,AAAA,RS,SSG,,,,,,,,,,,,,,,
1429,CSS J125731.8+145638,2MASS 12573190+1456379,3931119867369863680,WISEA J125731.89+145637.9,GALEX J125731.8+145638,194.38287499543452,14.943888417810426,1183.5971692770784,,5.18,0.06,,14.4915695,186.67879,15.152161,52.60489,13.685542,69.56861,12.349,0.022,11.743,0.023,11.605,0.02,11.681,0.023,11.601,0.021,11.513,0.187,8.866,,,,20.86930084228516,0.1351000070571899,,,,,AAA,0000,AABU,SSG,SSG,,,,,,,,,,,,,,,
1430,BD +142519,2MASS 12355741+1329253,3931907289493655040,WISEA J123557.39+132924.9,GALEX J123557.4+132924,188.98908124294735,13.490205538452708,206.3839922963594,,4.53,0.1,-0.1589,9.869874,224.82138,10.4354105,67.61723,9.160279,74.68537,8.29,0.034,7.68,0.02,7.57,0.029,7.405,0.034,7.465,0.021,7.381,0.018,7.234,0.1,19.7726993560791,0.1821,16.826799392700195,0.0208999998867511,Yes,Variable H-alpha,Normal Emission,Normal Emission,AAA,0000,AAAA,RS,SSG,,,,,,,,,,,,,,,
1431,ZTF J130047.56+183931.3,2MASS 13004760+1839311,3941285677002856576,WISEA J130047.58+183931.1,GALEX J130047.6+183929,195.1982020743831,18.658665592625308,643.3195317131174,,3.3,0.07,-1.4759,13.31472,502.225,13.931437,136.1413,12.547114,177.7537,11.557,0.022,10.991,0.023,10.829,0.018,10.676,0.022,10.662,0.02,10.572,0.085,8.34,,,,19.69569969177246,0.1744000017642974,,,,,AAA,0000,AAAU,SSG,SSG,,,,,,,,,,,,,,,
1432,ZTF J121624.52+163657.7,2MASS 12162454+1636579,3946404900061998464,WISEA J121624.53+163657.7,,184.1021976395309,16.61602480503026,1089.102433572556,,7.61,0.08,,13.63216,720.3474,14.068097,213.49336,13.036121,291.73474,12.292,0.024,11.852,0.028,11.781,0.019,11.747,0.023,11.763,0.022,11.623,0.2,8.987,,,,,,,,,,AAA,0000,AABU,RS,RS,,,,,,,,,,,,,,,
1433,FN Com,2MASS 12190644+1821211,3947234928261838720,WISEA J121906.43+182120.8,GALEX J121906.4+182121,184.77678950783024,18.355773683604436,241.6715379461096,31.45815384615385,5.66,0.09,,10.745709,396.68805,11.387251,111.22356,9.965285,146.79147,8.942,0.023,8.317,0.017,8.15,0.017,7.967,0.025,7.974,0.021,7.864,0.021,7.746,0.178,20.79540061950684,0.2963,18.06450080871582,0.049100000411272,Yes,Variable H-alpha,Normal Emission,Normal Emission,AAA,0000,AAAB,SSG,SSG,5.6661,0.0353,0.0665,0.0062,43.736,0.265,,,Asymmetric,0.42840168,0.4537208,0.47824946,0.50207573,0.52527195,0.5478984
1434,ZTF J122439.58+191844.0,2MASS 12243960+1918444,3948844682004199296,WISEA J122439.59+191844.2,GALEX J122439.5+191845,186.16492446423464,19.312235276476216,1161.3689547103777,,0.74,0.09,-0.4029,14.75346,758.61426,15.400313,231.6287,13.894176,340.86172,12.827,0.022,12.214,0.02,12.034,0.021,11.963,0.023,11.948,0.023,11.647,0.206,9.148,,,,21.835899353027344,0.3869000077247619,,,,,AAA,0000,AABU,cut,SSG,,,,,,,,,,,,,,,
1435,ZTF J123335.56+270247.8,2MASS 12333557+2702478,3960908626663134848,WISEA J123335.56+270247.7,GALEX J123335.5+270247,188.398179524664,27.046595807446774,949.2578230109988,,19.59,0.04,-0.0776,13.734251,438.48816,14.318308,131.26479,12.999858,165.7788,12.008,0.03,11.39,0.034,11.302,0.02,11.247,0.024,11.268,0.022,11.174,0.121,9.092,0.501,,,21.185800552368164,0.1798000037670135,,,,,AAA,0000,AABC,SSG,SSG,,,,,,,,,,,,,,,
1436,ZTF J124415.07+293832.5,2MASS 12441509+2938325,3963152214500028160,WISEA J124415.07+293832.5,GALEX J124415.1+293833,191.06280624300425,29.642341296699712,1729.7155959817323,,0.83,0.05,-0.2971,15.270323,500.89838,15.844902,126.01596,14.525053,129.70781,13.578,0.027,12.976,0.032,12.892,0.03,12.713,0.023,12.715,0.026,12.222,,8.994,,,,22.120800018310547,0.2937000095844269,,,,,AAA,0000,AAUU,SSG,SSG,,,,,,,,,,,,,,,
1437,ZTF J111950.93+142322.0,2MASS 11195095+1423218,3966872068494672000,WISEA J111950.94+142321.8,GALEX J111950.9+142321,169.96222910880277,14.389399355541682,977.3258612544162,,4.76,0.06,-0.1601,14.308476,227.77191,14.96015,32.893795,13.498434,80.839325,12.206,0.024,11.581,0.034,11.415,0.019,11.403,0.021,11.406,0.021,11.497,0.207,8.908,,,,21.68409919738769,0.382999986410141,,,,,AAA,0000,AABU,SSG,SSG,,,,,,,,,,,,,,,
1438,CSS J113334.4+220600,2MASS 11333437+2206006,3980294391050065664,WISEA J113334.37+220600.5,GALEX J113334.4+220600,173.39323941414634,22.100152706180744,1262.4347243677448,,4.99,0.05,-0.2648,14.3724985,193.44608,14.918914,50.286087,13.6566925,76.34371,12.628,0.021,12.056,0.021,11.954,0.02,12.0,0.023,11.99,0.023,12.178,0.373,8.739,,,,20.80279922485352,0.229200005531311,,,,,AAA,0000,AACU,RS,SSG,,,,,,,,,,,,,,,
1439,ZTF J121854.88+235216.6,2MASS 12185489+2352167,4002055684669356416,WISEA J121854.88+235216.6,GALEX J121854.8+235216,184.72866919143323,23.871267252929258,1959.8409481211725,,11.78,0.05,-0.6572,14.143832,247.8261,14.639742,74.89231,13.477365,92.29395,12.516,0.024,11.99,0.032,11.866,0.021,11.797,0.023,11.78,0.023,11.466,0.183,9.108,,,,19.38999938964844,0.0658999979496002,,,,,AAA,0000,AABU,RS,SSG,,,,,,,,,,,,,,,
1440,ZTF J122012.09+244054.0,2MASS 12201208+2440540,4002212433795789952,WISEA J122012.09+244053.9,,185.05040459503135,24.681647599154385,1134.576103789576,,8.4,0.07,-0.3388,13.553597,446.50214,13.98835,130.70793,12.941037,149.13332,12.306,0.024,11.8,0.031,11.71,0.02,11.631,0.022,11.667,0.022,11.789,0.232,9.084,,,,,,,,,,AAA,0000,AABU,RS,RS,,,,,,,,,,,,,,,
1441,HL Leo,2MASS 11434707+2400371,4004885655800704896,WISEA J114347.03+240037.1,GALEX J114346.9+240035,175.94590534235692,24.010297582096317,240.88755373347476,,31.89,0.09,-0.0993,7.101652,766.89813,7.544746,232.25766,6.479473,200.1563,5.742,0.02,5.297,0.023,5.196,0.021,5.147,0.19,4.939,0.078,5.135,0.015,5.058,0.031,,,14.404399871826172,0.0083999997004866,,,,,AAA,0000,BAAA,RS,RS,,,,,,,,,,,,,,,
1442,ZTF J114030.76+235933.9,2MASS 11403076+2359339,4004919878100110720,WISEA J114030.77+235933.9,,175.12818739486454,23.992738680997252,1710.7898252614966,,9.02,0.06,-0.5865,15.040339,303.13492,15.659284,81.01987,14.268753,107.52075,13.13,0.022,12.533,0.021,12.403,0.025,12.379,0.023,12.363,0.024,12.235,0.369,8.459,,,,,,,,,,AAA,0000,AACU,SSG,SSG,,,,,,,,,,,,,,,
1443,CSS J112254.9+312108,2MASS 11225499+3121087,4023767259746240768,WISEA J112255.00+312108.7,GALEX J112254.9+312108,170.72915256305842,31.352375187435367,1238.545763690389,,2.66,0.05,-0.4304,14.478824,276.96484,14.97731,79.783394,13.8152275,104.65555,12.989,0.023,12.44,0.023,12.35,0.021,12.258,0.022,12.277,0.023,12.094,0.374,8.844,,,,20.975799560546875,0.2428999990224838,,,,,AAA,0000,AACU,RS,SSG,,,,,,,,,,,,,,,
1444,CSS J113707.5+310635,2MASS 11370759+3106358,4024093745980236672,WISEA J113707.59+310635.6,GALEX J113707.6+310635,174.2816130335691,31.109853023345824,1971.1148324302217,,1.16,0.06,,14.916354,338.00806,15.463097,89.93049,14.201275,114.67305,13.169,0.022,12.609,0.018,12.509,0.023,12.519,0.023,12.49,0.024,12.234,,8.425,,,,21.37290000915528,0.2939000129699707,,,,,AAA,0000,AAUU,RS,RS,,,,,,,,,,,,,,,
1445,CSS J113447.8+335231,2MASS 11344790+3352316,4025951267796198784,WISEA J113447.89+335231.4,GALEX J113447.9+335231,173.69954870801172,33.87537960065807,1456.949635017642,,8.28,0.06,-0.4491,14.149197,326.34116,14.68581,98.77668,13.446416,111.50462,12.413,0.022,11.832,0.022,11.698,0.018,11.73,0.023,11.735,0.023,11.771,0.218,8.802,,,,20.54210090637207,0.0992999970912933,,,,,AAA,0000,AABU,RS,SSG,,,,,,,,,,,,,,,
1446,ZTF J115736.09+355145.3,2MASS 11573609+3551455,4031534003726701312,WISEA J115736.09+355145.3,GALEX J115736.0+355146,179.40037330638592,35.862581565763534,827.8037844978028,,9.25,0.06,-0.0418,13.068784,285.6872,13.673486,74.670876,12.312362,95.740585,11.29,0.022,10.727,0.023,10.566,0.016,10.559,0.024,10.572,0.022,10.524,0.074,8.976,,,,20.50189971923828,0.1978999972343444,,,,,AAA,0000,AAAU,SSG,SSG,,,,,,,,,,,,,,,
1447,ASAS J181034-3841.4,2MASS 18103442-3841212,4035976580528063488,WISEA J181034.42-384121.3,,272.64345420928663,-38.68928378053011,1211.0954040611637,,18.0,0.34,-0.0257,11.255003,262.1322,11.957903,86.72695,10.41211,99.072426,9.211,0.023,8.542,0.027,8.298,0.02,8.283,0.022,8.425,0.02,8.202,0.023,8.205,0.288,,,,,,,,,AAA,0000,AAAB,RS,SSG,,,,,,,,,,,,,,,
1448,V4138 Sgr,2MASS 19224030-2038344,4082719809063565696,WISEA J192240.30-203835.3,GALEX J192240.3-203834,290.6679563065285,-20.643374230682568,75.37697003697637,,62.02,0.27,-0.0607,6.300821,359.7528,6.825605,91.41579,5.6065288,154.89386,4.847,0.212,4.187,0.226,4.125,0.27,4.055,0.275,3.799,0.135,4.005,0.015,3.945,0.026,17.590099334716797,0.0381,13.696999549865724,0.0046999999321997,,,,,CDD,0000,BBAA,RS,RS,,,,,,,,,,,,,,,
1449,ZTF J190933.84-180314.9,2MASS 19093383-1803148,4087257081243118592,WISEA J190933.84-180314.9,,287.3910235595968,-18.05417541654123,1266.9621438401891,,5.81,0.45,-0.4609,14.985822,167.05688,15.692526,46.649773,14.157762,63.480656,13.101,0.041,12.468,0.051,12.301,0.041,12.275,0.027,12.208,0.03,11.394,,7.739,,,,,,,,,,AAA,0000,AAUU,SSG,SSG,,,,,,,,,,,,,,,
1450,ZTF J191213.42-162258.4,2MASS 19121341-1622586,4088082604003344512,WISEA J191213.41-162258.6,GALEX J191213.3-162259,288.05593892657265,-16.382930348820683,911.5571686888223,,9.64,0.42,0.082,13.705889,285.88916,14.341935,81.27043,12.929445,102.35436,11.802,0.025,11.161,0.025,11.037,0.023,11.01,0.023,11.029,0.021,11.15,0.165,8.901,,,,21.056699752807617,0.248099997639656,,,,,AAA,0000,AABU,RS,SSG,,,,,,,,,,,,,,,
1451,ZTF J193801.52-134204.3,2MASS 19380151-1342044,4183568321228510976,WISEA J193801.52-134204.4,,294.50633307145165,-13.701233640320076,1665.571754104802,,4.52,0.5,-0.5209,15.101014,246.78464,15.767801,71.192924,14.285614,98.42737,13.062,0.024,12.448,0.026,12.296,0.023,12.301,0.024,12.266,0.026,11.713,0.26,8.387,,,,,,,,,,AAA,0000,AABU,RS,SSG,,,,,,,,,,,,,,,
1452,ZTF J192524.09-120423.9,2MASS 19252409-1204240,4187452758369039488,,,291.3503721625304,-12.073353231807747,1645.749307958382,,2.14,0.48,,15.697877,132.35611,16.44269,39.241077,14.814339,51.323177,13.433,0.029,12.786,0.03,12.566,0.027,,,,,,,,,,,,,,,,,AAA,,,SSG,SSG,,,,,,,,,,,,,,,
1453,ZTF J194912.26-124604.6,2MASS 19491226-1246048,4188767018364066304,WISEA J194912.24-124604.5,,297.3010702325255,-12.767976834152474,1856.6476619589837,,11.22,0.41,-0.0974,14.632832,509.90814,15.172335,142.1837,13.935024,164.84396,13.016,0.023,12.486,0.024,12.393,0.024,12.223,0.024,12.276,0.027,11.712,0.3,8.236,,,,,,,,,,AAA,0000,AABU,RS,RS,,,,,,,,,,,,,,,
1454,ZTF J200358.81-102359.7,2MASS 20035882-1023596,4191050532213210368,WISEA J200358.82-102359.7,GALEX J200358.8-102359,300.9950859778251,-10.39994555148257,1499.617117809184,,10.2,0.34,-0.0677,13.905611,290.44705,14.50694,88.48794,13.132403,114.53569,12.059,0.026,11.436,0.022,11.281,0.023,11.284,0.023,11.249,0.022,11.487,0.244,8.65,,,,20.584199905395508,0.1572999954223632,,,,,AAA,0000,AABU,RS,SSG,,,,,,,,,,,,,,,
1455,ZTF J200437.28-093942.8,2MASS 20043728-0939429,4191532805501476608,WISEA J200437.28-093942.9,GALEX J200437.2-093943,301.15537410917767,-9.66192925370439,725.5472921895953,,6.69,0.37,-0.1005,12.852324,397.26654,13.473945,136.36984,12.089349,144.51112,10.933,0.021,10.379,0.022,10.195,0.023,10.088,0.022,10.092,0.02,10.064,0.073,8.163,,,,20.26639938354492,0.1327999979257583,,,,,AAA,0000,AAAU,cut,SSG,,,,,,,,,,,,,,,
1456,ZTF J200036.99-082521.4,2MASS 20003698-0825213,4192651352425481472,WISEA J200036.98-082521.5,GALEX J200037.0-082521,300.1541252463184,-8.42263544286442,1168.0107432810637,,2.04,0.46,-0.4715,14.6929865,428.4074,15.429583,121.75155,13.844859,161.5659,12.609,0.024,11.947,0.021,11.802,0.023,11.691,0.024,11.66,0.022,11.524,0.207,8.568,,,,21.654800415039062,0.393200010061264,,,,,AAA,0000,AABU,SSG,SSG,,,,,,,,,,,,,,,
1457,ZTF J195038.11-084807.1,2MASS 19503812-0848071,4195206205132841344,WISEA J195038.12-084807.1,GALEX J195038.2-084809,297.6588261776062,-8.80202134509506,1941.480345446502,,19.63,0.41,-0.1257,15.1611185,291.38693,15.782429,67.58419,14.389369,103.33161,13.346,0.023,12.767,0.028,12.595,0.025,12.572,0.025,12.55,0.026,11.871,0.312,8.501,,,,23.19729995727539,0.4713999927043915,,,,,AAA,0000,AABU,RS,SSG,,,,,,,,,,,,,,,
1458,ZTF J195717.74-072925.2,2MASS 19571775-0729251,4195794237695187968,WISEA J195717.75-072925.3,GALEX J195717.7-072924,299.3239271438056,-7.490369639246352,1335.7204439607,,0.44,0.44,-0.0065,13.187048,612.417,13.576555,199.11104,12.625664,225.8721,11.905,0.026,11.627,0.022,11.535,0.021,11.517,0.022,11.53,0.021,11.299,0.227,8.993,,,,18.870100021362305,0.061999998986721,,,,,AAA,0000,AABU,RS,RS,,,,,,,,,,,,,,,
1459,ZTF J195217.68-054206.1,2MASS 19521768-0542061,4197234529209774464,WISEA J195217.68-054206.2,,298.073672679802,-5.701717348373661,1985.3827505346835,,10.43,0.42,-0.1603,15.145183,570.5867,15.724018,180.30505,14.4282465,188.35706,13.533,0.024,12.989,0.03,12.818,0.03,12.728,0.025,12.755,0.027,12.366,0.541,8.367,,,,,,,,,,AAA,0000,AACU,RS,SSG,,,,,,,,,,,,,,,
1460,ZTF J202411.89-055218.5,2MASS 20241189-0552185,4217963759361511936,WISEA J202411.89-055218.6,GALEX J202411.8-055217,306.0495745273462,-5.871837950229958,1655.093020285316,,10.66,0.19,-0.0102,14.950888,231.39522,15.629025,66.028366,14.160766,84.09807,13.111,0.026,12.484,0.024,12.279,0.024,12.24,0.024,12.287,0.024,12.027,0.388,8.709,,,,21.57080078125,0.2599000036716461,,,,,AAA,0000,AACU,SSG,SSG,,,,,,,,,,,,,,,
1461,ZTF J203244.86-051111.0,2MASS 20324486-0511109,4218298899951930368,WISEA J203244.86-051111.0,,308.18692145149555,-5.186418182976419,1843.684399913012,,19.24,0.13,-0.3372,13.433296,991.60254,13.798328,331.13605,12.901172,374.43347,12.219,0.026,11.859,0.024,11.786,0.026,11.735,0.023,11.787,0.023,12.105,0.374,9.231,,,,,,,,,,AAA,0000,AACU,RS,RS,,,,,,,,,,,,,,,
1462,ZTF J203340.92-040439.9,2MASS 20334090-0404401,4218670126861495040,WISEA J203340.91-040440.0,GALEX J203340.9-040439,308.4204987644096,-4.077797760243489,930.7093786435252,,20.17,0.21,,13.045381,2011.9052,13.563659,657.33044,12.357943,684.0231,11.471,0.026,10.9,0.024,10.723,0.023,10.692,0.023,10.681,0.02,10.641,0.094,8.949,,,,19.43930053710937,0.0930000022053718,,,,,AAA,0000,AAAU,RS,RS,,,,,,,,,,,,,,,
1463,ZTF J202050.04-040214.1,2MASS 20205005-0402140,4219278225512496128,WISEA J202050.04-040214.2,,305.20854366746624,-4.037282619104331,1864.6679632035184,,5.63,0.24,-0.8126,15.431818,225.75427,16.087662,67.95708,14.636531,84.92221,13.375,0.027,12.827,0.022,12.586,0.024,12.618,0.024,12.538,0.027,11.675,0.25,8.993,,,,,,,,,,AAA,dd00,AABU,SSG,SSG,,,,,,,,,,,,,,,
1464,ZTF J202442.08-035529.3,2MASS 20244209-0355292,4219415247850578816,WISEA J202442.08-035529.3,GALEX J202442.0-035528,306.17536011806527,-3.9248395737509862,860.395596631574,,8.87,0.18,,13.908346,340.1886,14.538384,99.46906,13.137959,124.4107,12.012,0.024,11.448,0.023,11.252,0.021,11.137,0.024,11.148,0.021,11.243,0.181,8.702,,,,21.980300903320312,0.3398999869823456,,,,,AAA,0000,AABU,SSG,SSG,,,,,,,,,,,,,,,
1465,ZTF J202045.03-022508.6,2MASS 20204502-0225086,4222827964443047808,WISEA J202045.03-022508.7,GALEX J202045.0-022508,305.18765713422937,-2.4190985588453535,1682.737770587942,,4.55,0.26,-0.4841,14.429186,680.1119,14.922638,172.08646,13.767276,234.73538,12.944,0.024,12.434,0.022,12.335,0.026,12.159,0.023,12.181,0.024,12.023,0.372,8.804,,,,20.643999099731445,0.1571000069379806,,,,,AAA,0000,AACU,RS,SSG,,,,,,,,,,,,,,,
1466,ZTF J202003.69-011207.0,2MASS 20200369-0112071,4224001624385658112,WISEA J202003.69-011207.2,,305.01538760313133,-1.2019958452797324,1665.7542385495226,,15.55,0.26,-0.1971,15.65228,226.74818,16.327688,65.92613,14.844385,85.617714,13.815,0.03,13.26,0.025,13.154,0.036,13.017,0.024,12.993,0.029,11.918,,8.864,,,,,,,,,,AAA,0000,AAUU,SSG,SSG,,,,,,,,,,,,,,,
1467,ZTF J201224.64-011953.3,2MASS 20122464-0119532,4224125113287218432,WISEA J201224.64-011953.2,,303.10267549749904,-1.33149793902023,1570.9398391644595,,18.78,0.48,-0.1609,15.241158,462.85577,15.93293,121.47503,14.433321,156.52928,13.375,0.025,12.768,0.028,12.643,0.03,12.481,0.024,12.505,0.023,12.213,,8.964,,,,,,,,,,AAA,0h00,AAUU,SSG,SSG,,,,,,,,,,,,,,,
1468,ZTF J203614.19-042056.6,2MASS 20361421-0420566,4224450190768814080,WISEA J203614.21-042056.8,,309.0591938057611,-4.349108927750061,1961.89512155614,,1.38,0.15,-0.2984,15.778334,1098.4421,16.32372,308.53818,15.072981,368.44354,14.262,0.036,13.722,0.035,13.547,0.046,13.438,0.025,13.467,0.034,12.337,,8.886,,,,,,,,,,AAA,0000,AAUU,RS,SSG,,,,,,,,,,,,,,,
1469,ZTF J204359.57-012712.6,2MASS 20435958-0127125,4225482735266771584,WISEA J204359.57-012712.6,,310.9982378550986,-1.4535143084068871,1311.9544230620345,,7.32,0.26,,14.686784,378.36786,15.282556,130.67514,13.920802,122.51063,12.416,0.022,11.853,0.024,11.691,0.024,11.711,0.023,11.669,0.022,11.78,0.336,8.106,,,,,,,,,,AAA,0000,AABU,RS,SSG,,,,,,,,,,,,,,,
1470,ZTF J203157.98-021240.9,2MASS 20315797-0212409,4225931301651412224,WISEA J203157.97-021241.0,,307.991588526573,-2.2114055152825585,1829.1831965350675,,11.09,0.4,,15.489804,942.42255,16.158058,188.30087,14.688961,290.78308,13.625,0.026,13.064,0.023,12.866,0.026,12.775,0.025,12.807,0.027,11.893,,8.755,,,,,,,,,,AAA,0000,AAUU,SSG,SSG,,,,,,,,,,,,,,,
1471,ZTF J204317.69-003429.7,2MASS 20431769-0034294,4227812944002874368,WISEA J204317.69-003429.5,,310.8237427905219,-0.5749169757852483,1228.6604913013462,,9.48,0.16,,14.558246,512.40967,15.151254,109.45602,13.80109,154.53758,12.707,0.026,12.092,0.024,11.996,0.026,11.963,0.024,11.925,0.023,11.629,0.248,8.651,,,,,,,,,,AAA,0000,AABU,SSG,SSG,,,,,,,,,,,,,,,
1472,PT Aqr,2MASS 20442963-0028387,4227817685646540544,WISEA J204429.64-002838.7,,311.1235327985498,-0.4774247575335053,602.6342042716474,,5.87,0.2,-0.0649,11.698572,564.73676,12.277461,177.51093,10.971053,236.71686,9.925,0.022,9.344,0.026,9.208,0.019,9.213,0.022,9.221,0.02,9.107,0.04,7.637,,,,,,,,,,AAA,0000,AAAU,RS,SSG,,,,,,,,,,,,,,,
1473,V1894 Aql,2MASS 20233516-0145042,4229161701173443072,WISEA J202335.14-014504.6,GALEX J202335.2-014505,305.89642216317617,-1.7513114709401727,550.9080337951598,,26.08,0.26,,10.672508,468.7314,11.232186,132.87717,9.95932,166.34615,9.055,0.03,8.517,0.034,8.343,0.021,8.247,0.024,8.303,0.021,8.191,0.021,8.188,0.256,,,17.69770050048828,0.0318999998271465,,,,,AAA,0000,AAAB,RS,RS,25.967352784224023,0.0079622185,0.0094704540432887,0.0173011,28.26020394253405,0.29855546,,,SB1,0.5194138,0.5484115,0.5764553,0.6036541,0.6300968,0.6558575
1474,ZTF J202211.34+004831.6,2MASS 20221135+0048317,4230496989325576448,WISEA J202211.35+004831.4,,305.54729851658925,0.8087636485473516,1790.5115325336462,,6.57,0.33,-0.8519,15.46871,811.0465,16.07272,130.2226,14.670767,239.66873,13.673,0.031,13.03,0.037,12.88,0.033,12.736,0.023,12.733,0.026,11.958,0.401,8.4,,,,,,,,,,AAA,0000,AACU,RS,SSG,,,,,,,,,,,,,,,
1475,ZTF J202522.60+010246.0,2MASS 20252262+0102460,4230888724703142016,WISEA J202522.61+010245.8,,306.3442331200817,1.046121251360553,1847.9095216089977,,2.57,0.37,-0.1569,15.385136,583.04926,15.909931,155.16173,14.69701,155.93613,13.792,0.029,13.311,0.031,13.219,0.035,13.081,0.025,13.111,0.029,12.494,,8.797,,,,,,,,,,AAA,0000,AAUU,RS,SSG,,,,,,,,,,,,,,,
1476,ZTF J202747.43+015938.6,2MASS 20274744+0159386,4231059904920528640,WISEA J202747.43+015938.5,,306.94766124414525,1.994047985296547,1744.6348209678565,,12.7,0.31,-0.1003,15.155189,276.51373,15.866325,79.68792,14.324675,97.563034,13.078,0.023,12.455,0.028,12.298,0.027,12.294,0.024,12.314,0.023,12.12,,8.247,,,,,,,,,,AAA,0000,AAUU,SSG,SSG,,,,,,,,,,,,,,,
1477,ZTF J203450.04+003806.9,2MASS 20345004+0038069,4231413496690010112,WISEA J203450.04+003806.8,,308.70853748775284,0.6352232322255388,1021.7858643954484,,12.55,0.42,-0.1304,13.437926,436.90298,14.09954,214.7181,12.626303,193.39781,11.362,0.021,10.735,0.023,10.615,0.023,10.611,0.024,10.626,0.02,10.447,0.076,8.587,,,,,,,,,,AAA,0000,AAAU,RS,SSG,,,,,,,,,,,,,,,
1478,NSVS 14291575,2MASS 20373647+0214038,4231689577188482176,WISEA J203736.47+021403.7,GALEX J203736.4+021404,309.40198249404085,2.234377075217652,1081.229797484337,,0.51,0.24,-1.0412,10.49828,761.2932,10.995088,229.60141,9.830064,258.21594,9.005,0.029,8.479,0.026,8.374,0.026,8.16,0.023,8.2,0.02,8.114,0.022,7.902,0.242,19.886999130249023,0.1537,15.852999687194824,0.0116999996826052,,,,,AAA,0000,AAAB,RS,RS,46.701659109303634,0.020929564,0.1847719402404773,0.020340497,30.472927092842298,0.6727085,,,SB1,0.7298928,0.7683322,0.8054895,0.8415111,0.8765167,0.91060585
1479,ZTF J200743.44-013005.5,2MASS 20074343-0130056,4235788011083744512,WISEA J200743.44-013005.5,,301.93100925279566,-1.5015525441220556,1159.2244024633246,,7.6,0.48,,13.860262,545.538,14.425936,153.49327,13.143633,201.89842,12.196,0.022,11.703,0.024,11.583,0.023,11.466,0.023,11.518,0.022,11.258,0.164,9.07,,,,,,,,,,AAA,0000,AABU,RS,RS,,,,,,,,,,,,,,,
1480,ZTF J201015.23+000327.1,2MASS 20101523+0003271,4236434352118338688,WISEA J201015.23+000327.0,,302.5634536973668,0.0575196642438871,1997.797963861397,,17.14,0.4,-0.5612,15.406534,269.81897,16.012033,77.68176,14.633826,102.6776,13.62,0.026,13.05,0.03,12.862,0.03,12.826,0.024,12.827,0.029,11.835,,8.952,,,,,,,,,,AAA,0000,AAUU,RS,SSG,,,,,,,,,,,,,,,
1481,ZTF J200308.82+003923.8,2MASS 20030883+0039239,4237410890247380608,WISEA J200308.82+003923.8,,300.78678534393714,0.6566082257915722,1879.9285327105863,,8.44,0.48,-0.5157,16.26419,388.26407,17.0137,91.20321,15.401845,131.26625,14.131,0.029,13.542,0.035,13.398,0.047,13.31,0.025,13.322,0.033,11.987,,8.916,,,,,,,,,,AAA,0000,AAUU,SSG,SSG,,,,,,,,,,,,,,,
1482,ZTF J195701.77+012040.1,2MASS 19570179+0120405,4240344833946666368,WISEA J195701.78+012040.2,,299.2574463323766,1.3444737751362017,1025.8998913966373,,1.52,0.43,-0.5991,13.868771,479.90228,14.3763685,138.74182,13.190803,185.01074,12.208,0.024,11.727,0.025,11.62,0.025,11.583,0.023,11.601,0.022,11.974,0.381,8.67,,,,,,,,,,AAA,0h00,AACU,RS,SSG,,,,,,,,,,,,,,,
1483,ZTF J195818.69+011523.3,2MASS 19581869+0115235,4240702656262866816,WISEA J195818.69+011523.4,,299.5778814701727,1.2564757896976375,1452.3027792909631,,15.93,0.4,-0.2947,14.72394,309.0067,15.302398,78.47181,13.942169,109.82317,12.844,0.024,12.316,0.025,12.195,0.024,12.108,0.023,12.151,0.025,11.956,0.273,9.058,,,,,,,,,,AAA,0000,AABU,RS,SSG,,,,,,,,,,,,,,,
1484,ZTF J195355.78+022304.0,2MASS 19535578+0223040,4241068484399236864,WISEA J195355.76+022303.7,,298.4824073537304,2.3844225344427934,1650.486983464751,,11.35,0.46,-0.3268,15.618783,500.59665,16.347578,138.40004,14.781132,191.38373,13.571,0.028,12.96,0.029,12.786,0.031,12.517,0.025,12.522,0.026,11.897,,8.953,,,,,,,,,,AAA,0000,AAUU,SSG,SSG,,,,,,,,,,,,,,,
1485,ZTF J195751.97+032123.6,2MASS 19575196+0321235,4241257531680588800,WISEA J195751.96+032123.5,GALEX J195752.0+032122,299.4665657199382,3.356530131477256,1016.1961639449316,,3.24,0.39,,14.144874,327.80215,14.783122,86.36672,13.365271,108.07415,12.148,0.022,11.513,0.023,11.378,0.025,11.337,0.023,11.299,0.021,11.232,0.159,8.997,,,,21.45509910583496,0.2883999943733215,,,,,AAA,0000,AABU,RS,SSG,,,,,,,,,,,,,,,
1486,ZTF J195440.82+033252.6,2MASS 19544081+0332527,4242049656785584512,WISEA J195440.82+033252.5,,298.6701111050931,3.54793969024775,1710.346148146732,,1.19,0.41,0.0794,15.710633,462.88287,16.245687,167.8916,14.967082,167.48059,13.999,0.029,13.526,0.036,13.339,0.05,13.359,0.026,13.366,0.034,11.799,0.286,8.544,,,,,,,,,,AAA,0000,AABU,RS,SSG,,,,,,,,,,,,,,,
1487,ZTF J195538.58+040343.4,2MASS 19553860+0403437,4242104533592763904,WISEA J195538.59+040343.4,GALEX J195538.6+040344,298.91077816747463,4.06204191931486,603.1676879768905,,8.88,0.41,-0.1002,13.269957,323.01035,13.951336,93.28762,12.439855,110.03648,11.285,0.023,10.664,0.025,10.5,0.023,10.411,0.023,10.385,0.02,10.137,0.065,8.69,,,,20.67460060119629,0.1882999986410141,,,,,AAA,0000,AAAU,SSG,SSG,,,,,,,,,,,,,,,
1488,ZTF J195101.44+042203.6,2MASS 19510144+0422037,4242353779136676352,WISEA J195101.44+042203.6,GALEX J195101.4+042204,297.75604107340325,4.367671704442729,1538.2321577606328,,4.88,0.48,,14.081001,470.84964,14.609231,150.91403,13.37677,144.94055,12.462,0.024,11.913,0.024,11.75,0.024,11.606,0.022,11.614,0.023,11.482,0.243,8.554,,,,20.42040061950684,0.1482000052928924,,,,,AAA,0000,AABU,RS,RS,,,,,,,,,,,,,,,
1489,ZTF J201723.32+011933.7,2MASS 20172331+0119336,4242642022967976448,WISEA J201723.32+011933.7,GALEX J201723.1+011932,304.3471749001005,1.3260162216031377,1511.7342257336495,,5.08,0.41,-0.2723,14.98226,256.9698,15.61481,66.510796,14.191692,86.80902,13.153,0.024,12.528,0.024,12.351,0.027,12.352,0.025,12.314,0.024,11.747,0.267,8.817,,,,21.572200775146484,0.3028999865055084,,,,,AAA,0000,AABU,RS,SSG,,,,,,,,,,,,,,,
1490,ZTF J201331.97+015656.7,2MASS 20133197+0156567,4242915011090470528,WISEA J201331.97+015656.7,,303.38322960258165,1.9490703376558565,1925.9738778399696,,1.15,0.3,-0.0105,15.488913,268.08246,16.262104,73.49509,14.609194,87.55416,13.26,0.022,12.605,0.028,12.402,0.025,12.517,0.024,12.458,0.025,12.447,0.494,8.881,,,,,,,,,,AAA,0000,AACU,SSG,SSG,,,,,,,,,,,,,,,
1491,ZTF J201457.08+021006.2,2MASS 20145707+0210064,4242946278452538240,WISEA J201457.08+021006.1,,303.7378427259306,2.1683734162548625,1279.8402025009575,,5.35,0.47,-0.7003,15.432757,288.15594,16.108994,69.75977,14.620774,97.333755,13.449,0.026,12.824,0.031,12.626,0.026,12.615,0.024,12.558,0.026,11.69,,8.138,,,,,,,,,,AAA,0000,AAUU,SSG,SSG,,,,,,,,,,,,,,,
1492,ZTF J200910.42+015038.5,2MASS 20091043+0150384,4243623474538786176,WISEA J200910.42+015038.5,,302.29343945660753,1.8440225498822689,1907.03023493795,,1.08,0.31,-0.3145,15.233261,581.648,15.836686,134.95726,14.479933,201.17235,13.521,0.026,12.951,0.027,12.87,0.034,12.719,0.025,12.687,0.027,12.088,,8.837,,,,,,,,,,AAA,0000,AAUU,RS,SSG,,,,,,,,,,,,,,,
1493,ZTF J201026.94+023058.1,2MASS 20102694+0230581,4243759092423980800,WISEA J201026.94+023058.1,,302.6122581501615,2.5161248117215593,1683.0126660079648,,1.41,0.28,-0.2477,15.618023,263.3766,16.246435,74.537186,14.84422,92.78777,13.738,0.029,13.134,0.034,12.989,0.032,12.986,0.024,13.02,0.029,12.575,,8.971,,,,,,,,,,AAA,0000,AAUU,SSG,SSG,,,,,,,,,,,,,,,
1494,ZTF J201617.94+031317.7,2MASS 20161794+0313176,4244149208597261440,WISEA J201617.94+031317.6,GALEX J201617.8+031317,304.07478468045935,3.2215687770093746,1047.0361129514715,,12.06,0.32,,13.789634,352.8729,14.463015,111.686104,12.974728,115.36201,11.988,0.024,11.312,0.024,11.142,0.021,10.955,0.022,10.912,0.02,10.659,0.102,8.643,,,,21.030000686645508,0.2926999926567077,,,,,AAA,0000,AAAU,SSG,SSG,,,,,,,,,,,,,,,
1495,ZTF J201434.31+031258.3,2MASS 20143431+0312581,4244203638718892160,WISEA J201434.31+031258.2,GALEX J201434.3+031258,303.6429756097095,3.2161918803068623,1757.5307182726106,,13.95,0.42,-0.4423,14.753282,1070.4941,15.263253,306.05936,14.071313,313.69412,13.129,0.026,12.628,0.028,12.51,0.03,12.477,0.023,12.476,0.026,12.318,0.471,8.851,,,,20.548200607299805,0.1595000028610229,,,,,AAA,0000,AACU,RS,SSG,,,,,,,,,,,,,,,
1496,ZTF J201337.71+031930.0,2MASS 20133771+0319298,4244396564351158272,WISEA J201337.71+031929.9,,303.40715047084507,3.3249958396168156,1743.0523359902963,,8.37,0.39,-0.0273,15.230536,569.55133,15.786154,171.72356,14.521528,213.97295,13.606,0.026,13.085,0.021,12.925,0.032,12.952,0.025,12.976,0.03,12.625,,8.784,,,,,,,,,,AAA,0000,AAUU,RS,SSG,,,,,,,,,,,,,,,
1497,ZTF J201149.76+040607.9,2MASS 20114976+0406078,4244499682226042752,WISEA J201149.76+040607.6,GALEX J201149.5+040607,302.95735356514655,4.102180328397009,1440.1779653055628,,32.38,0.4,-0.1903,12.863182,301.65256,13.462211,87.80091,12.122312,108.68992,11.27,0.02,10.66,0.023,10.542,0.021,10.471,0.104,10.497,0.089,10.452,0.224,8.721,,,,20.36910057067871,0.1467999964952469,,,,,AAA,0000,AABU,RS,SSG,,,,,,,,,,,,,,,
1498,ZTF J203017.04+040226.2,2MASS 20301704+0402261,4245281331910650496,WISEA J203017.03+040226.3,,307.57102352306094,4.0405939171272705,1872.6782318445953,,16.49,0.27,0.1999,15.605887,537.09906,16.272442,116.22566,14.810607,171.03569,13.797,0.029,13.178,0.03,12.956,0.035,12.784,0.024,12.853,0.027,12.228,,8.636,,,,,,,,,,AAA,0000,AAUU,SSG,SSG,,,,,,,,,,,,,,,
1499,ZTF J202601.69+045715.1,2MASS 20260170+0457152,4246336931792668928,WISEA J202601.70+045715.1,GALEX J202601.7+045716,306.5070789025518,4.954191133760081,1753.932400935021,,4.87,0.2,,15.067057,555.3074,15.745629,162.53426,14.255965,189.99037,13.122,0.025,12.47,0.029,12.354,0.03,12.217,0.023,12.215,0.023,12.0,,8.52,,21.85919952392578,0.3778,22.29319953918457,0.3546999990940094,,,,,AAA,0000,AAUU,SSG,SSG,,,,,,,,,,,,,,,
1500,ZTF J203030.71+055659.7,2MASS 20303071+0556598,4246515877310680576,WISEA J203030.71+055659.7,GALEX J203030.7+055700,307.62798744762193,5.949916939670444,1180.672231098323,,6.55,0.32,-0.288,13.951612,425.51385,14.533835,134.62071,13.221933,155.03671,12.277,0.021,11.685,0.023,11.553,0.023,11.46,0.023,11.484,0.021,11.124,0.123,9.058,,,,20.85269927978516,0.1392000019550323,,,,,AAA,0000,AABU,RS,SSG,,,,,,,,,,,,,,,
1501,ZTF J202800.21+061550.2,2MASS 20280020+0615501,4246600299187710464,WISEA J202800.21+061550.0,,307.0008959769154,6.263918139457969,1238.147982941808,,2.92,0.27,-0.1605,14.737859,345.30032,15.450466,84.90764,13.902634,98.514854,12.516,0.027,11.869,0.025,11.725,0.029,11.68,0.023,11.687,0.022,11.458,0.171,8.811,,,,,,,,,,AAA,0000,AABU,SSG,SSG,,,,,,,,,,,,,,,
1502,ZTF J200238.25+031800.7,2MASS 20023825+0318008,4247023714254891008,WISEA J200238.24+031800.7,GALEX J200238.2+031800,300.659388085727,3.3001875723238845,1573.1939599756638,,8.45,0.38,,14.59059,1566.8474,15.1425905,401.59735,13.885855,577.1612,13.032,0.025,12.57,0.03,12.437,0.027,12.355,0.025,12.405,0.027,12.514,0.459,9.207,,,,22.338600158691406,0.361299991607666,,,,,AAA,0000,AACU,RS,RS,,,,,,,,,,,,,,,
1503,ZTF J200211.65+035513.4,2MASS 20021164+0355133,4247387377725462272,WISEA J200211.65+035513.2,,300.5485580264708,3.9203672157267446,1895.711887645628,,9.95,0.36,0.0205,15.804929,663.1475,16.487392,192.58838,14.9915495,239.21472,13.762,0.024,13.118,0.026,12.953,0.035,12.867,0.025,12.858,0.029,11.851,0.261,9.046,,,,,,,,,,AAA,0000,AABU,SSG,SSG,,,,,,,,,,,,,,,
1504,ZTF J201043.74+040107.5,2MASS 20104373+0401073,4247494713241090048,WISEA J201043.74+040107.3,GALEX J201043.7+040106,302.6822597396103,4.018713688032032,1114.9430982843585,,1.32,0.34,-0.0459,13.247724,597.51355,13.850565,169.82327,12.498125,193.49757,11.528,0.023,11.001,0.022,10.816,0.021,10.697,0.023,10.712,0.02,10.647,0.114,8.599,0.435,,,20.303199768066406,0.0885000005364418,,,,,AAA,hh00,AABC,RS,SSG,,,,,,,,,,,,,,,
1505,ZTF J200647.03+040909.2,2MASS 20064705+0409092,4247550105438667136,WISEA J200647.03+040909.1,GALEX J200646.9+040908,301.6959863377434,4.152545592335017,1571.8821021181554,,4.95,0.33,-0.3752,14.265254,436.3009,14.908345,136.66245,13.484532,164.75104,12.504,0.024,11.889,0.024,11.719,0.025,11.57,0.023,11.582,0.022,11.791,0.284,8.758,,,,21.55139923095703,0.2158000022172927,,,,,AAA,dh00,AABU,RS,SSG,,,,,,,,,,,,,,,
1506,ZTF J201110.17+045807.8,2MASS 20111016+0458077,4247698951825175424,WISEA J201110.17+045807.7,GALEX J201110.1+045807,302.7923837750442,4.96880512090014,1594.7007216842644,,0.92,0.43,-0.0937,13.767637,518.022,14.44006,149.65334,12.9685755,157.21489,11.909,0.023,11.243,0.028,11.077,0.022,11.07,0.023,11.045,0.02,10.947,0.122,9.022,,,,21.20070075988769,0.2366999983787536,,,,,AAA,d000,AABU,RS,SSG,,,,,,,,,,,,,,,
1507,ZTF J195905.83+041518.5,2MASS 19590584+0415183,4248080413646517248,WISEA J195905.85+041517.4,GALEX J195905.8+041518,299.77433387662086,4.255106755363386,1827.3894435847296,,2.9,0.3,-0.3977,14.98972,383.8179,15.519108,117.773964,14.282321,132.02016,13.326,0.044,12.786,0.049,12.614,0.044,12.253,0.023,12.273,0.023,12.083,0.307,8.784,,,,20.988300323486328,0.2162999957799911,,,,,AAA,hh00,AABU,RS,SSG,,,,,,,,,,,,,,,
1508,ZTF J195956.64+042240.5,2MASS 19595663+0422404,4248086014283863424,WISEA J195956.63+042240.4,GALEX J195956.7+042241,299.9859988580867,4.377895717223212,1676.473631564869,,9.73,0.3,,14.950989,958.3911,15.544158,254.08603,14.209913,351.24918,13.146,0.024,12.596,0.022,12.533,0.029,12.506,0.024,12.498,0.025,11.864,,9.088,,,,21.945199966430664,0.3781000077724457,,,,,AAA,0hd0,AAUU,RS,RS,,,,,,,,,,,,,,,
1509,ZTF J200214.62+045550.6,2MASS 20021462+0455506,4248227816924195456,WISEA J200214.61+045550.2,,300.5609382417883,4.93072545865,1949.331470901324,,19.15,0.35,0.0612,15.683894,544.50323,16.383635,128.17493,14.868179,206.93228,13.799,0.032,13.135,0.024,12.97,0.032,12.738,0.026,12.771,0.027,12.409,0.417,8.863,,,,,,,,,,AAA,dd00,AACU,SSG,SSG,,,,,,,,,,,,,,,
1510,ZTF J195437.23+050005.1,2MASS 19543724+0500051,4248425488501454848,WISEA J195437.23+050005.0,,298.6551374966412,5.001396768709034,1693.4610459566163,,6.21,0.32,-0.1599,14.309516,651.8946,14.889789,232.1589,13.580702,256.5006,12.605,0.025,11.894,0.029,11.463,0.028,10.847,0.022,10.473,0.02,8.501,0.024,5.844,0.043,,,,,,,,,AAA,hh00,AAAA,RS,SSG,,,,,,,,,,,,,,,
1511,ZTF J200338.92+050845.3,2MASS 20033893+0508452,4248610928007812992,WISEA J200338.92+050845.1,,300.9121903887174,5.145906194665481,1690.3395831081002,,6.06,0.3,-0.4026,15.824426,495.35684,16.472939,133.99487,15.042202,187.1178,13.97,0.026,13.387,0.028,13.163,0.038,13.257,0.026,13.275,0.032,12.237,,8.621,,,,,,,,,,AAA,0000,AAUU,SSG,SSG,,,,,,,,,,,,,,,
1512,ZTF J200546.22+052006.1,2MASS 20054623+0520062,4248629207389293056,WISEA J200546.23+052006.1,GALEX J200546.2+052005,301.442621370598,5.3350310906646365,1442.5090211325366,,2.43,0.47,-0.4926,14.708036,375.04324,15.440793,104.84997,13.8468685,140.0326,12.534,0.024,11.876,0.022,11.734,0.026,11.611,0.023,11.577,0.022,11.711,0.25,8.274,,,,22.17530059814453,0.451200008392334,,,,,AAA,0000,AABU,SSG,SSG,,,,,,,,,,,,,,,
1513,ZTF J200602.67+060105.3,2MASS 20060267+0601054,4248807396991281664,WISEA J200602.67+060105.3,GALEX J200602.6+060104,301.51114897474946,6.01813984889989,1415.1115105185202,,3.59,0.41,-0.4092,14.316614,650.56085,14.877912,193.50824,13.596475,258.63467,12.545,0.024,12.034,0.023,11.907,0.024,11.831,0.023,11.831,0.022,11.87,0.268,8.606,,,,21.20890045166016,0.2712000012397766,,,,,AAA,0000,AABU,RS,SSG,,,,,,,,,,,,,,,
1514,ZTF J200649.09+061828.4,2MASS 20064909+0618282,4248844711668217856,WISEA J200649.08+061828.2,,301.70456171216864,6.307855792468542,1916.4061938726609,,16.18,0.44,-0.0013,15.559281,896.1576,16.218979,259.66028,14.766949,229.92467,13.674,0.026,13.065,0.028,12.946,0.032,12.938,0.025,12.99,0.03,12.221,,8.731,,,,,,,,,,AAA,0000,AAUU,RS,SSG,,,,,,,,,,,,,,,
1515,ZTF J200149.79+060640.1,2MASS 20014979+0606402,4248931882323932288,WISEA J200149.81+060639.8,,300.45748730694925,6.111121187662071,1747.9369301175473,,7.84,0.37,-0.0698,14.769701,541.5388,15.404601,125.85807,13.990685,192.96881,12.91,0.036,12.314,0.045,12.108,0.031,11.848,0.022,11.896,0.022,12.037,0.295,8.998,,,,,,,,,,AAA,0000,AABU,RS,SSG,,,,,,,,,,,,,,,
1516,ZTF J201427.99+053919.1,2MASS 20142800+0539190,4249272696562025472,WISEA J201427.99+053918.9,,303.616649816399,5.6552814647369125,1843.6512940005816,,12.1,0.34,-0.2218,14.946441,221.3384,15.619014,60.661392,14.132107,81.747314,13.116,0.026,12.492,0.025,12.305,0.028,12.213,0.023,12.218,0.024,12.483,0.528,9.106,,,,,,,,,,AAA,0000,AACU,SSG,SSG,,,,,,,,,,,,,,,
1517,ZTF J202145.35+071943.1,2MASS 20214536+0719432,4249951919867281792,WISEA J202145.35+071943.0,,305.4389936319293,7.328627004626875,1511.136811687806,,21.55,0.39,,14.482295,495.26376,15.083023,142.22203,13.738646,189.7746,12.764,0.027,12.155,0.024,12.064,0.021,11.979,0.024,12.016,0.023,11.624,0.218,8.986,,,,,,,,,,AAA,0000,AABU,RS,RS,,,,,,,,,,,,,,,
1518,ZTF J201121.33+073412.0,2MASS 20112133+0734121,4250544174382874752,WISEA J201121.33+073411.9,,302.8389001608662,7.569985203433738,1793.392097518616,,3.69,0.47,-0.0699,14.663783,446.848,15.35062,105.25257,13.849613,169.603,12.704,0.033,12.047,0.033,11.898,0.027,11.872,0.026,11.887,0.025,11.827,0.312,8.422,,,,,,,,,,AAA,0000,AABU,RS,SSG,,,,,,,,,,,,,,,
1519,ZTF J200533.15+065008.5,2MASS 20053314+0650084,4250575824005878400,WISEA J200533.15+065008.3,,301.3881459806255,6.835677045348938,1483.7282483210784,,0.42,0.5,-0.1137,12.509676,511.28235,12.752324,166.85483,12.111956,173.05197,11.706,0.023,11.517,0.022,11.468,0.021,11.378,0.023,11.375,0.022,11.404,0.171,8.687,,,,,,,,,,AAA,0000,AABU,RS,RS,,,,,,,,,,,,,,,
1520,ZTF J200741.68+072009.2,2MASS 20074167+0720092,4250620526026098176,WISEA J200741.68+072008.8,,301.92366818768846,7.335867343602016,1735.5929963894405,,10.23,0.45,-1.2597,16.367315,432.49643,17.159113,59.918404,15.455543,125.38247,13.825,0.027,13.174,0.027,13.018,0.037,13.004,0.023,12.996,0.028,11.835,,9.067,,,,,,,,,,AAA,0000,AAUU,SSG,SSG,,,,,,,,,,,,,,,
1521,ZTF J195908.40+064513.3,2MASS 19590840+0645138,4297064687457275008,WISEA J195908.39+064513.8,,299.78500868383344,6.753717728259286,1155.6688055457944,,1.06,0.44,,14.382394,441.0693,14.97516,141.56633,13.634369,155.89154,12.461,0.036,11.875,0.037,11.777,0.024,11.601,0.024,11.634,0.021,11.89,0.314,8.362,,,,,,,,,,AAA,0000,AABU,RS,SSG,,,,,,,,,,,,,,,
1522,ZTF J195624.03+064726.7,2MASS 19562403+0647266,4297100249787361536,WISEA J195624.02+064726.6,,299.10015897005553,6.790729666423783,1827.5246886925288,,12.11,0.43,-0.16,16.131605,591.3132,16.842136,142.05505,15.302342,178.31029,14.039,0.024,13.37,0.028,13.266,0.031,13.241,0.024,13.197,0.032,12.051,,8.891,,,,,,,,,,AAA,d000,AAUU,SSG,SSG,,,,,,,,,,,,,,,
1523,ZTF J195853.42+064636.2,2MASS 19585342+0646361,4297111588501186304,WISEA J195853.41+064636.1,,299.7226144890933,6.776717921999652,1399.789572459727,,0.9,0.45,0.3077,14.279291,299.38303,14.939008,90.93444,13.4948845,111.926765,12.604,0.025,11.991,0.034,11.774,0.019,11.556,0.023,11.576,0.022,11.378,0.176,8.742,,,,,,,,,,AAA,0000,AABU,RS,SSG,,,,,,,,,,,,,,,
1524,ZTF J195627.35+065852.8,2MASS 19562735+0658531,4297318193607880704,WISEA J195627.34+065852.9,,299.11396547994605,6.981347072762672,1283.999455833409,,0.9,0.35,-0.6126,14.758422,592.4129,15.42915,139.51387,13.953671,210.29854,12.931,0.023,12.297,0.025,12.136,0.026,11.947,0.023,11.933,0.024,12.311,0.4,8.961,,,,,,,,,,AAA,0000,AACU,SSG,SSG,,,,,,,,,,,,,,,
1525,ZTF J195738.80+072003.1,2MASS 19573880+0720032,4297424914954922240,WISEA J195738.80+072003.0,,299.4116703771687,7.334192795278121,1544.584326383081,,5.71,0.44,,15.236818,277.27408,15.873867,84.84927,14.440588,93.314125,13.271,0.031,12.721,0.034,12.58,0.022,12.49,0.024,12.466,0.025,12.321,,8.838,,,,,,,,,,AAA,0000,AAUU,RS,SSG,,,,,,,,,,,,,,,
1526,ZTF J195340.50+080445.0,2MASS 19534049+0804452,4298240305913375616,WISEA J195340.50+080445.0,,298.4187693427548,8.079181679781435,998.5730621897342,,6.08,0.4,-0.4979,13.4719715,211.33047,14.053378,63.387302,12.737431,79.72723,11.904,0.027,11.293,0.025,11.149,0.023,11.069,0.023,11.046,0.022,11.09,0.136,8.879,,,,,,,,,,AAA,0000,AABU,RS,SSG,,,,,,,,,,,,,,,
1527,ZTF J195359.62+080458.4,2MASS 19535962+0804586,4298287000793236992,WISEA J195359.61+080458.5,,298.4984138796581,8.082906008764366,1154.624094429927,,4.08,0.4,-0.2538,13.4690485,670.96124,13.915616,202.35138,12.85363,243.8992,12.073,0.024,11.689,0.027,11.562,0.019,11.521,0.023,11.551,0.023,11.5,0.188,8.784,,,,,,,,,,AAA,0000,AABU,RS,RS,,,,,,,,,,,,,,,
1528,ZTF J195516.93+085800.7,2MASS 19551692+0858007,4298404304943247616,WISEA J195516.93+085800.5,,298.82058148903405,8.966864549478789,1954.8061401084915,,2.56,0.49,-0.4282,16.060163,278.9292,16.72097,81.23409,15.270417,104.89799,14.226,0.061,13.588,0.063,13.389,0.06,13.262,0.032,13.288,0.037,12.062,,7.803,,,,,,,,,,AAA,0000,AAUU,SSG,SSG,,,,,,,,,,,,,,,
1529,ZTF J195105.50+081829.5,2MASS 19510551+0818296,4298446670502191872,WISEA J195105.51+081829.5,,297.7729603977456,8.30820923853296,1871.8944853199737,,5.35,0.48,-0.106,15.6768875,221.2886,16.439491,65.33354,14.812214,72.65992,13.638,0.026,12.913,0.027,12.825,0.03,12.656,0.023,12.688,0.026,11.922,,8.794,,,,,,,,,,AAA,0000,AAUU,SSG,SSG,,,,,,,,,,,,,,,
1530,ZTF J200756.84+091411.1,2MASS 20075684+0914112,4299353870661436032,WISEA J200756.85+091411.0,GALEX J200756.8+091412,301.98686167511204,9.236406072087144,1938.8923645208215,,2.37,0.47,-0.3651,15.148858,1234.2511,15.647488,311.95514,14.485937,408.09305,13.818,0.029,13.285,0.025,13.214,0.039,13.072,0.024,13.106,0.029,12.521,,8.89,,,,22.003400802612305,0.3882000148296356,,,,,AAA,0000,AAUU,RS,SSG,,,,,,,,,,,,,,,
1531,ZTF J200600.84+110855.1,2MASS 20060085+1108549,4300645350159181440,WISEA J200600.84+110855.1,,301.5035249326144,11.14862151953572,1747.3255788178803,,3.52,0.39,-0.37,14.31135,708.27466,14.801,213.08827,13.649669,239.41612,12.729,0.029,12.175,0.022,12.098,0.026,12.022,0.023,12.038,0.024,12.263,0.437,8.866,,,,,,,,,,AAA,0000,AACU,RS,RS,,,,,,,,,,,,,,,
1532,ZTF J200159.68+122153.5,2MASS 20015969+1221533,4304011436288009216,WISEA J200159.69+122153.5,,300.4986901094977,12.364841215868273,1947.132439652701,,16.62,0.47,,14.021262,1023.50824,14.533535,287.03397,13.342805,314.34036,12.588,0.021,12.032,0.022,11.941,0.022,11.901,0.024,11.934,0.025,12.625,0.455,8.8,,,,,,,,,,AAA,0000,AACU,RS,RS,,,,,,,,,,,,,,,
1533,ZTF J163038.64+000545.2,2MASS 16303865+0005454,4383506092599399296,WISEA J163038.64+000545.2,,247.6610388713752,0.0958986785676523,1591.7347510454158,,20.87,0.26,-0.3766,15.456162,251.59561,16.108599,72.25379,14.652114,88.82198,13.584,0.023,12.968,0.023,12.824,0.023,12.733,0.024,12.688,0.025,11.665,,8.957,,,,,,,,,,AAA,0000,AAUU,SSG,SSG,,,,,,,,,,,,,,,
1534,ZTF J163822.95+005208.4,2MASS 16382294+0052084,4383981390860412672,WISEA J163822.95+005208.3,GALEX J163823.0+005209,249.59565970295552,0.8689904892142761,1110.438444976939,,19.1,0.37,-0.0408,14.227466,435.522,14.898484,130.42938,13.426759,174.23637,12.203,0.027,11.593,0.023,11.462,0.023,11.481,0.022,11.476,0.021,11.297,0.182,8.531,,,,21.77680015563965,0.2707999944686889,,,,,AAA,0000,AABU,SSG,SSG,,,,,,,,,,,,,,,
1535,ZTF J172515.59+033124.8,2MASS 17251558+0331248,4389087729020182528,WISEA J172515.59+033124.7,,261.31497673613325,3.5235420815405623,1983.7044828491464,,14.79,0.38,,15.478403,463.36243,16.06118,124.33782,14.733913,165.54712,13.714,0.024,13.229,0.032,13.019,0.025,13.004,0.024,12.945,0.027,11.948,,9.198,,,,,,,,,,AAA,0000,AAUU,RS,SSG,,,,,,,,,,,,,,,
1536,ZTF J173505.02+050730.8,2MASS 17350503+0507307,4389582131296202880,WISEA J173505.02+050730.7,,263.7709384760658,5.125218837100507,1986.075731947874,,8.25,0.48,-0.3702,15.896473,192.19656,16.678843,52.65005,14.973945,70.74258,13.515,0.024,12.842,0.031,12.699,0.026,12.61,0.024,12.548,0.024,12.222,0.412,8.836,,,,,,,,,,AAA,0000,AACU,cut,SSG,,,,,,,,,,,,,,,
1537,ZTF J172911.44+045423.7,2MASS 17291144+0454237,4389711186473469184,WISEA J172911.43+045423.6,GALEX J172911.3+045423,262.29768340524987,4.9065576597413925,1684.5544759991374,,4.49,0.35,-0.4456,14.769466,307.09808,15.356097,97.53086,14.017721,100.74743,12.9,0.024,12.311,0.031,12.162,0.021,12.095,0.024,12.081,0.023,11.736,0.223,8.94,,,,21.60029983520508,0.221000000834465,,,,,AAA,0000,AABU,RS,SSG,,,,,,,,,,,,,,,
1538,ZTF J171825.67+044846.8,2MASS 17182568+0448466,4390224860263541888,WISEA J171825.68+044846.8,,259.6069993719723,4.812995036868613,1510.1678915777857,,14.93,0.34,-0.0743,14.93139,295.39832,15.629624,83.95207,14.107997,108.161446,12.863,0.023,12.247,0.031,12.115,0.023,12.001,0.022,12.034,0.023,11.786,,8.375,,,,,,,,,,AAA,hh00,AAUU,SSG,SSG,,,,,,,,,,,,,,,
1539,ZTF J172612.12+054826.7,2MASS 17261212+0548267,4390580758434356864,WISEA J172612.12+054826.6,GALEX J172612.1+054826,261.55051905749764,5.8074236223564535,822.7681012376737,,5.22,0.34,-0.4601,12.775597,227.3071,13.462285,66.69865,11.967941,85.08835,10.842,0.022,10.193,0.03,10.002,0.019,9.929,0.023,9.887,0.02,9.641,0.046,8.525,,,,20.50979995727539,0.1128000020980835,,,,,AAA,0000,AAAU,SSG,SSG,,,,,,,,,,,,,,,
1540,ZTF J173022.88+055630.3,2MASS 17302288+0556304,4390631168467901824,WISEA J173022.88+055630.2,GALEX J173022.8+055630,262.59536828892453,5.941725437086753,1636.3625943289894,,15.64,0.33,,15.003125,621.8082,15.614329,154.88052,14.243262,220.59396,13.228,0.024,12.662,0.032,12.522,0.03,12.526,0.025,12.525,0.025,12.173,,9.031,,,,22.478500366210938,0.3176999986171722,,,,,AAA,0000,AAUU,RS,SSG,,,,,,,,,,,,,,,
1541,ZTF J172722.56+064344.6,2MASS 17272257+0643445,4390935767548037760,WISEA J172722.56+064344.5,GALEX J172722.5+064345,261.84399924966215,6.729047347713819,846.9690552400785,,2.75,0.32,-0.5208,14.701672,126.36868,15.511895,38.210377,13.789549,48.611095,12.212,0.021,11.573,0.022,11.382,0.023,11.312,0.023,11.247,0.021,11.042,0.123,8.27,,,,21.870899200439453,0.2635000050067901,,,,,AAA,0000,AABU,SSG,SSG,,,,,,,,,,,,,,,
1542,ZTF J172548.06+065548.3,2MASS 17254807+0655486,4390996275047164800,WISEA J172548.06+065548.3,,261.45027540587677,6.930089548616706,1197.7370783276583,,3.52,0.35,-0.3075,15.1841135,414.91565,15.873433,128.05351,14.372783,141.86197,13.082,0.027,12.484,0.026,12.338,0.023,12.368,0.023,12.35,0.024,11.979,,9.217,,,,,,,,,,AAA,dd00,AAUU,SSG,SSG,,,,,,,,,,,,,,,
1543,ZTF J165917.61+033317.7,2MASS 16591761+0333180,4391381516432503936,WISEA J165917.61+033317.7,GALEX J165917.5+033318,254.8233837455495,3.5549231063199755,857.4122688812361,,3.35,0.28,-0.3259,14.28818,261.1174,15.078539,77.51016,13.3934355,95.776886,11.931,0.022,11.257,0.025,11.051,0.021,10.944,0.023,10.894,0.021,10.71,0.092,8.386,,,,21.73900032043457,0.2083999961614608,,,,,AAA,0000,AAAU,SSG,SSG,,,,,,,,,,,,,,,
1544,ZTF J170803.66+041244.8,2MASS 17080368+0412449,4391669485400633216,WISEA J170803.67+041244.8,GALEX J170803.7+041246,257.01527836401567,4.212438126207728,777.622894260694,,3.21,0.38,,13.826125,204.39398,14.635759,58.7021,12.935924,79.14681,11.863,0.023,11.135,0.024,10.89,0.021,10.694,0.024,10.673,0.022,10.535,0.105,8.41,,,,21.46489906311035,0.2910000085830688,,,,,AAA,0000,AAAU,SSG,SSG,,,,,,,,,,,,,,,
1545,ZTF J171148.03+050836.4,2MASS 17114803+0508364,4391840837415662592,WISEA J171148.03+050836.4,GALEX J171148.0+050836,257.95015447377705,5.143443566794334,1130.468214985567,,15.8,0.5,-0.22,14.0055895,1036.0577,14.604684,271.55948,13.258095,372.9655,12.308,0.022,11.83,0.034,11.656,0.023,11.544,0.023,11.57,0.022,11.243,0.15,9.119,,,,22.32859992980957,0.4093999862670898,,,,,AAA,0000,AABU,RS,SSG,,,,,,,,,,,,,,,
1546,ZTF J172403.02+071338.7,2MASS 17240301+0713386,4394024879825247360,WISEA J172403.02+071338.6,GALEX J172403.0+071339,261.0125864606739,7.2274037972859215,1142.076186422683,,5.33,0.34,0.2357,14.136938,243.93494,14.765669,72.8409,13.347295,84.10827,12.084,0.024,11.454,0.024,11.29,0.021,11.296,0.023,11.249,0.021,11.068,0.137,8.836,,,,21.25279998779297,0.3406000137329101,,,,,AAA,0000,AABU,RS,SSG,,,,,,,,,,,,,,,
1547,ZTF J170859.92+064237.5,2MASS 17085993+0642374,4394497772904163456,WISEA J170859.92+064237.4,GALEX J170900.0+064236,257.24968840640236,6.710393191210266,1961.8615836408296,,18.28,0.34,,14.76165,464.06912,15.312633,140.71992,14.049167,150.48912,13.069,0.024,12.542,0.024,12.397,0.024,12.358,0.024,12.384,0.024,12.153,0.389,9.066,,,,21.382400512695312,0.3014000058174133,,,,,AAA,0000,AACU,RS,RS,,,,,,,,,,,,,,,
1548,ZTF J171234.74+071724.6,2MASS 17123475+0717245,4394636036491656832,WISEA J171234.74+071724.5,GALEX J171234.7+071725,258.1447727825993,7.290148035542849,958.9247841826948,,2.81,0.46,-0.5099,14.131744,720.3401,14.801838,229.93999,13.32629,235.13446,12.267,0.022,11.638,0.024,11.547,0.027,11.372,0.022,11.337,0.021,11.171,0.249,8.716,,,,21.44930076599121,0.4514000117778778,,,,,AAA,0000,AABU,SSG,SSG,,,,,,,,,,,,,,,
1549,ZTF J153340.57-040227.0,2MASS 15334057-0402268,4401816328455105792,WISEA J153340.57-040227.0,GALEX J153340.5-040226,233.4190763841797,-4.040877219853456,906.3677216066473,,9.59,0.49,-0.01,13.256176,495.2511,13.923452,117.119484,12.455125,148.547,11.421,0.024,10.749,0.022,10.625,0.023,10.504,0.022,10.511,0.02,10.506,0.095,8.844,,,,21.08429908752441,0.1955000013113021,,,,,AAA,0000,AAAU,RS,SSG,,,,,,,,,,,,,,,
1550,V2678 Oph,2MASS 16222630+0007225,4407683734819367168,WISEA J162226.30+000722.4,,245.6095623729267,0.1228887211742375,397.0632461729662,,23.11,0.26,-0.1193,10.797032,486.95898,11.360411,138.72923,10.08028,173.52817,9.214,0.035,8.664,0.023,8.504,0.022,8.379,0.022,8.409,0.019,8.319,0.023,7.962,0.222,,,,,,,,,AAA,0000,AAAB,RS,SSG,,,,,,,,,,,,,,,
1551,ZTF J162009.84+005604.4,2MASS 16200985+0056046,4408672608089970560,WISEA J162009.85+005604.4,GALEX J162009.8+005605,245.04107648721128,0.9345700806586592,1097.1031338859807,,3.95,0.27,-0.0691,13.474605,469.2374,14.063675,140.40865,12.733875,177.08081,11.564,0.026,11.026,0.032,10.895,0.019,10.821,0.023,10.83,0.022,10.851,0.114,9.036,,,,20.78009986877441,0.1573999971151352,,,,,AAA,0000,AABU,RS,SSG,,,,,,,,,,,,,,,
1552,ZTF J161106.88+015153.6,2MASS 16110688+0151535,4411934206256231296,WISEA J161106.88+015153.5,GALEX J161106.9+015153,242.77868326713016,1.8648834381919717,1809.1217990974037,,15.45,0.25,-0.6937,14.426894,659.1606,14.945615,226.90736,13.735991,236.3972,12.843,0.026,12.307,0.027,12.158,0.026,12.057,0.075,12.031,0.023,11.688,0.235,8.948,,,,20.51460075378418,0.2005999982357025,,,,,AAA,0000,AABU,RS,SSG,,,,,,,,,,,,,,,
1553,ZTF J153640.62-000341.4,2MASS 15364061-0003414,4416657880004375808,WISEA J153640.62-000341.4,,234.16927853575137,-0.0615355672956788,1227.1745134099556,,8.08,0.26,-0.4835,14.635662,483.19016,15.223786,145.17316,13.887881,130.40671,12.768,0.026,12.278,0.024,12.124,0.026,12.231,0.023,12.156,0.024,12.136,0.422,8.669,,,,,,,,,,AAA,0000,AACU,RS,SSG,,,,,,,,,,,,,,,
1554,TYC 5003-138-1,2MASS 15265273-0053118,4416928840900604288,WISEA J152652.71-005311.8,GALEX J152652.7-005311,231.7195972897438,-0.8866685757441918,262.2063293649411,,11.86,0.38,-0.1607,10.91943,355.7769,11.542092,105.62379,10.146987,128.78186,9.084,0.023,8.492,0.027,8.317,0.026,8.216,0.023,8.215,0.02,8.148,0.022,7.704,0.187,21.42460060119629,0.2894,18.321399688720703,0.0406999997794628,Yes,Variable H-alpha,Normal Emission,Variable,AAA,0000,AAAB,RS,SSG,,,,,,,,,,,,,,,
1555,V0445 Ser,2MASS 15295106+0202478,4421009025472048000,WISEA J152951.05+020247.9,GALEX J152951.0+020249,232.46266807976593,2.046505139150289,350.50877599861417,,11.38,0.15,-0.2938,12.104577,244.44011,12.738943,65.453156,11.31454,86.71934,10.21,0.035,9.621,0.032,9.473,0.027,9.24,0.023,9.193,0.021,9.123,0.038,8.691,0.454,,,18.707300186157227,0.0693999975919723,,,,,EEE,0000,AAAC,SSG,SSG,,,,,,,,,,,,,,,
1556,ZTF J153614.14+060632.3,2MASS 15361414+0606321,4428978423189734528,WISEA J153614.14+060632.2,GALEX J153614.1+060633,234.05892269343832,6.10893244052411,1666.569786973407,,8.31,0.14,-0.322,15.355271,408.2741,15.909082,92.382645,14.637804,160.23196,13.684,0.024,13.108,0.027,12.997,0.033,12.958,0.025,12.943,0.027,12.292,,9.038,,,,22.602100372314453,0.4029000103473663,,,,,AAA,0000,AAUU,RS,SSG,,,,,,,,,,,,,,,
1557,CSS J154619.9+064830,2MASS 15461996+0648299,4429781960031179392,WISEA J154619.95+064829.8,,236.58315982726464,6.808269845279402,1710.2676833209894,,21.69,0.1,-0.099,14.264665,351.5814,14.809837,97.79382,13.559611,124.21759,12.541,0.022,12.039,0.026,11.863,0.022,11.778,0.024,11.781,0.022,11.549,0.212,9.067,,,,,,,,,,AAA,hh00,AABU,RS,SSG,,,,,,,,,,,,,,,
1558,CSS J154652.4+090212,2MASS 15465248+0902123,4431451568437787008,WISEA J154652.48+090212.2,GALEX J154652.4+090213,236.71867551760872,9.03670566185176,1268.4642202944638,,0.31,0.12,,13.798967,147.73672,14.344704,45.157803,13.092207,50.45034,12.112,0.022,11.523,0.023,11.394,0.022,11.331,0.024,11.34,0.022,11.102,0.126,8.59,,,,20.334800720214844,0.1615000069141388,,,,,AAA,0000,AABU,RS,RS,,,,,,,,,,,,,,,
1559,CSS J163000.1+043519,2MASS 16300004+0435200,4433786793697843712,WISEA J163000.03+043520.2,GALEX J163000.0+043520,247.5001146630366,4.5889627652989,1085.5276863890028,,14.23,0.17,-0.069,13.291139,373.92783,13.840761,109.42469,12.577285,148.17192,11.624,0.026,11.052,0.022,10.925,0.019,10.877,0.023,10.895,0.021,10.719,0.107,8.282,,,,20.515199661254883,0.1512999981641769,,,,,AAA,0000,AAAU,RS,SSG,,,,,,,,,,,,,,,
1560,ASAS J163329+0403.0,2MASS 16332868+0403002,4435007766997784832,WISEA J163328.67+040300.3,GALEX J163328.6+040300,248.3694815448764,4.050105800604889,893.8993550255586,,38.56,0.16,,10.979118,1593.2869,11.629105,462.7001,10.200987,613.6291,9.18,0.03,8.555,0.031,8.38,0.033,8.299,0.024,8.384,0.021,8.262,0.024,8.027,0.263,22.17720031738281,0.4244,19.04010009765625,0.0617999993264675,,,,,AAA,d000,AAAB,RS,RS,38.05108895254039,0.04113511,0.070933553125987,0.026271416,8.911358067893099,0.24176617,,,SB1,0.15452713,0.1641611,0.17349489,0.18256208,0.19139023,0.2000023
1561,V1174 Her,2MASS 16242338+0445220,4436749187263172864,WISEA J162423.38+044522.0,GALEX J162423.3+044522,246.09742556521812,4.756104043932585,506.307802307934,,4.96,0.16,0.1285,9.934333,964.28375,10.615569,314.81613,9.142277,393.2366,8.109,0.03,7.532,0.04,7.336,0.024,7.202,0.039,7.33,0.02,7.189,0.018,7.104,0.102,20.623300552368164,0.2065,18.127899169921875,0.0303000006824731,,,,,AAA,0000,AAAA,RS,SSG,,,,,,,,,,,,,,,
1562,V1165 Her,2MASS 16195997+0436463,4436965413097123328,WISEA J161959.96+043646.2,GALEX J161959.9+043646,244.99982007964505,4.612805210032209,337.64662286206976,,1.44,0.18,-0.1302,9.944045,905.2062,10.531774,283.57272,9.208752,344.54056,8.196,0.024,7.649,0.031,7.496,0.036,7.428,0.036,7.47,0.021,7.366,0.017,7.265,0.115,20.516700744628903,0.1948,16.89889907836914,0.0143999997526407,,,,,AAA,0000,AAAB,cut,SSG,,,,,,,,,,,,,,,
1563,ASAS J162510+0514.9,2MASS 16251000+0514540,4437071962647534976,WISEA J162509.98+051453.9,GALEX J162510.0+051454,246.29159156253093,5.248281850628999,278.55352974198536,40.13475,3.45,0.16,-0.2486,11.48478,283.42007,12.062776,86.692566,10.6931505,110.851,9.763,0.026,9.175,0.024,8.99,0.024,8.863,0.023,8.85,0.02,8.749,0.027,8.588,0.377,19.805299758911133,0.1455,18.20109939575196,0.0264999996870756,No,Variable H-alpha,Normal Emission,Normal Emission,AAA,0000,AAAC,cut,SSG,,,,,,,,,,,,,,,
1564,V2702 Oph,2MASS 16535771+0734503,4442274954744795136,WISEA J165357.71+073450.2,,253.49050053610105,7.58057254879401,277.6464417355192,,11.51,0.33,-0.1483,10.203878,614.68256,10.772881,199.21791,9.494723,148.22789,8.648,0.027,8.089,0.053,7.913,0.029,7.711,0.029,7.739,0.02,7.614,0.018,7.667,0.185,,,,,,,,,AAA,0000,AAAB,RS,SSG,,,,,,,,,,,,,,,
1565,ZTF J170425.48+082521.2,2MASS 17042548+0825214,4443036641425603328,WISEA J170425.48+082521.3,,256.10618200426586,8.422565983408727,1716.3922585930686,,5.05,0.25,-0.0651,15.211712,521.2132,15.836219,134.20842,14.450543,198.84164,13.508,0.028,12.861,0.03,12.808,0.03,12.682,0.024,12.684,0.025,12.521,,8.9,,,,,,,,,,AAA,0000,AAUU,SSG,SSG,,,,,,,,,,,,,,,
1566,ZTF J170706.68+084833.4,2MASS 17070668+0848333,4443076464362200448,WISEA J170706.68+084833.3,,256.7778564704893,8.809276119775774,1715.3628058087952,,4.81,0.29,-0.3617,15.077178,244.33714,15.766612,63.651905,14.2597065,90.87051,13.149,0.026,12.515,0.03,12.352,0.032,12.189,0.023,12.133,0.022,11.557,,8.798,,,,,,,,,,AAA,0000,AAUU,SSG,SSG,,,,,,,,,,,,,,,
1567,CSS J170935.3+083756,2MASS 17093540+0837561,4443371580154322048,WISEA J170935.40+083756.1,GALEX J170935.3+083757,257.397505955212,8.632266852436551,1696.1586937033476,,53.92,0.38,-0.4387,14.003257,499.73837,14.603236,131.89821,13.247917,178.0827,12.32,0.024,11.753,0.026,11.63,0.025,11.453,0.022,11.497,0.02,11.09,0.162,8.927,,,,21.97450065612793,0.2743000090122223,,,,,AAA,0h00,AABU,RS,SSG,,,,,,,,,,,,,,,
1568,Gaia DR2 4444265345668463488,2MASS 16561862+0938114,4444265345668463488,WISEA J165618.62+093811.2,,254.0776236388853,9.63644782495915,753.028630189377,,3.55,0.32,-0.6213,13.032989,261.62442,13.724522,78.940216,12.215348,100.24149,11.125,0.023,10.439,0.026,10.305,0.023,10.109,0.022,10.076,0.02,9.935,0.06,8.476,,,,,,,,,,AAA,0000,AAAU,SSG,SSG,,,,,,,,,,,,,,,
1569,V1214 Her,2MASS 16470346+0945583,4446041812860907648,WISEA J164703.45+094558.2,GALEX J164703.4+094558,251.7643472657492,9.766170473001663,400.7581668113224,,4.59,0.17,-0.2564,11.314055,456.95352,11.8357525,157.15959,10.627343,160.33542,9.708,0.022,9.148,0.026,9.025,0.022,8.844,0.023,8.855,0.02,8.779,0.028,8.356,0.274,21.64459991455078,0.3169,17.673799514770508,0.0217000003904104,,,,,AAA,0000,AAAB,RS,SSG,,,,,,,,,,,,,,,
1570,ZTF J163513.58+090841.7,2MASS 16351359+0908417,4446289958894042496,WISEA J163513.59+090841.6,GALEX J163513.6+090841,248.8066190033058,9.144893016902389,1003.4896059589684,,5.31,0.19,-0.1308,13.811321,772.90576,14.4687605,212.4919,13.020902,276.77,11.779,0.023,11.148,0.022,10.985,0.021,11.009,0.023,11.009,0.022,10.955,0.127,8.34,,,,21.23870086669922,0.2865000069141388,,,,,AAA,0000,AABU,SSG,SSG,,,,,,,,,,,,,,,
1571,V1210 Her,2MASS 16415307+1140209,4447280172195656576,WISEA J164153.09+114020.8,GALEX J164153.0+114021,250.4712334920152,11.67242027634616,464.85882607264904,,21.78,0.14,,9.249783,868.6055,9.822811,246.1695,8.528042,372.1139,7.89,0.024,7.294,0.042,7.077,0.018,6.827,0.068,6.815,0.022,6.758,0.016,6.676,0.071,20.14419937133789,0.1418,16.835599899291992,0.0172000005841255,,,,,AAA,0000,AAAA,RS,RS,21.95090029297565,0.0038897404,0.0132271907073486,0.013813658,10.201794168802056,0.10937108,,,SB1,0.14697978,0.15616547,0.16506541,0.17371157,0.18213017,0.19034304
1572,ROTSE1 J165150.69+095633.2,2MASS 16515072+0956332,4447329031739753472,WISEA J165150.71+095633.2,GALEX J165150.7+095633,252.96132271445097,9.942559347558296,968.6252959205212,,54.05,0.23,0.0995,12.755681,416.82614,13.399191,117.82168,11.9858055,148.81465,10.914,0.024,10.343,0.03,10.202,0.021,10.119,0.023,10.185,0.02,10.113,0.063,8.99,0.466,,,21.080400466918945,0.2463999986648559,,,,,AAA,0000,AAAC,RS,SSG,20.90468416564264,0.0062745544,0.1821033786974505,0.02360979,21.703557083194255,0.68442464,,,SB1,0.33468783,0.35441527,0.37350753,0.39203662,0.41006154,0.42763126
1573,ZTF J165305.19+122429.2,2MASS 16530521+1224292,4449010185018259584,WISEA J165305.20+122429.1,,253.2716573096388,12.408086349821067,1704.793996156316,,8.69,0.13,-0.6102,15.608814,485.77786,16.207117,112.80983,14.857346,172.0883,13.905,0.024,13.256,0.033,13.137,0.029,12.988,0.023,12.946,0.026,12.392,,8.938,,,,,,,,,,AAA,0000,AAUU,SSG,SSG,,,,,,,,,,,,,,,
1574,ZTF J165140.99+130111.4,2MASS 16514099+1301116,4449124534227816832,WISEA J165141.00+130111.4,GALEX J165140.9+130112,252.92082450267597,13.019813577809128,1329.9293517603214,,6.42,0.15,,14.517231,453.1045,15.1103525,132.52374,13.770623,183.0963,12.688,0.022,12.079,0.019,11.989,0.023,11.955,0.024,11.927,0.022,11.772,0.225,8.59,,,,21.20490074157715,0.1655000001192093,,,,,AAA,0000,AABU,RS,SSG,,,,,,,,,,,,,,,
1575,PX Ser,2MASS 16093805+0552371,4449776750782934528,WISEA J160938.06+055237.1,GALEX J160938.0+055237,242.408530761546,5.876967826689968,192.2658860120391,,12.25,0.14,0.0473,9.035197,624.59955,9.617559,229.98932,8.305069,237.59836,7.333,0.027,6.758,0.036,6.621,0.02,7.517,,6.488,0.023,6.414,0.015,6.317,0.067,19.51650047302246,0.113,16.206499099731445,0.0144999995827674,,,,,AAA,0000,UAAA,RS,SSG,,,,,,,,,,,,,,,
1576,CSS J161521.0+080459,2MASS 16152089+0805006,4452110910889440896,WISEA J161520.89+080500.3,GALEX J161520.8+080500,243.83701703147855,8.083412716902448,1013.6018056693832,,0.2,0.16,-0.1393,13.5164795,301.42014,14.075877,86.75305,12.807566,100.652626,11.877,0.026,11.263,0.022,11.175,0.024,11.102,0.023,11.096,0.021,11.105,0.137,8.762,,,,20.46109962463379,0.1406999975442886,,,,,AAA,0000,AABU,RS,SSG,,,,,,,,,,,,,,,
1577,V1163 Her,2MASS 16174476+0854594,4452311052068150528,WISEA J161744.76+085459.6,GALEX J161744.7+085500,244.43652061631252,8.916566390705016,786.5833122791194,,17.27,0.12,-0.1031,11.341055,1477.54,11.837146,455.07022,10.684921,642.435,9.911,0.023,9.374,0.021,9.241,0.02,9.176,0.023,9.215,0.02,9.12,0.033,8.863,,20.75160026550293,0.2183,17.983699798583984,0.0272000003606081,,,,,AAA,0000,AAAU,RS,RS,,,,,,,,,,,,,,,
1578,ZTF J161809.12+113200.9,2MASS 16180912+1132007,4454006949972022784,WISEA J161809.12+113200.8,,244.538019685003,11.53355959737774,1778.707118498794,,6.95,0.21,-0.4985,15.669576,216.55594,16.404642,64.52987,14.8147135,78.015305,13.252,0.026,12.625,0.025,12.464,0.029,12.567,0.023,12.509,0.024,12.068,0.293,8.486,,,,,,,,,,AAA,0000,AABU,SSG,SSG,,,,,,,,,,,,,,,
1579,ZTF J161354.61+110129.2,2MASS 16135461+1101292,4456884406261462272,WISEA J161354.61+110129.2,,243.4775568584193,11.024761576405918,1846.198908588904,,14.26,0.15,-0.173,15.054405,672.1573,15.55654,195.15321,14.386718,263.04404,13.499,0.028,13.026,0.025,12.867,0.029,12.839,0.025,12.866,0.026,12.403,,9.235,,,,,,,,,,AAA,hh00,AAUU,RS,SSG,,,,,,,,,,,,,,,
1580,CSS J164335.9+124623,2MASS 16433592+1246237,4460961704619268608,WISEA J164335.92+124623.6,GALEX J164335.9+124623,250.8996736004178,12.773213353696349,1706.8573076453442,,62.52,0.13,,13.882887,1134.8572,14.397844,361.75058,13.206726,461.94336,12.427,0.021,11.932,0.033,11.811,0.026,11.688,0.023,11.727,0.023,11.468,0.2,8.696,,,,20.95199966430664,0.1343999952077865,,,,,AAA,0000,AABU,RS,RS,,,,,,,,,,,,,,,
1581,ZTF J163509.30+140332.6,2MASS 16350931+1403323,4462053279142874112,WISEA J163509.30+140332.5,,248.7887736857891,14.059047655034274,1030.7589916173886,,23.62,0.16,-0.1939,13.816808,521.71423,14.36482,145.4393,13.109177,199.11687,12.103,0.023,11.63,0.025,11.509,0.021,11.433,0.023,11.457,0.022,11.168,0.151,9.067,,,,,,,,,,AAA,0000,AABU,RS,SSG,,,,,,,,,,,,,,,
1582,ZTF J161739.32+140828.2,2MASS 16173933+1408281,4463617403152659456,WISEA J161739.32+140828.1,GALEX J161739.3+140828,244.41387035759297,14.141139703948562,891.516472953989,,2.27,0.16,-0.1578,13.276426,595.91943,13.771164,173.53459,12.621456,220.78664,11.859,0.021,11.407,0.024,11.24,0.02,11.124,0.108,11.17,0.021,11.15,0.173,9.151,0.527,,,19.945499420166016,0.0804999992251396,,,,,AAA,0000,AABC,RS,RS,,,,,,,,,,,,,,,
1583,ASAS J161022+1452.5,2MASS 16102225+1452298,4464607479013942272,WISEA J161022.26+145229.7,GALEX J161022.2+145230,242.59274686335536,14.874916583183088,474.7491596241666,,8.22,0.1,,8.752687,709.55365,9.292394,208.25984,8.049925,254.95586,7.16,0.027,6.627,0.018,6.479,0.016,6.492,0.034,6.468,0.023,6.428,0.015,6.424,0.075,20.56369972229004,0.178,16.164600372314453,0.0126000000163912,,,,,AAA,0000,AAAA,RS,RS,,,,,,,,,,,,,,,
1584,CSS J162712.6+161824,2MASS 16271259+1618250,4465741109861634688,WISEA J162712.59+161825.1,GALEX J162712.5+161824,246.80245872860004,16.306952163401903,1351.6381688904175,,22.74,0.16,-0.1301,14.36628,567.0223,14.931892,144.30428,13.64835,200.73596,12.741,0.024,12.251,0.036,12.088,0.028,11.928,0.023,11.96,0.023,11.599,0.206,9.16,,,,21.600500106811523,0.315200001001358,,,,,AAA,0000,AABU,RS,SSG,,,,,,,,,,,,,,,
1585,ZTF J163922.56+163327.7,2MASS 16392256+1633280,4466032205565081728,WISEA J163922.56+163327.8,,249.84404544044543,16.557704008611974,1962.9876349158424,,4.72,0.19,-0.9177,15.342595,689.4783,15.843879,189.30658,14.667644,190.34753,13.791,0.027,13.304,0.037,13.172,0.03,13.116,0.025,13.097,0.028,12.011,,9.307,,,,,,,,,,AAA,0000,AAUU,RS,SSG,,,,,,,,,,,,,,,
1586,ZTF J175650.06+035951.3,2MASS 17565006+0359513,4469677906952538880,WISEA J175650.06+035951.2,,269.20859250556026,3.997554475362928,1604.8662194696053,,9.63,0.46,-0.1376,14.1353855,329.6196,14.81738,88.83438,13.326041,126.40238,12.223,0.021,11.575,0.027,11.445,0.021,11.358,0.023,11.367,0.021,11.269,0.164,8.786,,,,,,,,,,AAA,0000,AABU,RS,SSG,,,,,,,,,,,,,,,
1587,ZTF J175700.75+040138.6,2MASS 17570074+0401385,4469678151766608768,WISEA J175700.75+040138.5,,269.25313556305747,4.027361037200299,1651.0336443683254,,4.36,0.45,-0.4537,14.534543,824.11896,14.988971,196.0576,13.906156,277.80612,13.087,0.027,12.715,0.031,12.581,0.025,12.556,0.025,12.589,0.026,12.1,,8.695,,,,,,,,,,AAA,0000,AAUU,RS,SSG,,,,,,,,,,,,,,,
1588,ZTF J180552.27+045202.7,2MASS 18055227+0452025,4471371537113377280,WISEA J180552.27+045202.7,GALEX J180552.3+045204,271.4678227380125,4.867390838772936,1787.682042441773,,10.03,0.43,-0.1645,14.4734125,269.06436,15.243488,53.64075,13.606728,89.52828,12.382,0.022,11.701,0.026,11.521,0.02,11.298,0.023,11.308,0.022,11.356,0.162,8.709,,,,21.355300903320312,0.3319000005722046,,,,,AAA,0000,AABU,SSG,SSG,,,,,,,,,,,,,,,
1589,ZTF J180059.38+065324.1,2MASS 18005938+0653243,4474866330521866624,WISEA J180059.38+065324.1,GALEX J180059.4+065324,270.2474519625627,6.89001287849711,541.6867669992018,,1.08,0.47,-0.1553,12.869019,270.8466,13.516758,76.38019,12.0871105,105.05078,10.986,0.025,10.373,0.028,10.233,0.022,10.095,0.023,10.102,0.021,10.008,0.061,8.677,,,,20.40570068359375,0.1785999983549118,,,,,AAA,0000,AAAU,RS,SSG,,,,,,,,,,,,,,,
1590,ZTF J175422.80+082001.1,2MASS 17542280+0820011,4476014632977187584,WISEA J175422.80+082001.1,GALEX J175422.9+082002,268.5950559266859,8.333649170942932,1110.7676593369958,,9.85,0.37,-0.3343,14.517308,240.42116,15.256008,59.57983,13.662656,86.1446,12.243,0.022,11.623,0.03,11.434,0.021,11.381,0.022,11.35,0.021,11.523,0.188,8.954,,,,21.22719955444336,0.3488999903202057,,,,,AAA,0000,AABU,SSG,SSG,,,,,,,,,,,,,,,
1591,ZTF J175813.50+083047.1,2MASS 17581351+0830472,4476362941942811264,WISEA J175813.51+083047.1,,269.55630566129224,8.513094656849729,1821.269799578826,,6.08,0.45,,15.42892,357.205,16.10635,110.63436,14.626866,168.5972,13.374,0.033,12.765,0.032,12.586,0.022,12.607,0.025,12.554,0.025,11.941,,9.054,,,,,,,,,,AAA,0000,AAUU,SSG,SSG,,,,,,,,,,,,,,,
1592,ZTF J181209.88+093824.5,2MASS 18120986+0938244,4482021166222025984,WISEA J181209.87+093824.3,GALEX J181209.9+093823,273.0411785497196,9.640104384232528,1362.545305277004,,0.47,0.5,-0.5771,13.347112,795.94135,13.698991,241.75142,12.805693,268.62946,12.198,0.023,11.968,0.027,11.813,0.023,11.74,0.024,11.756,0.022,11.932,0.318,8.979,,,,18.08830070495605,0.025000000372529,,,,,AAA,0000,AABU,RS,RS,,,,,,,,,,,,,,,
1593,ZTF J181800.02+103031.7,2MASS 18180002+1030319,4482184271902755840,WISEA J181800.03+103031.8,,274.5001281981233,10.508811039653942,1431.136434694421,,5.24,0.48,-0.3177,15.080683,503.35443,15.625152,168.07452,14.363894,172.65591,13.458,0.029,12.925,0.023,12.829,0.029,12.81,0.024,12.81,0.027,12.402,,8.721,,,,,,,,,,AAA,0000,AAUU,RS,SSG,,,,,,,,,,,,,,,
1594,ZTF J180451.84+095942.2,2MASS 18045184+0959425,4482655653147637504,WISEA J180451.84+095942.2,,271.2160194481172,9.99504769227063,941.172739515538,,6.03,0.44,,14.37644,361.0338,15.055908,109.72189,13.563423,137.72484,12.334,0.024,11.734,0.025,11.584,0.024,11.523,0.023,11.539,0.021,11.298,0.197,8.524,,,,,,,,,,AAA,0000,AABU,SSG,SSG,,,,,,,,,,,,,,,
1595,ZTF J181202.79+103401.2,2MASS 18120279+1034016,4482892254309205120,WISEA J181202.78+103401.3,,273.0116251475296,10.566995839715124,1104.508808460634,,11.19,0.49,,14.346979,589.07117,14.968035,179.03133,13.584048,211.47322,12.519,0.023,11.952,0.022,11.828,0.024,11.826,0.023,11.835,0.023,12.053,0.335,8.671,,,,,,,,,,AAA,0000,AABU,RS,SSG,,,,,,,,,,,,,,,
1596,ZTF J181407.65+104831.4,2MASS 18140765+1048313,4482969838599084032,WISEA J181407.64+104831.3,,273.5318945093064,10.808708287309535,1984.9578013388648,,3.29,0.42,-1.1152,16.184458,275.18207,16.858809,71.17338,15.381118,97.72122,14.208,0.041,13.689,0.04,13.46,0.051,13.433,0.025,13.401,0.03,12.649,,8.907,,,,,,,,,,AAA,0000,AAUU,SSG,SSG,,,,,,,,,,,,,,,
1597,ZTF J181636.40+121522.9,2MASS 18163640+1215228,4484889620258719872,WISEA J181636.40+121522.9,,274.1516731965168,12.256347070584544,1394.9998487485843,,31.38,0.46,0.0692,13.953235,352.07175,14.5939045,100.51124,13.181631,127.046684,12.083,0.021,11.555,0.028,11.409,0.023,11.335,0.023,11.399,0.022,11.032,0.134,8.491,,,,,,,,,,AAA,0000,AABU,RS,SSG,,,,,,,,,,,,,,,
1598,ZTF J174122.26+055745.7,2MASS 17412227+0557457,4485781461628178176,WISEA J174122.27+055745.7,,265.3427638834892,5.962679251520974,1508.1995851959225,,1.78,0.48,-0.1296,13.6992655,895.7264,14.337018,286.8937,12.924919,333.29993,11.847,0.03,11.275,0.033,11.114,0.029,11.036,0.027,11.065,0.025,10.966,0.155,8.358,,,,,,,,,,AAA,0000,AABU,RS,SSG,,,,,,,,,,,,,,,
1599,ZTF J174725.01+065735.8,2MASS 17472501+0657360,4486325032688038400,WISEA J174725.01+065736.0,,266.8542289279469,6.959947222746946,1642.4947078517607,,4.33,0.5,-0.0121,15.606361,274.96143,16.427536,76.64122,14.713004,100.20077,13.452,0.028,12.734,0.027,12.544,0.033,12.447,0.023,12.425,0.023,11.925,,9.037,,,,,,,,,,AAA,0000,AAUU,SSG,SSG,,,,,,,,,,,,,,,
1600,ZTF J174512.01+075044.1,2MASS 17451200+0750441,4486621454150751744,WISEA J174512.01+075044.0,,266.30006260035367,7.84555519986518,971.0736812712088,,9.54,0.39,-0.1725,14.51818,597.6454,15.1160555,165.91061,13.773895,224.68228,12.733,0.024,12.181,0.025,12.059,0.023,12.026,0.024,12.03,0.023,12.071,0.308,8.823,,,,,,,,,,AAA,0000,AABU,cut,SSG,,,,,,,,,,,,,,,
1601,ZTF J174942.16+082638.6,2MASS 17494217+0826387,4488072912580987904,WISEA J174942.16+082638.6,GALEX J174942.1+082639,267.4256708293165,8.44405251412779,734.4114526522292,,4.11,0.48,-0.0998,13.535341,405.17007,14.221599,119.7079,12.72983,146.41022,11.6,0.026,10.99,0.024,10.808,0.021,10.712,0.023,10.712,0.02,10.69,0.089,8.854,,,,20.74959945678711,0.268200010061264,,,,,AAA,0000,AAAU,SSG,SSG,,,,,,,,,,,,,,,
1602,ZTF J172337.23+084740.2,2MASS 17233724+0847404,4490503314310681600,WISEA J172337.24+084740.2,,260.9051712280301,8.794492035378966,1469.5810784049695,,1.97,0.34,-0.593,15.580184,154.76132,16.223652,45.233776,14.80622,53.896027,13.667,0.026,13.105,0.028,12.916,0.034,12.897,0.024,12.864,0.026,11.995,,9.116,,,,,,,,,,AAA,0000,AAUU,SSG,SSG,,,,,,,,,,,,,,,
1603,ZTF J172403.38+092428.2,2MASS 17240338+0924280,4491372890569488896,WISEA J172403.38+092428.1,GALEX J172403.3+092428,261.0141253501621,9.407833377961486,766.9096996995559,,8.71,0.31,-0.5987,12.653099,801.3364,13.17465,267.92313,11.960826,286.0023,11.075,0.023,10.512,0.023,10.382,0.02,10.23,0.023,10.23,0.021,10.074,0.056,8.25,,20.35219955444336,0.2573,18.61720085144043,0.0653000026941299,,,,,AAA,0000,AAAU,RS,SSG,,,,,,,,,,,,,,,
1604,NSVS 10894493,2MASS 17380303+1028149,4492459925313695104,WISEA J173803.03+102814.7,GALEX J173802.9+102814,264.51264986091877,10.47076042005252,819.0756629877865,,84.06,0.42,0.1874,12.53446,1248.5433,13.196584,369.14117,11.7624235,319.89676,10.757,0.024,10.197,0.031,10.04,0.022,9.953,0.023,10.019,0.02,9.978,0.063,8.694,,,,21.13610076904297,0.2327000051736831,,,,,AAA,0000,AAAU,RS,SSG,,,,,,,,,,,,,,,
1605,ZTF J174413.60+121710.2,2MASS 17441361+1217101,4493336996293571328,WISEA J174413.61+121710.2,,266.0567052554267,12.28614532554428,1815.24071140425,,4.82,0.41,-0.2807,15.688155,362.43787,16.409595,101.45544,14.847038,129.47763,13.866,0.023,13.179,0.027,13.047,0.027,12.68,0.023,12.661,0.024,12.124,,9.31,,,,,,,,,,AAA,dd00,AAUU,SSG,SSG,,,,,,,,,,,,,,,
1606,ZTF J174148.29+124901.3,2MASS 17414830+1249010,4493429286551297536,WISEA J174148.30+124901.1,,265.4512452502995,12.816991378307527,1210.974030111098,,15.31,0.38,,14.742508,324.56665,15.407057,89.323296,13.934939,123.142456,13.014,0.023,12.377,0.023,12.223,0.023,11.994,0.024,11.98,0.023,12.34,0.382,8.354,,,,,,,,,,AAA,0000,AACU,SSG,SSG,,,,,,,,,,,,,,,
1607,ZTF J172953.65+111632.6,2MASS 17295365+1116329,4493542879846344192,WISEA J172953.65+111632.7,,262.4735713129879,11.27572647127765,1123.508980594827,,8.92,0.39,-0.4671,14.362961,575.0207,14.901573,181.80911,13.664508,214.3504,12.682,0.024,12.18,0.024,12.089,0.027,12.072,0.023,12.09,0.023,12.29,0.357,8.909,,,,,,,,,,AAA,0h00,AACU,RS,SSG,,,,,,,,,,,,,,,
1608,ZTF J180442.31+110517.3,2MASS 18044232+1105172,4495177991079688320,WISEA J180442.32+110517.2,GALEX J180442.3+110516,271.1763223844393,11.088116831202052,1680.9622253843695,,0.9,0.38,-0.1611,14.289862,847.6079,14.881241,236.79536,13.547195,256.83725,12.562,0.027,11.999,0.022,11.855,0.024,11.788,0.024,11.814,0.022,11.649,0.222,8.919,,,,21.582399368286133,0.3871000111103058,,,,,AAA,0000,AABU,RS,SSG,,,,,,,,,,,,,,,
1609,ZTF J180458.27+112838.7,2MASS 18045827+1128385,4495241590956254720,WISEA J180458.29+112838.7,GALEX J180458.2+112839,271.2428282369493,11.477384444520006,1573.4121520893118,,18.0,0.34,,14.68161,817.7974,15.241181,207.51883,13.966976,302.13324,13.032,0.022,12.534,0.027,12.399,0.029,12.272,0.022,12.314,0.024,12.266,0.36,9.149,,,,21.73819923400879,0.4093999862670898,,,,,AAA,0000,AACU,RS,RS,,,,,,,,,,,,,,,
1610,ZTF J175825.48+123754.6,2MASS 17582549+1237546,4496372095065090304,WISEA J175825.48+123754.4,,269.6062124380415,12.63181289855391,1217.5006498174052,,3.24,0.41,-0.464,14.3488,641.32477,14.831759,178.5494,13.697887,228.82852,12.903,0.024,12.45,0.023,12.345,0.021,12.271,0.022,12.302,0.023,12.069,0.319,8.875,,,,,,,,,,AAA,0000,AABU,RS,SSG,,,,,,,,,,,,,,,
1611,ZTF J180947.62+122931.7,2MASS 18094762+1229314,4496919789298052608,WISEA J180947.62+122931.5,,272.4484409780213,12.492107084391929,1754.0671769204914,,22.36,0.46,0.1376,15.157103,428.70175,15.824724,124.849686,14.354162,138.1646,13.306,0.025,12.747,0.027,12.56,0.022,12.531,0.023,12.562,0.023,11.964,0.304,9.052,,,,,,,,,,AAA,0000,AABU,RS,SSG,,,,,,,,,,,,,,,
1612,ZTF J181505.56+140033.1,2MASS 18150557+1400330,4497508852654938496,WISEA J181505.56+140033.0,,273.77319981211986,14.00916607918939,1489.0087956924444,,3.83,0.37,-0.162,14.922597,441.6478,15.661396,124.20044,14.081693,164.83313,13.003,0.024,12.288,0.022,12.111,0.021,11.973,0.023,11.953,0.022,11.726,0.256,9.078,,,,,,,,,,AAA,0000,AABU,SSG,SSG,,,,,,,,,,,,,,,
1613,ZTF J180553.78+134745.0,2MASS 18055378+1347450,4498003903461286272,WISEA J180553.78+134745.0,,271.47409681047003,13.795830243229725,1599.4171063474416,,13.58,0.39,-0.04,15.421396,319.42578,16.099743,90.404655,14.602749,124.60696,13.524,0.027,12.889,0.032,12.746,0.028,12.63,0.024,12.605,0.024,12.362,,8.862,,,,,,,,,,AAA,0000,AAUU,SSG,SSG,,,,,,,,,,,,,,,
1614,ZTF J180214.80+141617.1,2MASS 18021481+1416170,4498276827161028864,WISEA J180214.80+141616.9,,270.5617056962505,14.271392456538369,1922.3412482503977,,4.21,0.48,-0.3947,15.486276,463.61713,16.241173,125.23697,14.629579,163.27113,13.424,0.027,12.81,0.026,12.58,0.024,12.375,0.025,12.382,0.025,12.304,0.399,8.78,,,,,,,,,,AAA,0000,AACU,SSG,SSG,,,,,,,,,,,,,,,
1615,ZTF J180701.38+155054.2,2MASS 18070139+1550543,4498913444396448000,WISEA J180701.39+155054.2,GALEX J180701.3+155055,271.7558163171441,15.848401959308797,1633.6113973858842,,13.9,0.38,-0.2199,14.394563,408.96313,14.993834,112.97545,13.643642,142.7911,12.678,0.023,12.043,0.028,11.918,0.019,11.889,0.024,11.883,0.022,11.951,0.347,8.707,,,,21.40139961242676,0.293500006198883,,,,,AAA,0000,AABU,RS,SSG,,,,,,,,,,,,,,,
1616,ZTF J174936.08+124419.6,2MASS 17493608+1244197,4499156470822045440,WISEA J174936.08+124419.5,,267.40036080891156,12.738761823467067,1568.1362557492475,,6.59,0.38,-0.1942,14.67886,526.8798,15.173967,128.21405,14.005025,203.49274,13.191,0.03,12.775,0.031,12.66,0.032,12.55,0.027,12.562,0.028,12.392,,8.192,,,,,,,,,,AAA,0000,AAUU,RS,SSG,,,,,,,,,,,,,,,
1617,ZTF J174959.58+132145.2,2MASS 17495958+1321451,4499335519419026048,WISEA J174959.60+132144.9,,267.4982612497279,13.362552394581751,1264.5723667485584,,1.12,0.35,-0.114,14.523538,872.0416,15.07669,258.22733,13.818245,298.11432,12.947,0.026,12.381,0.026,12.292,0.027,12.076,0.023,12.139,0.023,12.536,0.466,8.749,,,,,,,,,,AAA,0000,AACU,RS,SSG,,,,,,,,,,,,,,,
1618,ZTF J175040.54+133139.2,2MASS 17504054+1331392,4499364862635602048,WISEA J175040.51+133138.9,,267.6689413119454,13.527524846119542,1136.7612683811544,,12.58,0.41,-0.0874,14.820046,234.07585,15.53792,65.31471,13.965743,85.000496,12.477,0.026,11.819,0.022,11.748,0.023,11.651,0.023,11.679,0.021,12.026,0.313,8.878,,,,,,,,,,EEE,hhh0,AABU,SSG,SSG,,,,,,,,,,,,,,,
1619,ZTF J180417.93+154105.8,2MASS 18041794+1541059,4501532240572880384,WISEA J180417.94+154105.9,GALEX J180417.9+154106,271.07477633689695,15.684951241819192,1628.4477081309512,,1.18,0.42,-0.0525,14.581858,558.7548,15.129108,173.1065,13.8756,190.48091,12.935,0.026,12.453,0.032,12.29,0.018,12.145,0.024,12.189,0.024,11.673,0.241,9.006,,,,21.49860000610352,0.2493000030517578,,,,,AAA,0000,AABU,RS,RS,,,,,,,,,,,,,,,
1620,ZTF J180307.23+172541.7,2MASS 18030723+1725417,4502327668517824000,WISEA J180307.23+172541.7,GALEX J180307.2+172542,270.78013324893493,17.428251261206213,682.2927081148948,,11.07,0.28,-0.0703,13.544464,559.42487,14.144181,171.15213,12.799973,226.96915,11.778,0.027,11.233,0.032,11.086,0.022,11.046,0.023,11.068,0.02,10.983,0.12,8.533,,,,20.69529914855957,0.1651999950408935,,,,,AAA,0000,AABU,RS,SSG,,,,,,,,,,,,,,,
1621,ZTF J175449.13+162636.7,2MASS 17544914+1626367,4502581621342141696,WISEA J175449.13+162636.6,GALEX J175449.1+162637,268.70472432155844,16.44351212758349,1523.287281372212,,6.91,0.24,-0.8837,14.516742,336.77185,15.000093,90.598885,13.84405,111.47426,13.043,0.025,12.452,0.029,12.384,0.026,12.187,0.024,12.186,0.023,11.874,,8.863,,,,20.08270072937012,0.0952000021934509,,,,,AAA,0000,AAUU,RS,SSG,,,,,,,,,,,,,,,
1622,ZTF J175802.05+183908.1,2MASS 17580206+1839081,4503534760486009088,WISEA J175802.06+183908.1,,269.5085927763659,18.652239850506323,1715.733231123529,,2.89,0.26,-0.0998,15.527169,244.31226,16.179617,70.12288,14.740298,94.595665,13.737,0.025,13.121,0.027,13.005,0.037,12.818,0.025,12.817,0.026,12.346,,9.039,,,,,,,,,,AAA,hh00,AAUU,SSG,SSG,,,,,,,,,,,,,,,
1623,HD 347929,2MASS 18072412+1942230,4527508855614868992,WISEA J180724.14+194221.8,,271.8505283074954,19.706300746451458,240.73481028769743,10.692230769230768,33.31,0.26,-0.1898,9.010984,489.90173,9.700872,134.8458,8.196377,160.92964,6.588,0.018,5.99,0.018,5.842,0.02,6.211,0.079,5.909,0.042,5.571,0.02,5.665,0.038,,,,,Yes,Variable H-alpha,Normal Emission,Normal Emission,AAA,HH00,AAAA,RS,SSG,,,,,,,,,,,,,,,
1624,ZTF J181209.60+194858.1,2MASS 18120959+1948582,4527819089691985024,WISEA J181209.59+194858.1,,273.0400063058333,19.816125298113068,1471.0899980319016,,1.58,0.28,,15.54348,318.62332,16.238735,78.80258,14.700644,109.27466,13.581,0.023,12.924,0.03,12.76,0.027,12.542,0.023,12.513,0.026,11.863,0.257,8.714,,,,,,,,,,AAA,dd00,AABU,SSG,SSG,,,,,,,,,,,,,,,
1625,ZTF J181117.38+203015.6,2MASS 18111739+2030154,4527939314417074688,WISEA J181117.38+203015.4,,272.82245841876255,20.50430400338228,1849.93784854899,,5.68,0.24,-0.1758,15.059039,581.266,15.583679,170.4919,14.366917,212.3811,13.493,0.024,12.918,0.023,12.806,0.029,12.712,0.024,12.715,0.025,11.927,,9.009,,,,,,,,,,AAA,0000,AAUU,RS,SSG,,,,,,,,,,,,,,,
1626,ZTF J181513.92+202541.4,2MASS 18151392+2025413,4527959071267069568,WISEA J181513.92+202541.2,,273.8080076088141,20.428152595814907,1889.3765364248145,,7.02,0.31,,15.576137,526.52515,16.254835,132.96947,14.767184,182.63118,13.772,0.032,13.139,0.04,12.967,0.031,12.759,0.032,12.747,0.032,12.065,,8.97,,,,,,,,,,AAA,0000,AAUU,SSG,SSG,,,,,,,,,,,,,,,
1627,ZTF J181423.80+203827.9,2MASS 18142381+2038279,4527977934763467648,WISEA J181423.80+203827.8,,273.59918853417884,20.64105980366395,1740.433777005963,,5.15,0.25,-0.1005,15.458917,222.25412,16.149641,66.78908,14.625309,75.605804,13.503,0.027,12.814,0.032,12.68,0.027,12.602,0.024,12.576,0.024,12.163,,8.665,,,,,,,,,,AAA,0000,AAUU,SSG,SSG,,,,,,,,,,,,,,,
1628,NSVS 11009816,2MASS 18211720+2119562,4528869673063050752,WISEA J182117.20+211956.3,,275.32168759168303,21.33232664457991,1701.0616050049723,,21.7,0.4,-0.0709,12.86734,878.23456,13.439618,240.78389,12.142865,319.70667,11.493,0.019,10.875,0.027,10.735,0.021,10.423,0.023,10.456,0.02,10.202,0.053,8.989,,,,,,,,,,AAA,0000,AAAU,RS,RS,,,,,,,,,,,,,,,
1629,ZTF J182925.99+212422.8,2MASS 18292599+2124228,4528994227108030848,WISEA J182925.99+212422.7,GALEX J182926.0+212423,277.358308852589,21.40631732711048,775.2695936661728,,8.74,0.43,-0.13,13.476595,486.6222,14.032506,148.19681,12.75941,164.64912,11.801,0.02,11.279,0.021,11.147,0.02,11.095,0.023,11.134,0.021,11.26,0.129,9.232,,,,20.30739974975586,0.1843000054359436,,,,,AAA,hh00,AABU,RS,SSG,,,,,,,,,,,,,,,
1630,ZTF J182115.99+224711.6,2MASS 18211599+2247116,4530156101659485568,WISEA J182115.99+224711.6,,275.31665796814184,22.78656953247948,1378.2827665691257,,13.09,0.39,-0.3698,15.376687,345.3157,16.07379,100.89743,14.55756,125.88243,13.389,0.026,12.819,0.036,12.617,0.028,12.524,0.024,12.528,0.024,12.0,,9.119,,,,,,,,,,AAA,0000,AAUU,SSG,SSG,,,,,,,,,,,,,,,
1631,ZTF J182625.78+232053.7,2MASS 18262578+2320537,4530255774958464512,WISEA J182625.78+232053.6,,276.6074400896258,23.348244730020316,1325.128261640069,,6.02,0.31,-0.3097,14.593927,300.7736,15.302121,84.18952,13.769042,118.68362,12.468,0.029,11.867,0.034,11.728,0.022,11.599,0.023,11.596,0.021,11.435,0.145,8.778,,,,,,,,,,AAA,0hHH,AABU,SSG,SSG,,,,,,,,,,,,,,,
1632,ZTF J183710.41+213541.2,2MASS 18371040+2135412,4532037778372428928,WISEA J183710.41+213541.1,,279.2933991723199,21.594769495509677,1463.2890600545725,,1.1,0.47,-0.026,14.2207985,494.4614,14.924657,145.19714,13.393492,185.58734,12.28,0.021,11.618,0.019,11.456,0.016,11.211,0.023,11.205,0.021,11.081,0.105,9.297,,,,,,,,,,AAA,0000,AAAU,RS,SSG,,,,,,,,,,,,,,,
1633,ZTF J184001.45+221421.8,2MASS 18400146+2214219,4532178618940525440,WISEA J184001.45+221421.8,,280.0060861849691,22.239390267437965,1549.0422855186562,,1.12,0.46,-0.4004,15.616609,396.28857,16.290737,116.72469,14.794462,126.36632,13.499,0.023,12.921,0.024,12.742,0.024,12.712,0.024,12.668,0.025,12.492,0.415,9.053,,,,,,,,,,AAA,0000,AACU,SSG,SSG,,,,,,,,,,,,,,,
1634,ZTF J185830.70+263705.6,2MASS 18583070+2637056,4535031782898946944,WISEA J185830.70+263705.6,,284.627937389324,26.61821465199087,1884.527553616864,,0.69,0.48,-0.4583,15.879395,347.06747,16.572826,97.82687,15.06937,120.46333,13.851,0.027,13.21,0.027,13.041,0.033,13.051,0.024,13.038,0.027,12.531,0.436,9.051,,,,,,,,,,AAA,dd00,AACU,SSG,SSG,,,,,,,,,,,,,,,
1635,ZTF J183934.90+235130.8,2MASS 18393489+2351308,4535721314124063104,WISEA J183934.90+235130.7,GALEX J183934.8+235130,279.89542134609434,23.858536785845004,1468.8380045447468,,19.93,0.31,,14.357817,711.0069,14.969842,194.32455,13.598726,240.10843,12.569,0.021,12.002,0.023,11.867,0.018,11.831,0.023,11.868,0.023,11.653,0.212,8.617,,,,21.8488998413086,0.4717999994754791,,,,,AAA,0000,AABU,RS,RS,,,,,,,,,,,,,,,
1636,ZTF J184257.27+243150.3,2MASS 18425727+2431502,4535882117699868672,WISEA J184257.27+243150.3,GALEX J184257.1+243151,280.7386455568823,24.530628527508636,1659.2546450786565,,1.1,0.32,-0.1612,15.380643,408.6836,15.998518,119.91585,14.616848,161.25827,13.562,0.021,13.033,0.037,12.808,0.025,12.832,0.023,12.844,0.026,12.393,,8.744,,,,21.8484001159668,0.3962999880313873,,,,,AAA,0000,AAUU,RS,SSG,,,,,,,,,,,,,,,
1637,ZTF J184049.75+252502.7,2MASS 18404976+2525025,4536173453920371200,WISEA J184049.75+252502.6,,280.20732685144463,25.417401892793293,1534.841747211677,,8.91,0.35,-0.2625,14.727167,392.52396,15.4146805,94.04334,13.901325,150.34004,12.561,0.027,11.945,0.03,11.772,0.02,11.777,0.023,11.783,0.022,11.851,0.22,9.101,,,,,,,,,,AAA,hh00,AABU,SSG,SSG,,,,,,,,,,,,,,,
1638,ZTF J183050.64+243858.4,2MASS 18305064+2438583,4536497294455856128,WISEA J183050.63+243858.4,GALEX J183050.6+243858,277.71100638855177,24.64953472481017,1284.4043372707924,,0.56,0.27,-0.3507,14.48837,592.249,14.971618,162.33209,13.837835,219.78683,13.097,0.027,12.589,0.029,12.515,0.024,12.406,0.024,12.419,0.023,12.274,0.328,9.313,,,,21.173799514770508,0.1425999999046325,,,,,AAA,0000,AABU,RS,SSG,,,,,,,,,,,,,,,
1639,ZTF J183037.66+245248.5,2MASS 18303767+2452485,4536505059757109888,WISEA J183037.66+245248.5,,277.6569458613066,24.88012099481548,1284.8580162857693,,3.52,0.29,-0.2001,14.661697,297.6107,15.176138,92.96354,13.98446,113.99847,12.985,0.026,12.514,0.031,12.428,0.027,12.385,0.023,12.376,0.024,11.828,0.209,9.06,,,,,,,,,,AAA,0000,AABU,RS,SSG,,,,,,,,,,,,,,,
1640,ZTF J182737.50+250627.1,2MASS 18273751+2506274,4536704930352786688,WISEA J182737.50+250627.2,,276.90628880043846,25.107521533170647,1257.762033891827,,5.6,0.34,-0.3091,14.116628,496.88232,14.775329,141.1878,13.317516,196.86082,12.27,0.026,11.657,0.029,11.472,0.018,11.431,0.023,11.38,0.02,11.076,0.118,8.847,,,,,,,,,,AAA,0000,AABU,RS,SSG,,,,,,,,,,,,,,,
1641,ZTF J183446.15+253311.3,2MASS 18344616+2533112,4536930295878664832,WISEA J183446.15+253311.2,GALEX J183446.2+253310,278.69232019958116,25.553118988667613,945.661418282559,,1.11,0.29,-0.1726,13.935231,777.7845,14.454847,226.88388,13.257429,295.31635,12.384,0.03,11.875,0.03,11.825,0.022,11.753,0.023,11.736,0.023,11.589,0.19,9.242,,,,20.77840042114257,0.162100002169609,,,,,AAA,0000,AABU,RS,SSG,,,,,,,,,,,,,,,
1642,ZTF J182928.90+255657.5,2MASS 18292890+2556575,4537186035410671104,WISEA J182928.90+255657.4,GALEX J182928.8+255657,277.3704377337679,25.94929101007698,1623.9109956285306,,34.13,0.25,-0.0968,13.344127,864.3569,13.893839,256.85208,12.640886,347.99234,11.777,0.021,11.228,0.03,11.114,0.026,11.005,0.023,11.027,0.021,10.897,0.098,8.76,,,,20.62579917907715,0.1273999959230423,,,,,AAA,0000,AAAU,RS,RS,,,,,,,,,,,,,,,
1643,ZTF J185049.89+270306.5,2MASS 18504990+2703066,4538072516662610304,WISEA J185049.88+270306.5,,282.7079130680541,27.051794859571565,1526.737282525786,,11.88,0.48,-0.0702,14.702517,833.68134,15.341641,233.54842,13.92429,313.75757,12.9,0.026,12.315,0.027,12.194,0.025,12.013,0.023,12.059,0.021,11.98,0.228,9.039,,,,,,,,,,AAA,0000,AABU,RS,SSG,,,,,,,,,,,,,,,
1644,ZTF J185306.93+274246.2,2MASS 18530693+2742462,4538216655765696384,WISEA J185306.92+274246.2,GALEX J185306.8+274247,283.27888187712074,27.712802541546527,1649.520340053244,,1.24,0.43,-0.152,15.0238495,446.7893,15.545826,129.00389,14.328768,138.33287,13.33,0.029,12.876,0.035,12.746,0.029,12.665,0.024,12.716,0.025,12.539,0.381,9.182,,,,21.162399291992188,0.2896000146865845,,,,,AAA,0000,AACU,RS,SSG,,,,,,,,,,,,,,,
1645,ZTF J184754.75+265032.3,2MASS 18475476+2650322,4538228269353275008,WISEA J184754.75+265032.2,GALEX J184754.7+265032,281.9781633951665,26.8422880547441,1184.1646497726092,,0.84,0.43,,13.84626,822.3526,14.372035,256.52136,13.165746,340.5677,12.289,0.029,11.772,0.03,11.712,0.022,11.646,0.023,11.653,0.022,11.676,0.151,9.549,,,,20.85610008239746,0.223700001835823,,,,,AAA,0000,AABU,RS,RS,,,,,,,,,,,,,,,
1646,ZTF J184721.01+265436.6,2MASS 18472100+2654369,4538241222974700160,WISEA J184721.00+265436.6,GALEX J184721.0+265437,281.83754830825853,26.91016765370224,982.7735769155676,,18.69,0.44,-0.2436,13.82893,476.46622,14.469509,134.30176,13.057548,177.95778,12.023,0.026,11.418,0.036,11.275,0.018,11.21,0.023,11.221,0.021,11.173,0.095,9.093,,,,21.488300323486328,0.3400000035762787,,,,,AAA,0000,AAAU,RS,SSG,,,,,,,,,,,,,,,
1647,ROTSE1 J183703.58+280017.1,2MASS 18370357+2800185,4539020398761778048,WISEA J183703.56+280018.4,,279.26486314257374,28.00509177683255,917.7152674046762,21.6488,23.82,0.37,,10.948261,698.00494,11.59464,203.85919,10.176702,255.24199,9.055,0.027,8.502,0.033,8.354,0.027,8.29,0.022,8.337,0.019,8.2,0.021,8.243,0.216,,,,,Yes,Absorption,,,AAA,0000,AAAB,RS,RS,,,,,,,,,,,,,,,
1648,ZTF J184424.26+273549.3,2MASS 18442427+2735493,4539086438179256960,WISEA J184424.27+273549.2,,281.1011287402251,27.597009125562717,1342.9710917498903,,1.07,0.48,-0.0548,14.866348,775.10834,15.455363,138.18959,14.128715,204.28392,13.325,0.024,12.813,0.03,12.592,0.023,12.552,0.024,12.604,0.025,12.744,0.438,9.067,,,,,,,,,,AAA,0000,AACU,RS,SSG,,,,,,,,,,,,,,,
1649,CSS J170949.3+111950,2MASS 17094935+1119503,4540808479541441536,WISEA J170949.35+111950.4,,257.4556300161998,11.330656879531883,1870.9613726035975,,1.14,0.25,-0.0243,15.824513,181.15726,16.52713,53.99773,15.032129,59.971115,13.732,0.026,13.114,0.025,12.95,0.03,12.959,0.024,12.935,0.028,12.37,,8.375,,,,,,,,,,AAA,0000,AAUU,SSG,SSG,,,,,,,,,,,,,,,
1650,V1404 Her,2MASS 17162971+1323145,4541558346472224768,WISEA J171629.70+132314.6,GALEX J171629.7+132315,259.12384534959693,13.387277471347172,480.45594664067977,,12.68,0.46,-0.0138,11.277045,521.1599,11.877104,148.17488,10.526059,205.71346,9.386,0.022,8.795,0.029,8.666,0.025,8.536,0.024,8.532,0.02,8.481,0.022,8.344,0.203,,,18.30660057067871,0.0502000004053115,,,,,AAA,0000,AAAB,RS,SSG,,,,,,,,,,,,,,,
1651,ZTF J172024.12+140900.2,2MASS 17202412+1409001,4543132091208727296,WISEA J172024.12+140900.1,GALEX J172024.1+140900,260.10053179902894,14.15002897328042,1715.6485698124038,,5.08,0.42,-0.5838,14.719233,447.80304,15.467218,127.183876,13.858102,176.87218,12.211,0.021,11.598,0.022,11.441,0.02,11.549,0.023,11.494,0.022,11.605,0.168,9.088,,,,22.09939956665039,0.4309999942779541,,,,,AAA,0000,AABU,SSG,SSG,,,,,,,,,,,,,,,
1652,ZTF J172632.63+154833.6,2MASS 17263262+1548337,4543993558568933248,WISEA J172632.62+154833.5,,261.6359422841235,15.80932224473191,1827.79982798892,,12.26,0.27,0.0799,15.640171,620.51044,16.299072,143.17369,14.853942,205.29051,13.796,0.025,13.193,0.027,13.062,0.036,12.995,0.023,13.04,0.027,12.171,0.443,9.156,,,,,,,,,,AAA,0000,AACU,SSG,SSG,,,,,,,,,,,,,,,
1653,CSS J171401.1+160602,2MASS 17140114+1606023,4546831672958094080,WISEA J171401.14+160602.3,GALEX J171401.1+160603,258.5047386739456,16.10064398831263,608.0067724430205,,4.28,0.22,-0.3568,13.132122,514.6659,13.721805,148.77597,12.384846,203.4749,11.354,0.02,10.791,0.022,10.651,0.018,10.653,0.023,10.643,0.021,10.53,0.079,8.873,,,,20.24469947814941,0.1155999973416328,,,,,AAA,h000,AAAU,RS,SSG,,,,,,,,,,,,,,,
1654,ZTF J174204.85+172448.2,2MASS 17420486+1724481,4549693873524633856,WISEA J174204.85+172447.9,GALEX J174204.9+172449,265.5202567932897,17.41337201835012,1312.9955976757026,,5.42,0.17,,14.860285,463.47638,15.422149,143.02519,14.139988,184.4342,13.208,0.024,12.683,0.024,12.558,0.028,12.358,0.023,12.39,0.024,12.015,,8.622,,,,21.779699325561523,0.4032000005245209,,,,,AAA,0000,AAUU,RS,SSG,,,,,,,,,,,,,,,
1655,ZTF J174808.61+191454.6,2MASS 17480861+1914546,4551440310308544256,WISEA J174808.60+191454.5,,267.03587632345494,19.24848278050011,1740.251933047923,,12.44,0.22,0.0722,15.392465,752.40814,16.009907,185.11607,14.626906,249.02637,13.576,0.025,13.007,0.024,12.85,0.036,12.794,0.023,12.839,0.024,12.357,0.381,8.772,,,,,,,,,,AAA,0000,AACU,SSG,SSG,,,,,,,,,,,,,,,
1656,ZTF J175412.69+183946.8,2MASS 17541269+1839468,4551481748152576256,WISEA J175412.69+183946.8,,268.5528961971993,18.662988047533652,1638.6000325039083,,10.55,0.2,-0.3019,14.809676,1009.228,15.298571,293.10583,14.1577635,317.93506,13.322,0.024,12.907,0.023,12.795,0.039,12.685,0.024,12.727,0.024,11.946,0.263,8.883,,,,,,,,,,AAA,0000,AABU,RS,SSG,,,,,,,,,,,,,,,
1657,ZTF J175432.46+191303.3,2MASS 17543247+1913035,4551582971943964544,WISEA J175432.47+191303.4,,268.6352862325603,19.217584865440468,1321.7025095360134,,10.71,0.22,-0.1898,13.593955,863.31964,14.016307,263.55487,12.996166,327.76373,12.29,0.021,11.922,0.021,11.808,0.027,11.758,0.023,11.798,0.021,11.459,0.18,9.106,,,,,,,,,,AAA,0000,AABU,RS,RS,,,,,,,,,,,,,,,
1658,ZTF J175758.40+193035.4,2MASS 17575841+1930355,4551650694986902656,WISEA J175758.41+193035.5,,269.49335466708914,19.509829751363213,1772.6828061020303,,22.85,0.23,-0.1889,14.256691,1483.32,14.71688,432.58563,13.624484,495.70212,12.872,0.021,12.401,0.019,12.285,0.03,12.171,0.023,12.232,0.024,12.434,0.439,8.976,,,,,,,,,,AAA,0000,AACU,RS,RS,,,,,,,,,,,,,,,
1659,ZTF J175826.83+193140.7,2MASS 17582683+1931405,4551653821723068544,WISEA J175826.83+193140.7,,269.6118151992169,19.527949942812143,868.9131557949079,,1.7,0.24,-0.2548,12.865156,1010.8225,13.305309,307.0398,12.261658,334.49475,11.518,0.026,11.064,0.031,10.958,0.021,10.924,0.023,10.928,0.021,10.752,0.097,8.791,,,,,,,,,,AAA,0000,AAAU,RS,RS,,,,,,,,,,,,,,,
1660,ZTF J174236.24+191146.7,2MASS 17423624+1911470,4552143619793287296,WISEA J174236.24+191146.7,GALEX J174236.2+191146,265.6510282480526,19.196303338823544,1555.0371816152822,,6.47,0.19,-0.3643,15.1526785,369.79367,15.782602,100.43701,14.371141,123.91643,13.293,0.024,12.699,0.019,12.562,0.033,12.491,0.024,12.471,0.023,12.103,0.277,9.093,,,,21.552600860595703,0.3188000023365021,,,,,AAA,0000,AABU,SSG,SSG,,,,,,,,,,,,,,,
1661,ZTF J174214.68+194957.6,2MASS 17421468+1949574,4552460828896187008,WISEA J174214.68+194957.5,,265.5611910586961,19.832665155385772,1900.6191022394917,,4.15,0.2,-0.2848,14.148484,1063.9921,14.612213,299.67703,13.520136,332.94397,12.693,0.019,12.24,0.022,12.107,0.025,12.037,0.023,12.063,0.021,11.128,0.137,8.075,0.203,,,,,,,,,AAA,0000,AABB,RS,RS,,,,,,,,,,,,,,,
1662,CSS J173124.1+180857,2MASS 17312413+1808585,4553324941955491712,WISEA J173124.15+180858.2,GALEX J173124.1+180856,262.85062674224065,18.149628745576468,1653.5576573603275,,5.42,0.16,-0.3463,15.318055,458.14304,15.941021,125.56372,14.544817,140.58499,13.37,0.04,12.793,0.052,12.647,,12.444,0.023,12.408,0.024,12.477,0.452,9.056,,,,21.08629989624023,0.2649999856948852,,,,,AAU,0000,AACU,SSG,SSG,,,,,,,,,,,,,,,
1663,CSS J172344.3+180528,2MASS 17234439+1805280,4553451248353675648,WISEA J172344.39+180527.9,,260.9349721540722,18.09111043416348,1493.2049861185255,,2.5,0.15,-0.2228,14.798284,291.55975,15.5085745,77.16588,13.954162,96.38678,12.63,0.022,12.003,0.018,11.835,0.02,11.843,0.023,11.803,0.022,11.631,0.168,9.068,,,,,,,,,,AAA,0000,AABU,cut,SSG,,,,,,,,,,,,,,,
1664,ROTSE1 J172404.95+182937.3,2MASS 17240496+1829373,4553537078980310400,WISEA J172404.95+182937.2,GALEX J172405.0+182937,261.0206292317796,18.49367078862046,381.656715517134,17.89,11.55,0.14,-0.0097,10.988076,346.54727,11.504773,97.42434,10.3038845,124.54164,9.365,0.021,8.841,0.019,8.724,0.02,8.669,0.022,8.676,0.02,8.577,0.025,8.701,0.384,19.727500915527344,0.1604,17.33769989013672,0.0350000001490116,Yes,Variable H-alpha,,,AAA,0000,AAAC,RS,SSG,,,,,,,,,,,,,,,
1665,ZTF J173518.87+192052.5,2MASS 17351887+1920527,4553895966448660992,WISEA J173518.87+192052.5,GALEX J173518.9+192053,263.8286484933527,19.347905216542625,1754.338227988216,,13.5,0.17,-0.1825,14.957404,589.44385,15.488731,166.31877,14.256583,238.07329,13.321,0.027,12.796,0.035,12.746,0.03,12.648,0.024,12.64,0.025,12.37,0.411,9.131,,,,21.578500747680664,0.3499999940395355,,,,,AAA,0000,AACU,RS,SSG,,,,,,,,,,,,,,,
1666,ZTF J173249.36+200428.7,2MASS 17324935+2004287,4554179743529140992,WISEA J173249.35+200428.6,GALEX J173249.3+200428,263.20567738794904,20.074615621806785,1871.5148665957104,,25.17,0.17,-0.2237,14.217964,1090.9097,14.770513,263.38278,13.510162,375.51917,12.749,0.022,12.123,0.021,12.036,0.024,11.88,0.022,11.889,0.022,11.484,0.159,8.924,0.448,19.93099975585937,0.119,20.024099349975582,0.0798000022768974,,,,,AAA,0000,AABC,RS,SSG,,,,,,,,,,,,,,,
1667,ZTF J172617.11+202322.2,2MASS 17261712+2023222,4554942083048996480,WISEA J172617.11+202322.1,,261.5713157044003,20.38947364103416,1513.9625801499608,,1.86,0.17,-0.6144,14.796921,674.3881,15.273735,182.33879,14.146176,241.35725,13.274,0.022,12.791,0.026,12.738,0.029,12.668,0.023,12.64,0.025,12.418,0.438,8.636,,,,,,,,,,AAA,0000,AACU,RS,SSG,,,,,,,,,,,,,,,
1668,ZTF J172625.61+214428.9,2MASS 17262562+2144288,4555370652062494336,WISEA J172625.61+214428.9,GALEX J172625.6+214427,261.60675085750916,21.741344783394343,1697.0548556981882,,0.52,0.17,,14.311024,2530.8872,14.725531,707.7188,13.729798,978.4444,13.019,0.022,12.645,0.026,12.612,0.029,12.491,0.022,12.542,0.023,11.915,0.243,8.582,,,,20.49720001220703,0.1107999980449676,,,,,AAA,0000,AABU,RS,RS,,,,,,,,,,,,,,,
1669,ZTF J174626.57+223229.4,2MASS 17462659+2232294,4556229920402459264,WISEA J174626.58+223229.4,,266.6107315921945,22.541498785210493,1865.2750652492784,,17.73,0.35,-0.151,14.923434,515.1428,15.597295,139.07172,14.125838,203.28914,13.049,0.022,12.411,0.023,12.275,0.027,12.183,0.023,12.189,0.023,12.107,0.297,8.972,,,,,,,,,,AAA,dd00,AABU,SSG,SSG,,,,,,,,,,,,,,,
1670,ZTF J174419.62+230120.7,2MASS 17441962+2301207,4556493803190265600,WISEA J174419.61+230120.7,,266.08173481556526,23.022415345984065,1911.922112343194,,7.95,0.37,-0.4122,15.785121,420.1238,16.409359,112.03083,14.998048,138.60939,14.022,0.026,13.416,0.034,13.304,0.047,13.15,0.024,13.143,0.028,12.344,,8.975,,,,,,,,,,AAA,0000,AAUU,SSG,SSG,,,,,,,,,,,,,,,
1671,ZTF J173702.48+223613.2,2MASS 17370249+2236137,4557159832357869568,WISEA J173702.49+223613.4,GALEX J173702.5+223614,264.2603613195216,22.60368958019786,1762.0330592597743,,22.77,0.22,-0.0819,14.410184,840.408,14.908047,209.45647,13.737655,285.5004,12.847,0.026,12.326,0.029,12.211,0.023,12.192,0.023,12.202,0.021,12.256,0.348,9.029,,,,20.98360061645508,0.2243999987840652,,,,,AAA,0000,AABU,RS,RS,,,,,,,,,,,,,,,
1672,ZTF J174001.44+225250.5,2MASS 17400144+2252503,4557226902565749248,WISEA J174001.44+225250.4,GALEX J174001.4+225250,265.00599724559277,22.880677633088546,1386.591321690538,,12.73,0.26,-0.0988,14.313234,951.648,14.877513,289.19818,13.592008,396.55344,12.598,0.022,12.053,0.028,11.9,0.023,11.867,0.023,11.87,0.022,11.84,0.218,8.981,,,,21.158700942993164,0.1886000037193298,,,,,AAA,0000,AABU,RS,SSG,,,,,,,,,,,,,,,
1673,TYC 1543-131-1,2MASS 17070629+2029217,4561740810114952320,WISEA J170706.28+202921.7,GALEX J170706.2+202922,256.7761639599735,20.48935730052944,559.4333283445405,,37.3,0.19,,10.435026,369.24588,11.1001425,108.40696,9.645633,140.77582,8.44,0.021,7.819,0.026,7.633,0.051,7.597,0.03,7.645,0.021,7.55,0.018,7.425,0.113,20.576400756835938,0.2214,17.931400299072266,0.0408999994397163,Yes,Variable H-alpha,Normal Emission,Normal Emission,AAA,h000,AAAB,RS,RS,,,,,,,,,,,,,,,
1674,ZTF J164912.95+194200.0,2MASS 16491294+1942001,4562973946763336576,WISEA J164912.94+194200.0,,252.30394522045395,19.699987950563735,1960.8944147089856,,15.39,0.2,-0.3232,15.531753,254.88336,16.103292,72.94148,14.804122,92.49622,13.863,0.025,13.332,0.033,13.231,0.032,13.052,0.024,13.042,0.028,12.527,0.516,8.934,,,,,,,,,,AAA,0000,AACU,RS,SSG,,,,,,,,,,,,,,,
1675,ASAS J163734+2005.1,2MASS 16373345+2005068,4563743467462826240,WISEA J163733.43+200506.9,GALEX J163733.4+200507,249.3893074391459,20.085268075097996,1003.48341054917,,7.52,0.16,-0.0395,12.578613,387.0602,13.168917,111.3457,11.838262,139.87068,10.635,0.021,10.062,0.016,9.929,0.018,10.016,0.023,9.992,0.02,9.903,0.045,9.03,,21.239500045776367,0.3175,18.99220085144043,0.0680000036954879,,,,,AAA,0000,AAAU,RS,SSG,,,,,,,,,,,,,,,
1676,ZTF J164513.93+224653.0,2MASS 16451393+2246532,4566047631518091392,WISEA J164513.93+224653.0,GALEX J164513.9+224653,251.30804000845987,22.781385759022555,1729.4804971285862,,7.64,0.13,,13.977182,1314.8679,14.41288,402.19244,13.370335,461.0046,12.624,0.022,12.175,0.018,12.07,0.024,12.031,0.023,12.045,0.023,12.131,0.357,9.076,,,,19.73740005493164,0.0767000019550323,,,,,AAA,0000,AACU,RS,RS,,,,,,,,,,,,,,,
1677,CSS J171449.0+203133,2MASS 17144906+2031332,4566783582757773824,WISEA J171449.07+203133.1,GALEX J171449.0+203133,258.70447823168416,20.525851554683015,1672.2182739453017,,5.08,0.15,-0.5853,14.173773,602.596,14.610371,201.39708,13.560545,190.54393,12.589,0.02,12.133,0.023,12.029,0.02,11.974,0.023,11.966,0.022,11.79,0.225,9.214,,,,19.332300186157227,0.0930999964475631,,,,,AAA,0000,AABU,RS,RS,,,,,,,,,,,,,,,
1678,CSS J171947.8+204600,2MASS 17194780+2046004,4566840138887076864,WISEA J171947.79+204600.3,GALEX J171947.8+204559,259.9491222012326,20.766732123112487,1681.5089035567428,,1.09,0.18,-0.6464,14.3754425,499.25235,14.861379,139.91151,13.72144,193.99942,12.941,0.032,12.406,0.034,12.285,0.024,12.168,0.023,12.174,0.021,11.969,0.23,9.485,,,,20.330299377441406,0.1695999950170517,,,,,AAA,0000,AABU,RS,SSG,,,,,,,,,,,,,,,
1679,CSS J172008.4+213733,2MASS 17200843+2137333,4567336877624937216,WISEA J172008.43+213733.4,,260.0351383200176,21.625929966230103,1946.7067139466549,,18.59,0.16,-0.0082,15.218371,439.8565,15.802756,113.787346,14.481458,157.25244,13.487,0.021,12.942,0.023,12.79,0.026,12.759,0.023,12.754,0.025,12.042,0.217,9.086,,,,,,,,,,AAA,0000,AABU,RS,SSG,,,,,,,,,,,,,,,
1680,CSS J171542.1+220315,2MASS 17154208+2203165,4567589112463084544,WISEA J171542.08+220316.4,GALEX J171542.2+220317,258.925341848591,22.054566895678196,1744.1291159248792,,6.17,0.11,-0.3237,14.822048,299.2931,15.423224,89.33394,14.077649,104.277695,13.069,0.022,12.476,0.022,12.406,0.031,12.261,0.025,12.27,0.024,11.946,0.205,9.274,,,,21.67490005493164,0.3808000087738037,,,,,AAA,0000,AABU,RS,SSG,,,,,,,,,,,,,,,
1681,ZTF J171704.89+224606.7,2MASS 17170489+2246067,4568391171835158144,WISEA J171704.89+224606.6,GALEX J171704.8+224608,259.2703812222956,22.768514426770693,1280.1924594530062,,3.38,0.12,,14.655754,741.94476,15.20648,221.52931,13.950291,246.14879,13.006,0.025,12.506,0.023,12.353,0.023,12.282,0.022,12.34,0.022,12.288,0.301,9.148,,,,21.94599914550781,0.4433000087738037,,,,,AAA,0000,AABU,RS,SSG,,,,,,,,,,,,,,,
1682,ZTF J173131.54+233706.9,2MASS 17313153+2337068,4569484979746619008,WISEA J173131.53+233706.8,,262.881428326234,23.618571551025443,1891.298252667488,,5.72,0.17,-0.4374,16.03946,523.6675,16.625795,148.77014,15.256662,176.36081,14.197,0.042,13.542,0.045,13.461,0.039,13.343,0.025,13.359,0.029,12.021,,9.087,,,,,,,,,,AAA,hhd0,AAUU,SSG,SSG,,,,,,,,,,,,,,,
1683,ZTF J173548.52+245828.8,2MASS 17354852+2458286,4569723745567725184,WISEA J173548.52+245828.6,GALEX J173548.5+245829,263.9521712623601,24.9746279000569,1768.927620396864,,1.6,0.24,-0.2249,14.271453,553.94574,14.844591,163.65619,13.545498,200.22829,12.615,0.029,12.03,0.032,11.917,0.021,11.805,0.023,11.813,0.021,11.501,0.167,9.181,,,,20.770299911499023,0.2836999893188476,,,,,AAA,0000,AABU,RS,SSG,,,,,,,,,,,,,,,
1684,ZTF J173209.08+253858.5,2MASS 17320909+2538583,4570007660085536256,WISEA J173209.08+253858.3,,263.03786877943384,25.64954566081313,1942.4121372814184,,5.97,0.19,-0.4051,15.6303835,173.86284,16.354326,51.329975,14.733649,57.93173,13.44,0.026,12.818,0.033,12.593,0.024,12.392,0.023,12.352,0.023,12.251,0.313,9.116,,,,,,,,,,AAA,0000,AABU,SSG,SSG,,,,,,,,,,,,,,,
1685,CSS J172403.8+240934,2MASS 17240382+2409343,4570177534631709696,WISEA J172403.82+240934.1,,261.0159471668409,24.1594572481148,1906.9732441697308,,11.13,0.15,-0.0953,14.608288,680.0027,15.123461,220.04932,13.9248,228.73389,12.889,0.023,12.342,0.03,12.186,0.025,12.167,0.023,12.17,0.021,12.106,0.245,9.378,,,,,,,,,,AAA,0000,AABU,RS,SSG,,,,,,,,,,,,,,,
1686,CSS J171741.9+240537,2MASS 17174194+2405372,4570311194014149760,WISEA J171741.92+240537.1,,259.42474144068433,24.09365755658722,1941.0631041330175,,4.36,0.17,-0.3626,15.51932,516.00775,16.020426,140.4716,14.843946,186.01195,13.997,0.028,13.472,0.03,13.377,0.038,13.285,0.023,13.29,0.027,12.409,0.367,9.337,,,,,,,,,,AAA,0000,AACU,RS,SSG,,,,,,,,,,,,,,,
1687,2MASS J17270871+2700144,2MASS 17270871+2700144,4571134418985782912,WISEA J172708.70+270014.3,,261.78625167997257,27.00397750271015,780.1852050475184,4.114666666666667,59.89,0.12,-0.3095,11.918881,808.4094,12.430515,236.06018,11.246416,306.79913,10.491,0.026,9.901,0.031,9.852,0.022,9.716,0.022,9.772,0.02,9.711,0.043,8.882,,,,,,Yes,Absorption,Normal Emission,Normal Emission,AAA,0000,AAAU,RS,SSG,31.060698111295903,0.021888163,0.3486301429181783,0.03656379,10.719768329614755,0.5022719,,,SB1,0.1641412,0.17434308,0.18422641,0.19382687,0.20317371,0.21229133
1688,ZTF J171629.36+265412.2,2MASS 17162936+2654122,4573897663504450432,WISEA J171629.36+265412.1,,259.12234632190535,26.90336197059124,1881.6730051966445,,8.97,0.15,-0.0699,14.961345,360.954,15.566999,101.95556,14.2120285,131.89186,13.24,0.023,12.701,0.023,12.5,0.026,12.389,0.022,12.406,0.022,12.31,0.357,8.577,,,,,,,,,,AAA,0000,AACU,RS,SSG,,,,,,,,,,,,,,,
1689,ZTF J175949.43+193138.4,2MASS 17594942+1931383,4575658325221345408,WISEA J175949.43+193138.3,,269.9559620339776,19.527309161703585,1779.9949482281706,,8.25,0.23,,14.538681,760.69495,15.010346,214.55573,13.896521,287.27048,12.982,0.026,12.605,0.031,12.445,0.021,12.381,0.024,12.411,0.024,12.419,0.401,8.889,,,,,,,,,,AAA,hh00,AACU,RS,RS,,,,,,,,,,,,,,,
1690,ZTF J175945.59+195056.6,2MASS 17594558+1950563,4575684782219310464,WISEA J175945.59+195056.5,,269.93999782144715,19.849041069408248,1578.3435349987412,,7.75,0.27,,14.436819,507.59103,14.959805,156.18361,13.73516,177.47969,12.969,0.023,12.441,0.032,12.274,0.028,12.142,0.023,12.092,0.023,11.659,0.218,9.104,,,,,,,,,,AAA,0000,AABU,RS,RS,,,,,,,,,,,,,,,
1691,ZTF J180448.54+224939.6,2MASS 18044854+2249397,4576742100092276608,WISEA J180448.55+224939.6,,271.20228230223245,22.82767245038299,1967.6171401997872,,5.72,0.32,-0.2738,14.555898,231.58817,15.143995,68.54445,13.80309,87.82112,12.813,0.019,12.206,0.027,12.054,0.022,12.021,0.024,12.016,0.022,11.785,0.223,8.585,,,,,,,,,,AAA,dh00,AABU,RS,SSG,,,,,,,,,,,,,,,
1692,ZTF J174944.27+220503.4,2MASS 17494427+2205036,4577156890855985280,WISEA J174944.26+220503.4,,267.43447203904327,22.08426278208752,1435.684643741345,,6.85,0.32,-0.4471,15.24073,861.43286,15.849697,237.76816,14.483151,309.1098,13.379,0.023,12.794,0.03,12.686,0.028,12.619,0.024,12.594,0.024,12.043,,9.001,,,,,,,,,,AAA,0000,AAUU,RS,SSG,,,,,,,,,,,,,,,
1693,ZTF J175319.33+223444.6,2MASS 17531934+2234445,4577280070513865600,WISEA J175319.33+223444.5,GALEX J175319.4+223444,268.33056002918073,22.57903083299852,1109.2770444564444,,3.73,0.34,-0.012,13.637338,962.87103,14.1767845,356.11887,12.936577,391.40863,12.16,0.021,11.675,0.019,11.502,0.023,11.372,0.023,11.409,0.022,11.381,0.173,9.118,,,,20.436199188232425,0.1317999958992004,,,,,AAA,0000,AABU,RS,RS,,,,,,,,,,,,,,,
1694,ZTF J180033.83+235014.4,2MASS 18003384+2350145,4577797940489826432,WISEA J180033.84+235014.3,GALEX J180033.9+235013,270.1409741904239,23.837327423884624,1641.1160955964028,,12.47,0.29,-0.1287,13.667995,886.0983,14.222112,256.32465,12.956557,296.08588,12.122,0.028,11.586,0.062,11.374,,11.115,0.022,11.187,0.02,11.226,0.138,9.22,,,,20.02039909362793,0.1145000010728836,,,,,AAU,0000,AABU,RS,SSG,,,,,,,,,,,,,,,
1695,ZTF J175821.44+240408.5,2MASS 17582145+2404085,4577866625606719104,WISEA J175821.44+240408.4,,269.5893696906314,24.06900064946951,1970.6620612428665,,4.03,0.24,-0.538,15.540436,314.84137,16.13001,82.853264,14.795269,119.75328,13.867,0.027,13.226,0.029,13.074,0.029,13.041,0.025,12.993,0.027,12.688,,9.186,,,,,,,,,,AAA,0000,AAUU,RS,SSG,,,,,,,,,,,,,,,
1696,ZTF J181305.46+243559.0,2MASS 18130546+2435593,4578837253855369984,WISEA J181305.46+243559.1,GALEX J181305.4+243558,273.27277985881346,24.5997151773123,1447.3833617915,,25.21,0.4,,13.03318,405.9277,13.68387,104.76341,12.257118,138.89072,11.081,0.027,10.481,0.029,10.393,0.022,10.367,0.024,10.388,0.02,10.186,0.063,8.302,,,,20.40049934387207,0.1613000035285949,,,,,AAA,0000,AAAU,RS,RS,,,,,,,,,,,,,,,
1697,ZTF J180422.32+240115.2,2MASS 18042232+2401152,4579132232209473920,WISEA J180422.32+240115.1,GALEX J180422.3+240114,271.09302049914305,24.020870658315857,1752.2934664803574,,1.1,0.28,-0.0114,14.339466,793.695,14.845386,266.60733,13.664866,299.39276,12.709,0.023,12.208,0.031,12.071,0.027,12.022,0.024,12.033,0.022,11.902,0.229,8.953,,,,20.474199295043945,0.1722999960184097,,,,,AAA,0000,AABU,RS,RS,,,,,,,,,,,,,,,
1698,ZTF J174939.34+243627.3,2MASS 17493935+2436273,4581096544091331456,WISEA J174939.35+243626.9,,267.4139919819144,24.607574393937472,1573.557153575526,,5.19,0.16,-0.393,14.757098,620.53174,15.215871,185.31638,14.122007,223.21059,13.364,0.024,12.898,0.031,12.78,0.026,12.609,0.024,12.616,0.025,12.511,0.392,9.182,,,,,,,,,,AAA,h000,AACU,RS,SSG,,,,,,,,,,,,,,,
1699,ZTF J174146.17+244731.6,2MASS 17414617+2447317,4581633415002139392,WISEA J174146.17+244731.7,,265.44238626648263,24.792103396374905,1658.908583782777,,18.93,0.18,-0.353,15.065468,966.65857,15.560964,246.60315,14.405217,359.6482,13.641,0.026,13.12,0.033,13.024,0.027,12.963,0.024,12.995,0.026,12.74,0.529,9.162,,,,,,,,,,AAA,000P,AACU,RS,SSG,,,,,,,,,,,,,,,
1700,ZTF J180347.32+281656.5,2MASS 18034732+2816564,4584254444564302208,WISEA J180347.32+281656.3,,270.94719885867704,28.28233321288996,1642.293598918753,,0.48,0.19,-0.1464,12.721549,984.4612,12.974238,323.1194,12.309151,312.20255,11.824,0.022,11.59,0.033,11.541,0.023,11.525,0.022,11.53,0.021,11.551,0.193,9.331,,,,,,,,,,AAA,0000,AABU,RS,RS,,,,,,,,,,,,,,,
1701,ZTF J175636.00+284018.1,2MASS 17563602+2840183,4584468883690958848,WISEA J175636.01+284018.2,,269.15005117624037,28.671698225375906,846.681058745838,,15.56,0.15,,12.823868,1604.8765,13.237559,540.38544,12.239194,659.14825,11.427,0.025,10.998,0.021,10.919,0.018,10.932,0.023,10.954,0.02,10.885,0.102,9.078,,,,,,,,,,AAA,0000,AAAU,RS,RS,,,,,,,,,,,,,,,
1702,ZTF J182258.96+245007.2,2MASS 18225897+2450073,4584668445053824000,WISEA J182258.96+245007.2,,275.74568371575543,24.835330872313357,1772.513554773487,,8.32,0.35,,15.492255,156.50974,16.24759,42.894913,14.630258,53.790165,13.401,0.026,12.736,0.021,12.579,0.031,12.422,0.024,12.411,0.023,12.195,0.294,9.12,,,,,,,,,,AAA,0000,AABU,SSG,SSG,,,,,,,,,,,,,,,
1703,ZTF J182603.36+263558.6,2MASS 18260337+2635587,4585317500512141952,WISEA J182603.37+263558.5,,276.5140547686985,26.59959447583687,1773.800843339597,,6.53,0.3,,15.268325,337.2557,15.926863,96.007835,14.46497,107.83541,13.302,0.021,12.708,0.021,12.531,0.03,12.486,0.024,12.509,0.024,11.83,,8.827,,,,,,,,,,AAA,dd00,AAUU,SSG,SSG,,,,,,,,,,,,,,,
1704,UCAC4 588-064141,2MASS 18222729+2732346,4586361589880599168,WISEA J182227.30+273234.6,GALEX J182227.2+273235,275.61379213445144,27.54294002946799,718.4508378664966,,13.69,0.32,-0.1058,12.699881,803.7204,13.243938,240.92955,11.998823,289.47427,11.087,0.022,10.599,0.017,10.467,0.014,10.351,0.024,10.382,0.021,10.313,0.077,8.846,,,,19.671199798583984,0.1150999963283538,,,,,AAA,H000,AAAU,RS,SSG,,,,,,,,,,,,,,,
1705,ZTF J181737.57+283903.8,2MASS 18173757+2839040,4586729342160494976,WISEA J181737.57+283903.8,,274.4065568924308,28.651044969315763,818.7828613411803,,2.18,0.26,,14.665353,208.34,15.377386,358.75726,13.647702,485.68903,12.485,0.023,11.807,0.021,11.64,0.022,11.536,0.023,11.507,0.02,11.186,0.132,8.995,,,,,,,,,,AAA,0000,AABU,cut,SSG,,,,,,,,,,,,,,,
1706,ZTF J183148.05+282236.2,2MASS 18314805+2822362,4587213951910771072,WISEA J183148.04+282236.2,,277.9502112333913,28.376716629787857,1871.766743908511,,3.95,0.4,,14.0684395,880.8673,14.570093,248.67099,13.403338,306.19858,12.674,0.025,12.148,0.03,12.088,0.026,11.92,0.022,11.93,0.021,11.909,0.233,9.182,,,,,,,,,,AAA,0000,AABU,RS,RS,,,,,,,,,,,,,,,
1707,ZTF J182951.33+294558.7,2MASS 18295132+2945585,4588255498659830144,WISEA J182951.33+294558.7,,277.46387491168764,29.766286325046103,1638.3805249568982,,13.07,0.39,,14.760582,1106.4624,15.297226,290.54816,14.069228,439.66864,13.252,0.024,12.73,0.033,12.631,0.031,12.45,0.024,12.497,0.024,12.321,0.31,9.26,,,,,,,,,,AAA,0000,AABU,RS,RS,,,,,,,,,,,,,,,
1708,ZTF J183405.08+302452.0,2MASS 18340508+3024519,4588620433441572480,WISEA J183405.08+302452.0,,278.5211787282423,30.414435707431014,1690.4385266266747,,12.06,0.39,-0.1874,15.175016,797.77045,15.719312,198.35083,14.462722,243.01979,13.528,0.024,12.999,0.018,12.866,0.023,12.848,0.024,12.85,0.024,12.435,,8.647,,,,,,,,,,AAA,0000,AAUU,RS,SSG,,,,,,,,,,,,,,,
1709,ZTF J183250.11+301626.2,2MASS 18325010+3016264,4588624247372575488,WISEA J183250.11+301626.2,,278.20880375340056,30.27394297486033,1222.991368592158,,8.22,0.36,,14.368447,889.2101,14.94437,288.5652,13.647951,325.39066,12.722,0.022,12.184,0.018,12.038,0.023,11.933,0.023,11.964,0.022,11.826,0.205,9.297,0.502,,,,,,,,,AAA,0000,AABC,RS,RS,,,,,,,,,,,,,,,
1710,ZTF J183441.41+302941.2,2MASS 18344141+3029412,4588645790928473344,WISEA J183441.40+302941.1,,278.6725415416403,30.49476174334016,1391.32223718299,,4.42,0.39,-0.1907,15.049475,331.30276,15.761063,89.73702,14.206744,113.85708,12.899,0.021,12.295,0.016,12.129,0.021,12.0,0.023,11.986,0.022,11.554,0.166,9.15,,,,,,,,,,AAA,hh00,AABU,SSG,SSG,,,,,,,,,,,,,,,
1711,ZTF J183545.57+304252.1,2MASS 18354558+3042522,4588654449583381504,WISEA J183545.58+304252.2,,278.9399075730744,30.714483008205445,977.7987643507912,,21.93,0.34,-0.16,14.070954,989.8471,14.671886,288.95547,13.334391,373.48575,12.343,0.021,11.78,0.016,11.647,0.018,11.612,0.023,11.639,0.021,11.467,0.167,9.304,,,,,,,,,,AAA,0000,AABU,RS,SSG,,,,,,,,,,,,,,,
1712,ZTF J181518.44+290743.4,2MASS 18151846+2907432,4589806394169287168,WISEA J181518.45+290743.3,GALEX J181518.5+290744,273.8268870416571,29.12871248812545,1741.2251830810676,,8.17,0.27,-0.1488,14.537626,579.28656,15.053809,161.64493,13.860963,221.05766,13.055,0.027,12.563,0.02,12.397,0.024,12.303,0.027,12.323,0.027,11.867,0.281,8.625,,,,20.957199096679688,0.2081000059843063,,,,,AAA,0000,AABU,RS,RS,,,,,,,,,,,,,,,
1713,ZTF J181803.93+295226.7,2MASS 18180393+2952267,4589948299889163136,WISEA J181803.93+295226.7,GALEX J181803.8+295227,274.5163896745537,29.874095952925373,1563.4825093619877,,0.56,0.26,-0.3694,13.752474,412.37045,14.1030655,147.18678,13.141722,194.76454,12.502,0.023,12.122,0.023,12.044,0.024,11.968,0.024,11.982,0.022,11.713,0.205,8.768,,,,19.35540008544922,0.0758000016212463,,,,,AAA,0000,AABU,cut,RS,,,,,,,,,,,,,,,
1714,ZALD J18163130+3052175,2MASS 18163130+3052175,4590264787439605376,WISEA J181631.30+305217.6,GALEX J181631.3+305217,274.1304387161571,30.8715510203006,786.5583917290805,,25.79,0.24,-0.1768,10.1279745,704.98517,10.79048,191.24512,9.347535,262.26053,8.321,0.02,7.704,0.026,7.537,0.027,7.365,0.036,7.452,0.02,7.328,0.016,7.181,0.101,21.226299285888672,0.2967,17.38129997253418,0.0324000008404254,,,,,AAA,0000,AAAA,RS,SSG,,,,,,,,,,,,,,,
1715,ZTF J180408.59+302440.7,2MASS 18040861+3024405,4590786986741783040,WISEA J180408.60+302440.7,,271.03585040107964,30.411309859531535,1788.2717204668184,,3.51,0.14,-0.1991,15.547135,1357.5713,16.270954,260.13388,14.705093,428.31104,13.336,0.026,12.699,0.024,12.537,0.026,12.514,0.024,12.482,0.022,12.167,0.278,9.366,,,,,,,,,,AAA,d000,AABU,SSG,SSG,,,,,,,,,,,,,,,
1716,ZTF J181247.25+314627.0,2MASS 18124726+3146271,4591314443086242304,WISEA J181247.26+314627.1,,273.19689539870274,31.774172885624896,1339.7603880771428,,3.67,0.15,-0.5801,13.589232,1524.4601,13.984423,379.98712,13.029713,347.82312,12.396,0.02,12.011,0.02,11.91,0.018,11.733,0.022,11.782,0.021,11.863,0.216,8.975,,,,,,,,,,AAA,dd00,AABU,RS,RS,,,,,,,,,,,,,,,
1717,ZTF J182253.81+310136.5,2MASS 18225381+3101364,4591539018337149696,WISEA J182253.82+310136.4,,275.72423449649176,31.02679268573423,1268.5787855263911,,1.93,0.34,-0.3825,13.892339,810.64984,14.308584,258.06882,13.298211,313.1725,12.646,0.024,12.19,0.027,12.128,0.023,12.009,0.023,12.022,0.023,11.745,0.181,9.037,,,,,,,,,,AAA,0000,AABU,RS,RS,,,,,,,,,,,,,,,
1718,ZTF J182235.40+315033.9,2MASS 18223539+3150339,4591869352861172992,WISEA J182235.41+315033.8,,275.6475338884564,31.842735908066988,1479.3036167272112,,19.03,0.3,-0.1099,13.828023,1196.3773,14.3098755,329.04968,13.186051,421.2472,12.444,0.021,12.011,0.022,11.863,0.02,11.807,0.024,11.877,0.024,11.671,0.224,8.827,,,,,,,,,,AAA,0000,AABU,RS,RS,,,,,,,,,,,,,,,
1719,UCAC4 615-062229,2MASS 18314080+3258576,4592190925653384832,WISEA J183140.81+325857.8,,277.9200569535124,32.982736416223275,925.8131516209716,,7.67,0.2,-0.1965,13.209158,601.3722,13.65276,187.15858,12.598282,222.67154,11.875,0.021,11.428,0.022,11.328,0.02,11.283,0.023,11.303,0.021,11.205,0.11,9.202,,,,,,,,,,AAA,0000,AABU,RS,RS,,,,,,,,,,,,,,,
1720,ZTF J182638.48+330410.8,2MASS 18263848+3304108,4592333759085566848,WISEA J182638.48+330410.7,,276.6603588535341,33.069662945453715,1679.284874945189,,13.44,0.26,,14.504198,650.29486,15.123651,207.28386,13.739492,248.92282,12.837,0.029,12.149,0.034,12.014,0.02,11.927,0.024,11.929,0.021,11.924,0.221,9.282,,,,,,,,,,AAA,0000,AABU,RS,SSG,,,,,,,,,,,,,,,
1721,ZTF J173834.18+245820.7,2MASS 17383418+2458205,4593684302960274944,WISEA J173834.17+245820.5,GALEX J173834.3+245820,264.64242538331,24.97237931536505,1736.8782950616855,,9.02,0.18,-0.1275,14.795028,629.8134,15.368504,182.43279,14.068714,210.93414,13.074,0.024,12.526,0.031,12.342,0.028,12.181,0.023,12.185,0.022,12.145,0.291,9.221,,,,22.521299362182617,0.3905999958515167,,,,,AAA,0000,AABU,RS,SSG,,,,,,,,,,,,,,,
1722,ZTF J173816.33+254049.7,2MASS 17381632+2540496,4593793395129457152,WISEA J173816.32+254049.6,GALEX J173816.4+254050,264.56803766576235,25.680451199940418,1949.9031501276552,,11.97,0.16,-0.1661,15.247708,800.33813,15.756104,227.74876,14.582108,252.07948,13.849,0.029,13.379,0.035,13.18,0.034,13.114,0.024,13.17,0.028,12.673,0.476,8.798,,,,22.417499542236328,0.3662000000476837,,,,,AAA,0000,AACU,RS,SSG,,,,,,,,,,,,,,,
1723,ZTF J173807.99+264417.6,2MASS 17380800+2644175,4594155168814451072,WISEA J173807.98+264417.5,GALEX J173808.0+264417,264.53328946510914,26.738217529442245,1758.7452905484442,,11.66,0.1,0.0774,14.821265,880.1933,15.339413,230.75938,14.14969,326.45673,13.341,0.026,12.795,0.027,12.77,0.026,12.678,0.024,12.727,0.023,12.418,0.358,9.16,,,,21.92679977416992,0.2535000145435333,,,,,AAA,0000,AACU,RS,RS,,,,,,,,,,,,,,,
1724,ZTF J174159.17+261609.9,2MASS 17415917+2616099,4594257801352956928,WISEA J174159.17+261609.8,,265.4965611229837,26.269394821656356,1471.5047581684214,,6.2,0.14,-0.172,14.191549,639.58966,14.622796,195.16148,13.581394,206.62746,12.909,0.026,12.456,0.031,12.381,0.026,12.286,0.039,12.316,0.035,11.989,0.266,9.069,,,,,,,,,,AAA,dd00,AABU,RS,RS,,,,,,,,,,,,,,,
1725,ZTF J174118.86+282230.0,2MASS 17411886+2822300,4595517321984631424,WISEA J174118.86+282229.9,GALEX J174118.8+282230,265.32861052050447,28.374979273646577,1767.317261353505,,9.91,0.16,-0.072,14.614267,755.3129,15.1878605,225.21022,13.884853,285.90674,13.029,0.029,12.429,0.036,12.322,0.026,12.149,0.023,12.16,0.022,12.126,0.308,9.175,,,,22.41959953308105,0.4420999884605407,,,,,AAA,0000,AABU,RS,SSG,,,,,,,,,,,,,,,
1726,ZTF J174422.30+303609.1,2MASS 17442229+3036093,4597514623513387520,WISEA J174422.30+303609.1,,266.0929506242649,30.602511235783776,1139.9546262048596,,2.34,0.15,-0.1003,14.389051,321.10495,15.082974,79.03926,13.574802,120.88099,12.416,0.022,11.786,0.023,11.594,0.018,11.512,0.023,11.491,0.022,11.246,0.13,8.471,,,,,,,,,,AAA,0000,AABU,SSG,SSG,,,,,,,,,,,,,,,
1727,ZTF J174609.07+304124.2,2MASS 17460906+3041244,4597705938536907520,WISEA J174609.07+304124.3,GALEX J174609.1+304124,266.53779958948707,30.69005281559437,1103.1984789387714,,10.55,0.14,-0.1023,13.921516,826.44965,14.384274,243.85387,13.301246,298.22653,12.482,0.021,12.069,0.02,11.965,0.02,11.946,0.023,11.997,0.022,11.448,0.177,9.242,,,,20.42410087585449,0.1431999951601028,,,,,AAA,0000,AABU,RS,RS,,,,,,,,,,,,,,,
1728,CSS J173214.1+285628,2MASS 17321418+2856279,4598751780252642176,WISEA J173214.18+285627.9,GALEX J173214.2+285628,263.05908695376064,28.941108120035004,1027.3303775136628,,1.38,0.13,,14.408969,269.09064,15.080945,77.73793,13.603878,108.50906,12.466,0.027,11.815,0.036,11.657,0.02,11.601,0.023,11.588,0.021,11.37,0.148,9.088,,,,22.05139923095703,0.3964999914169311,,,,,AAA,0000,AABU,SSG,SSG,,,,,,,,,,,,,,,
1729,ZTF J173156.76+295238.1,2MASS 17315675+2952379,4598876952779768064,WISEA J173156.76+295238.0,GALEX J173156.8+295238,262.9865202134,29.877230918642898,919.4991402651832,,3.25,0.13,-0.468,14.006574,465.80856,14.531777,131.6123,13.30776,172.42628,12.388,0.027,11.861,0.036,11.752,0.022,11.727,0.023,11.695,0.021,11.204,0.129,8.796,,,,20.67230033874512,0.1949999928474426,,,,,AAA,0000,AABU,RS,SSG,,,,,,,,,,,,,,,
1730,ZTF J173459.71+295951.7,2MASS 17345972+2959518,4598937352902074624,WISEA J173459.72+295951.7,GALEX J173459.6+295951,263.7488514486167,29.99768783031075,1916.6075218194892,,4.05,0.13,-0.1482,14.776632,639.0117,15.236085,175.23122,14.143506,233.98753,13.33,0.023,12.876,0.023,12.778,0.028,12.742,0.024,12.757,0.025,12.352,0.396,8.891,,,,20.838699340820312,0.2099000066518783,,,,,AAA,0000,AACU,RS,RS,,,,,,,,,,,,,,,
1731,ZTF J173904.50+322021.3,2MASS 17390452+3220213,4600918058678258304,WISEA J173904.51+322021.3,,264.7687804806317,32.33924959290097,1889.0632799353805,,21.42,0.1,,15.211249,431.4864,15.8047085,95.55172,14.46529,170.66344,13.651,0.025,13.102,0.03,12.874,0.02,12.783,0.023,12.765,0.024,12.322,0.373,8.883,,,,,,,,,,AAA,0000,AACU,SSG,SSG,,,,,,,,,,,,,,,
1732,ZTF J174415.30+334122.4,2MASS 17441528+3341224,4601479050126221696,WISEA J174415.29+334122.3,,266.06376274509165,33.68954455161934,656.8872355849549,,8.19,0.13,-0.2156,13.348461,245.2,13.959084,69.85461,12.57316,95.733635,11.414,0.021,10.809,0.019,10.665,0.018,10.564,0.023,10.538,0.02,10.408,0.066,8.892,,,,,,,,,,AAA,0000,AAAU,SSG,SSG,,,,,,,,,,,,,,,
1733,CSS J172821.0+331849,2MASS 17282099+3318508,4601966305575288960,WISEA J172820.98+331850.8,GALEX J172820.9+331851,262.0874064428897,33.31408727241115,1280.1792061862557,,5.68,0.11,-0.5383,13.639922,674.53076,14.100595,260.7036,13.006106,203.40926,12.081,0.021,11.533,0.022,11.403,0.019,11.392,0.023,11.371,0.02,11.209,0.111,9.324,,,,19.51210021972656,0.0630000010132789,,,,,AAA,0000,AABU,RS,SSG,,,,,,,,,,,,,,,
1734,ZTF J173244.97+333530.1,2MASS 17324497+3335298,4602035162490920320,WISEA J173244.99+333529.4,,263.1873768328931,33.59168200396776,1024.0308775815597,,21.02,0.12,0.0422,13.864911,638.8435,14.479839,161.65372,13.112458,228.23535,12.15,0.023,11.552,0.024,11.414,0.018,11.224,0.024,11.253,0.022,11.181,0.12,9.081,,,,,,,,,,AAA,dd00,AABU,SSG,SSG,,,,,,,,,,,,,,,
1735,ZTF J180122.75+313253.4,2MASS 18012274+3132534,4602918482646537728,WISEA J180122.74+313253.4,GALEX J180122.7+313253,270.34479443012236,31.548154665996016,1229.1254948750632,,5.6,0.12,-0.5943,12.830888,1144.4956,13.227951,362.6902,12.2631235,449.17502,11.641,0.021,11.226,0.018,11.146,0.02,11.067,0.023,11.093,0.021,10.951,0.093,9.45,,,,18.78030014038086,0.0581000000238418,,,,,AAA,0000,AAAU,RS,RS,,,,,,,,,,,,,,,
1736,CSS J180425.3+335811,2MASS 18042541+3358108,4604544557264214272,WISEA J180425.40+335811.0,GALEX J180425.4+335810,271.10587972185164,33.969751184571116,589.9743656325077,,11.21,0.18,0.0498,13.17184,221.6728,13.833244,63.117447,12.370395,82.51304,11.236,0.023,10.589,0.021,10.439,0.019,10.384,0.023,10.377,0.02,10.301,0.062,9.223,,22.126399993896484,0.3687,20.59760093688965,0.1352999955415725,,,,,AAA,0000,AAAU,SSG,SSG,,,,,,,,,,,,,,,
1737,ZTF J181322.31+340251.2,2MASS 18132232+3402510,4605103590207895552,WISEA J181322.31+340251.1,,273.3430059278631,34.04753850258877,1607.6053365200848,,10.07,0.21,-0.1299,14.611214,857.1748,15.100748,231.96494,13.958426,256.0367,13.172,0.024,12.713,0.023,12.598,0.023,12.511,0.024,12.536,0.024,12.226,0.35,8.74,,,,,,,,,,AAA,0000,AABU,RS,RS,,,,,,,,,,,,,,,
1738,ZTF J180915.10+335250.4,2MASS 18091511+3352504,4605224570846389120,WISEA J180915.10+335250.4,,272.3129548378937,33.88065962894085,1675.180571039815,,0.94,0.17,,14.749107,443.1999,15.280668,125.539085,14.056333,169.17873,13.152,0.024,12.607,0.023,12.523,0.026,12.437,0.023,12.465,0.023,11.935,0.226,8.724,,,,,,,,,,AAA,H000,AABU,RS,RS,,,,,,,,,,,,,,,
1739,ZTF J181954.59+350624.6,2MASS 18195459+3506246,4605637643621373696,WISEA J181954.59+350624.6,,274.97747494460253,35.10682457917341,1314.8294453835626,,4.16,0.15,,14.18124,670.5121,14.649741,177.84436,13.538123,157.39389,12.689,0.022,12.264,0.022,12.133,0.021,12.051,0.023,12.063,0.022,11.695,0.192,9.209,,,,,,,,,,AAA,d000,AABU,RS,RS,,,,,,,,,,,,,,,
1740,ZTF J181349.51+350457.5,2MASS 18134951+3504574,4605779583700253056,WISEA J181349.51+350457.5,GALEX J181349.4+350458,273.4563268805287,35.082630103248924,1453.7303784447083,,1.05,0.2,,14.052031,947.4894,14.572532,261.6958,13.369851,406.5119,12.46,0.021,11.952,0.023,11.829,0.021,11.789,0.023,11.802,0.022,11.594,0.168,8.565,,,,20.812599182128903,0.1767999976873397,,,,,AAA,0000,AABU,RS,RS,,,,,,,,,,,,,,,
1741,ZTF J174538.59+343644.9,2MASS 17453860+3436448,4607590926027195648,WISEA J174538.59+343644.8,GALEX J174538.5+343645,266.4108296870487,34.61246924783892,1544.2823987951383,,1.24,0.1,-0.133,14.85543,777.3403,15.382178,253.55095,14.169058,380.0923,13.384,0.023,12.853,0.024,12.699,0.021,12.589,0.023,12.64,0.022,12.366,0.339,8.921,,,,22.148099899291992,0.4708000123500824,,,,,AAA,hh00,AABU,RS,SSG,,,,,,,,,,,,,,,
1742,ZTF J180144.33+380520.2,2MASS 18014434+3805201,4609920688087235456,WISEA J180144.33+380520.1,GALEX J180144.3+380521,270.4347318199123,38.08893245319164,1668.954400653248,,19.32,0.07,,14.860534,438.6459,15.426017,110.60138,14.137256,150.198,13.02,0.021,12.488,0.021,12.318,0.022,12.338,0.024,12.353,0.023,12.492,0.408,9.006,,,,21.863100051879883,0.3246999979019165,,,,,AAA,0000,AACU,RS,RS,,,,,,,,,,,,,,,
1743,ZTF J180512.08+401127.4,2MASS 18051208+4011275,4611310367705543168,WISEA J180512.08+401127.4,GALEX J180512.1+401127,271.3003274253485,40.19093880570401,1741.8491127679122,,9.78,0.12,-0.0143,14.678965,831.4769,15.159868,199.61763,14.034917,312.29758,13.281,0.021,12.792,0.023,12.758,0.027,12.596,0.023,12.615,0.023,12.283,0.273,9.145,,,,21.596599578857425,0.4444000124931335,,,,,AAA,0000,AABU,RS,RS,,,,,,,,,,,,,,,
1744,FN Oct,2MASS 05061846-8641448,4612509488213764736,WISEA J050618.47-864144.4,,76.57701679936673,-86.69565294700017,341.3706190886397,,7.94,0.37,,10.800903,255.71875,11.44616,75.37386,10.010145,95.48772,8.979,0.035,8.346,0.034,8.133,0.034,7.965,0.024,7.972,0.02,7.857,0.018,7.752,0.131,,,,,,,,,AAA,0000,AAAB,RS,RS,,,,,,,,,,,,,,,
1745,ASAS J021313-8042.6,2MASS 02131373-8042378,4619980532286039424,WISEA J021313.80-804237.7,GALEX J021313.7-804237,33.3077792414782,-80.7104588699889,836.3172749401981,,74.95,0.2,-0.1652,10.627144,614.51624,11.197001,174.69588,9.857317,236.76297,8.97,0.03,8.37,0.027,8.196,0.036,8.083,0.024,8.154,0.021,8.031,0.02,8.265,0.208,,,18.16889953613281,0.034800000488758,,,,,AAA,0000,AAAB,cut,RS,,,,,,,,,,,,,,,
1746,YZ Men,2MASS 05102682-7713015,4624796839892452864,WISEA J051026.72-771301.5,GALEX J051026.2-771301,77.61105537668143,-77.21710858863257,186.82971669376397,,19.58,0.41,-0.1903,7.503929,1174.5481,8.108156,310.2599,6.7526226,268.11478,5.669,0.019,5.116,0.023,4.894,0.016,4.992,0.185,4.818,0.084,4.913,0.014,4.819,0.026,18.67740058898925,0.1016,14.882399559020996,0.006800000090152,,,,,AAA,h000,BAAA,RS,RS,,,,,,,,,,,,,,,
1747,BQ Hyi,2MASS 02180080-7128029,4644868351640807808,WISEA J021800.87-712802.6,GALEX J021800.5-712801,34.5037265772639,-71.46735247595306,277.54089841770616,,18.2,0.1,-0.5512,8.103977,343.8344,8.496506,82.055214,7.367468,121.36194,6.586,0.024,6.056,0.027,5.918,0.02,5.829,0.122,5.684,0.051,5.737,0.015,5.621,0.036,18.4148006439209,0.0961,14.002400398254396,0.0070000002160668,,,,,AAA,0000,BAAA,RS,RS,,,,,,,,,,,,,,,
1748,XY Ret,2MASS 04003730-6013593,4680149725567736320,WISEA J040037.30-601359.5,GALEX J040037.2-601359,60.15548686072041,-60.23322813108567,378.4019026860138,,3.3,0.05,-0.0336,11.604113,480.7989,12.180961,134.66216,10.876573,176.46848,10.024,0.026,9.377,0.026,9.234,0.023,9.092,0.023,9.102,0.02,8.975,0.024,8.937,0.269,21.34510040283203,0.2649,18.64389991760254,0.048700001090765,,,,,AAA,0000,AAAB,cut,SSG,,,,,,,,,,,,,,,
1749,UY Ret,2MASS 03594063-5840297,4682624554442312576,WISEA J035940.62-584029.9,GALEX J035940.6-584030,59.91924118398835,-58.67504215465912,385.9972684834022,,22.72,0.08,0.0398,9.0963745,1041.5425,9.706809,301.10623,8.347564,470.28427,7.361,0.026,6.808,0.036,6.634,0.02,6.56,0.083,6.577,0.024,6.529,0.015,6.446,0.05,20.54719924926757,0.2235,17.020299911499023,0.0251000002026557,,,,,AAA,0000,AAAA,RS,RS,,,,,,,,,,,,,,,
1750,WZ Ret,2MASS 03273974-5809499,4729955162764256512,WISEA J032739.85-580949.1,GALEX J032739.8-580949,51.91630075781836,-58.16356101429644,241.43527894326456,,4.08,0.13,-0.6992,10.974264,209.93631,11.661265,57.382236,10.131174,76.30246,8.812,0.034,8.218,0.042,8.031,0.023,7.915,0.025,7.862,0.02,7.731,0.018,7.415,0.09,20.37669944763184,0.1514,18.011499404907227,0.0379999987781047,,,,,AAA,0000,AAAA,SSG,SSG,,,,,,,,,,,,,,,
1751,NSV 2714,2MASS 05522019-5709222,4765616551100648576,WISEA J055220.24-570923.0,,88.08432345344616,-57.15653844853957,116.21550649482089,,45.63,0.31,-0.1364,5.7317667,757.22296,6.081707,320.79346,5.2083316,251.35774,4.768,0.226,4.177,0.24,4.147,0.232,4.086,0.272,3.798,0.154,4.069,0.015,4.004,0.024,,,,,,,,,DDD,0000,BBAA,RS,RS,,,,,,,,,,,,,,,
1752,AV Pic,2MASS 04370042-5150267,4778278698805545344,WISEA J043700.40-515026.8,GALEX J043700.3-515026,69.25171780207693,-51.840839025079966,179.34874062068553,,76.1,0.02,-0.1329,8.173947,512.8427,8.619248,147.67708,7.554425,166.8427,6.766,0.024,6.306,0.04,6.2,0.023,6.182,0.101,6.098,0.036,6.165,0.015,6.104,0.042,19.719200134277344,0.1545,14.262800216674805,0.0077999997884035,,,,,AAA,0000,AAAA,RS,RS,,,,,,,,,,,,,,,
1753,AY Pic,2MASS 05360071-4951531,4793874652769958912,WISEA J053600.74-495152.9,,84.00311591711906,-49.86470313149773,486.79986234634015,,11.26,0.11,-0.13,11.393557,301.1436,11.934078,80.88356,10.683025,107.70657,9.756,0.024,9.157,0.023,9.042,0.025,8.994,0.023,9.0,0.02,8.888,0.024,8.541,0.226,,,,,,,,,AAA,0000,AAAB,RS,SSG,,,,,,,,,,,,,,,
1754,AM Hor,2MASS 03593673-3953148,4843315533142647680,WISEA J035936.73-395315.1,,59.90312176320901,-39.88758624618649,137.84386818427043,,9.92,0.02,-0.0815,9.165657,525.90216,9.761772,149.81223,8.415572,196.75316,7.508,0.019,6.911,0.023,6.725,0.023,6.599,0.067,6.572,0.023,6.517,0.015,6.399,0.047,,,,,,,,,AAA,0000,AAAA,cut,SSG,,,,,,,,,,,,,,,
1755,NO Eri,2MASS 03340957-4143496,4849063883011864448,WISEA J033409.58-414349.6,GALEX J033409.5-414349,53.53996295886477,-41.730476144026376,599.3068684010225,,15.3,0.03,-0.1282,11.232238,330.2582,11.784586,103.33397,10.514781,118.7265,9.522,0.024,8.91,0.063,8.745,0.022,8.678,0.022,8.676,0.02,8.528,0.021,8.349,0.177,20.843599319458008,0.1715,17.893999099731445,0.0265999995172023,,,,,AAA,0000,AAAB,RS,SSG,,,,,,,,,,,,,,,
1756,NV Eri,2MASS 04135901-3132400,4884511622495522688,WISEA J041359.00-313239.9,GALEX J041359.2-313239,63.4958885227877,-31.54445001943502,447.52546565424024,,8.36,0.07,,10.487088,541.58746,10.985563,173.14877,9.821458,199.62173,8.88,0.032,8.362,0.044,8.227,0.027,8.17,0.023,8.191,0.02,8.072,0.02,8.091,0.207,12.627099990844728,0.0046,12.629599571228027,0.0028999999631196,,,,,AAA,0000,AAAB,cut,RS,269.7182345494019,1.5829209,0.641192671385192,0.03016369,,,,,AstroSpectroSB1,0.21174105,0.22470416,0.2372585,0.24945003,0.26131645,0.2728891
1757,DM Phe,2MASS 00340610-5103012,4926158992652398720,WISEA J003406.12-510301.1,GALEX J003406.0-510301,8.52553517850908,-51.0503410779815,440.9084607898429,,82.0,0.03,-0.1047,9.280823,726.58685,9.788086,221.37553,8.611697,272.1312,7.944,0.023,7.393,0.034,7.273,0.029,6.974,0.055,7.099,0.02,7.043,0.017,7.024,0.091,21.51409912109375,0.306,16.44610023498535,0.0163000002503395,,,,,AAA,0000,AAAA,RS,RS,57.47380890993601,0.00805371,0.4133529418899384,0.003377922,22.465689017345618,0.1063686,,,SB1,0.48191452,0.50911015,0.5354144,0.5609288,0.5857366,0.60990673
1758,ASAS J024033-4034.9,2MASS 02403334-4034507,4951863650363948416,WISEA J024033.36-403450.5,GALEX J024033.3-403451,40.1390707659755,-40.580713384488874,575.5771522023238,,60.19,0.05,-0.1002,9.684167,354.93774,10.2712345,107.22398,8.948042,140.00092,7.962,0.021,7.409,0.029,7.273,0.026,7.075,0.04,7.24,0.019,7.151,0.018,7.158,0.082,20.761999130249023,0.2099,17.126399993896484,0.0156999994069337,,,,,AAA,0000,AAAA,RS,RS,,,,,,,,,,,,,,,
1759,DI Scl,2MASS 01001230-3818384,4989261339359367168,WISEA J010012.28-381838.3,GALEX J010012.2-381838,15.051214381670489,-38.31064789381195,306.53216142190394,,20.46,0.03,-0.0242,10.277661,514.4659,10.8543825,161.27878,9.545354,199.35121,8.608,0.024,8.055,0.038,7.87,0.02,7.673,0.032,7.723,0.02,7.624,0.018,7.481,0.131,21.314599990844727,0.2364,17.617000579833984,0.0274000000208616,,,,,AAA,0000,AAAB,cut,SSG,,,,,,,,,,,,,,,
1760,DL Phe,2MASS 00274287-4126155,4993808575853652992,WISEA J002742.89-412615.6,GALEX J002742.8-412613,6.928788575638941,-41.43770351681975,270.3505329578201,,16.94,0.02,,10.197343,286.11084,10.779918,86.305244,9.454695,109.733284,8.592,0.024,8.009,0.04,7.83,0.026,7.655,0.029,7.734,0.02,7.597,0.018,7.497,0.134,20.551000595092773,0.1638,17.495899200439453,0.0261000003665685,,,,,AAA,0000,AAAB,RS,SSG,,,,,,,,,,,,,,,
1761,AN Scl,2MASS 01124051-2910463,5029927429747497984,WISEA J011240.63-291046.7,GALEX J011240.5-291046,18.169536049193137,-29.179652819367007,108.06824155985409,,7.89,0.05,,8.559294,753.74866,9.03355,232.14098,7.9192405,293.30777,7.183,0.032,6.681,0.036,6.521,0.017,6.471,0.082,6.461,0.026,6.488,0.015,6.402,0.06,18.72599983215332,0.0918,15.31060028076172,0.0121999997645616,,,,,AAA,0000,AAAA,cut,RS,8.115895452430648,0.000104088766,0.0052126598010728,0.0032563382,40.27139140895569,0.14647034,,,SB1,0.49747854,0.5254268,0.55245763,0.57867557,0.6041662,0.6290008
1762,UV For,2MASS 01464162-2400505,5038295950184756736,,GALEX J014641.7-240049,26.67426006601744,-24.013546284522697,117.42225916144017,,64.4,0.04,-0.4404,7.71872,279.32553,8.223058,82.427025,7.040909,89.17761,6.183,0.023,5.656,0.036,5.544,0.027,,,,,,,,,19.206600189208984,0.0597,15.022899627685549,0.0059000002220273,,,,,AAA,,,RS,SSG,30.10530056482517,0.004198255,0.5000134088425584,0.012207141,12.631270434984057,0.30476376,,,SB1,0.1782871,0.18931831,0.20000401,0.21038297,0.22048694,0.2303424
1763,BF For,2MASS 02480792-3658541,5048963240199294720,WISEA J024807.95-365853.4,,42.03315925991519,-36.98144227603609,144.328857396912,,17.7,0.06,-1.2903,7.7507496,1270.5513,8.062785,321.60315,7.22849,426.02142,6.559,0.021,6.167,0.029,6.052,0.021,5.951,0.115,5.891,0.044,5.956,0.015,5.854,0.037,,,,,,,,,AAA,0000,BAAA,cut,RS,,,,,,,,,,,,,,,
1764,NW Eri,2MASS 04144335-1852124,5092916973434252800,WISEA J041443.33-185212.4,GALEX J041443.3-185211,63.68060014630074,-18.870134823475446,772.5393700281084,,61.69,0.1,-0.0637,9.09333,649.7426,9.686632,200.69753,8.354929,251.26175,7.398,0.027,6.832,0.036,6.693,0.017,6.558,0.037,6.63,0.021,6.573,0.015,6.476,0.06,20.82150077819824,0.2937,16.642900466918945,0.0228000003844499,,,,,AAA,0000,AAAA,RS,RS,,,,,,,,,,,,,,,
1765,ASAS J032736-2322.5,2MASS 03273638-2322333,5098260565584998016,WISEA J032736.38-232233.2,GALEX J032736.3-232234,51.90160450937547,-23.37592248622491,1055.8070209311634,,13.07,0.06,-0.1883,13.24044,309.25284,13.702805,95.19545,12.603214,93.63831,11.684,0.021,11.153,0.022,11.054,0.021,11.048,0.023,11.064,0.021,10.92,0.079,9.484,,,,19.224300384521484,0.0606999993324279,,,,,AAA,0000,AAAU,RS,RS,,,,,,,,,,,,,,,
1766,ZTF J033305.69-132613.1,2MASS 03330567-1326128,5113406029019672576,WISEA J033305.69-132613.1,GALEX J033305.6-132612,53.273757121201506,-13.437016161276816,825.9700899181001,,11.83,0.1,-0.3784,13.52438,419.50662,14.041107,129.96928,12.843514,180.48613,12.001,0.025,11.49,0.027,11.342,0.025,11.258,0.023,11.261,0.021,11.254,0.156,8.985,,22.11520004272461,0.4445,20.22360038757324,0.1125999987125396,,,,,AAA,0000,AABU,RS,SSG,,,,,,,,,,,,,,,
1767,ASAS J020345-1729.1,2MASS 02034477-1729102,5138573644021347712,WISEA J020344.78-172910.1,GALEX J020344.7-172910,30.93658816898496,-17.486143736005538,417.03689869132256,,4.09,0.08,-0.102,11.004089,421.98618,11.578499,131.33403,10.286267,163.60484,9.373,0.022,8.829,0.059,8.637,0.021,8.586,0.023,8.614,0.02,8.518,0.024,8.056,0.252,20.8125,0.1797,18.101600646972656,0.0269000008702278,,,,,AAA,hhh0,AAAB,RS,SSG,,,,,,,,,,,,,,,
1768,ZTF J021538.47-120438.4,2MASS 02153847-1204387,5150800282041038848,WISEA J021538.47-120438.5,GALEX J021538.4-120438,33.91033196906276,-12.077393600240654,1617.5176918839277,,7.75,0.06,-0.1691,14.193002,306.08624,14.763633,91.24452,13.469623,112.94229,12.536,0.024,11.934,0.022,11.867,0.024,11.744,0.022,11.728,0.021,11.351,0.144,9.086,,,,20.858299255371097,0.1545999944210052,,,,,AAA,0000,AABU,RS,SSG,,,,,,,,,,,,,,,
1769,CSS J031014.7-082115,2MASS 03101470-0821165,5167649335664145792,WISEA J031014.71-082116.5,GALEX J031014.7-082115,47.56134724120104,-8.354583741716155,539.0070610953702,,3.32,0.2,-0.3863,12.925843,283.32062,13.604487,75.42608,12.126279,103.5041,10.9,0.024,10.279,0.025,10.106,0.023,10.109,0.022,10.066,0.021,9.884,0.04,9.237,,,,19.79789924621582,0.1196999996900558,,,,,AAA,0000,AAAU,SSG,SSG,,,,,,,,,,,,,,,
1770,IZ Cet,2MASS 02194738-1025406,5175787370977044096,WISEA J021947.39-102540.5,GALEX J021947.3-102540,34.947516756312766,-10.4279345612804,341.3196515557852,,8.12,0.08,,10.077116,428.89072,10.636044,136.95705,9.361986,170.53363,8.619,0.02,8.038,0.046,7.857,0.021,7.648,0.025,7.681,0.02,7.588,0.018,7.613,0.121,20.88800048828125,0.2321,17.28350067138672,0.02449999935925,,,,,AAA,0000,AAAB,RS,RS,,,,,,,,,,,,,,,
1771,EL Eri,2MASS 03103850-0523380,5181896326300508672,WISEA J031038.53-052338.0,GALEX J031038.5-052337,47.66064577371504,-5.393850585692413,235.86904507832747,,45.53,0.17,,7.335868,1225.7749,7.8760853,312.65475,6.6350465,369.21402,6.028,0.021,5.448,0.061,5.248,0.023,5.127,0.129,4.893,0.083,5.024,0.015,4.939,0.027,19.06319999694824,0.0562,14.802599906921388,0.006000000052154,,,,,AAA,0000,BAAA,cut,RS,48.329698502134015,0.0070873043,0.0103847803015983,0.006004967,18.956927995787193,0.07146016,,,SB1,0.40721133,0.43069857,0.45342225,0.47546923,0.49691054,0.5178053
1772,CSS J031230.9-030658,2MASS 03123092-0306568,5183543016761752064,WISEA J031230.92-030656.9,GALEX J031230.9-030656,48.12888900107389,-3.1158586961402017,1042.557327208342,,5.06,0.19,,14.462836,144.41377,15.118666,45.703323,13.651933,48.66182,12.415,0.026,11.786,0.022,11.614,0.021,11.504,0.023,11.503,0.021,11.096,0.162,8.597,,,,21.339599609375,0.2254000008106231,,,,,AAA,0000,AABU,cut,SSG,,,,,,,,,,,,,,,
1773,CSS J025658.5-030918,2MASS 02565858-0309176,5186313408106447744,WISEA J025658.58-030917.9,,44.2441055028045,-3.154991051111413,1358.246548559538,,14.39,0.12,-0.0985,14.13007,279.58463,14.691505,78.65038,13.409489,105.033775,12.362,0.023,11.804,0.026,11.688,0.023,11.643,0.023,11.634,0.021,11.505,0.142,9.456,0.513,,,,,,,,,AAA,0000,AABC,RS,SSG,,,,,,,,,,,,,,,
1774,FU Cet,2MASS 02595316-0040468,5188040255542012032,WISEA J025953.17-004047.4,GALEX J025953.1-004046,44.971513621143295,-0.6798152611945468,164.8046540874039,,20.99,0.32,-0.5225,7.6641684,2895.861,8.050932,764.608,7.0996842,988.877,6.476,0.02,6.108,0.051,5.999,0.023,5.962,0.057,5.84,0.034,5.873,0.024,5.868,0.044,18.765600204467773,0.0766,13.766900062561035,0.0043999999761581,,,,,AAA,HH00,AAAA,RS,RS,,,,,,,,,,,,,,,
1775,ASAS J090257-6801.4,2MASS 09025708-6801185,5223831596709268224,WISEA J090257.07-680118.4,,135.73780601561586,-68.02179799992304,854.6953837000142,,17.12,0.3,-0.4685,10.9783125,332.6105,11.472939,108.81783,10.292002,109.56925,9.328,0.03,8.711,0.038,8.578,0.021,8.454,0.023,8.465,0.02,8.344,0.018,8.292,0.135,,,,,,,,,AAA,0000,AAAB,RS,RS,,,,,,,,,,,,,,,
1776,GSC 09219-01945,2MASS 10324946-7305125,5229184599128594560,WISEA J103249.41-730512.3,,158.20578797268328,-73.08675186301694,684.8194628999888,,61.9,0.47,-0.3208,11.5834675,435.9415,12.214649,115.48242,10.807935,158.00348,9.809,0.023,9.224,0.022,9.022,0.019,8.89,0.023,8.945,0.02,8.806,0.023,9.021,0.259,,,,,,,,,AAA,h000,AAAB,RS,SSG,,,,,,,,,,,,,,,
1777,AE Men,2MASS 06254033-7202349,5266088852223008512,WISEA J062540.30-720234.8,GALEX J062540.3-720234,96.41777815349585,-72.04306689718257,293.23464738019777,,12.03,0.28,,7.9274955,974.2551,8.5079,260.0076,7.2062297,323.38504,6.261,0.023,5.718,0.024,5.56,0.02,5.547,0.133,5.443,0.052,5.482,0.015,5.418,0.031,18.746999740600582,0.0579,15.34570026397705,0.0087999999523162,,,,,AAA,0000,BAAA,RS,RS,,,,,,,,,,,,,,,
1778,ASAS J082401-6941.7,2MASS 08240130-6941415,5269986960239392640,WISEA J082401.31-694141.3,,126.00544641339556,-69.69481857705341,654.5330061011612,,40.0,0.4,-0.0702,8.826308,878.1887,9.405048,254.08765,8.101184,376.51874,7.186,0.024,6.604,0.047,6.445,0.023,6.383,0.076,6.373,0.022,6.361,0.015,6.297,0.039,,,,,,,,,AAA,0000,AAAA,RS,RS,,,,,,,,,,,,,,,
1779,ASAS J082709-6504.7,2MASS 08270955-6504426,5273149812814876672,WISEA J082709.55-650441.8,GALEX J082709.5-650442,126.78972469549916,-65.0781655113602,125.52176687392593,,4.44,0.45,-0.0366,9.286309,329.4385,9.96168,102.453186,8.470978,126.24646,7.211,0.017,6.605,0.021,6.396,0.018,6.348,0.084,6.195,0.025,6.225,0.015,6.08,0.038,18.56480026245117,0.0955,16.29450035095215,0.0236000008881092,,,,,AAA,hh00,AAAA,RS,SSG,,,,,,,,,,,,,,,
1780,ASAS J080715-6712.3,2MASS 08071531-6712179,5274324915866445568,WISEA J080715.29-671217.8,,121.81367875435404,-67.20492481299934,782.4843022334097,,27.71,0.46,-0.071,10.517641,494.81805,11.183773,145.19214,9.727833,194.89572,8.705,0.024,8.037,0.033,7.854,0.026,7.786,0.028,7.831,0.02,7.721,0.017,7.686,0.084,,,,,,,,,AAA,dd00,AAAA,RS,RS,27.281535468260564,0.007370313,0.1093403542647971,0.024704693,30.97317793957583,0.6985847,,,SB1,0.59394026,0.6264075,0.6578004,0.6882414,0.71783113,0.74665284
1781,AK Vol,2MASS 07492309-6549273,5275118007347610752,WISEA J074923.11-654927.1,,117.3461567902934,-65.82423925161636,443.30408949969495,,31.81,0.32,,8.28432,2537.6287,8.808831,744.785,7.6003456,1008.8071,6.773,0.023,6.299,0.044,6.141,0.018,6.028,0.112,5.985,0.034,6.042,0.015,5.996,0.039,,,,,,,,,AAA,0000,BAAA,cut,RS,984.632039345775,4.4064713,0.4052202853105632,0.039808456,11.886501828108717,1.4014705,,,SB1,0.7323464,0.7708896,0.8081471,0.8442657,0.8793654,0.9135461
1782,ASAS J075409-6541.5,2MASS 07540870-6541299,5275486240664958592,WISEA J075408.70-654129.6,,118.53625112538067,-65.69156621957022,410.1085511148544,,15.27,0.42,,10.1320505,685.8131,10.719366,189.62526,9.3985405,249.79915,8.715,0.027,8.121,0.063,7.877,0.027,7.57,0.031,7.64,0.02,7.568,0.017,7.494,0.075,,,,,,,,,AAA,dd00,AAAA,RS,RS,15.242821601037644,0.0014793861,0.0290963511355285,0.011885286,22.42112191607887,0.22725058,,,SB1,0.31290728,0.3314732,0.34944332,0.3668851,0.38385376,0.40039524
1783,BK Dor,2MASS 06231075-6725241,5282985906409304832,WISEA J062310.74-672524.0,GALEX J062310.7-672524,95.7947442983894,-67.4233393115256,263.57405751323773,,2.2,0.14,-0.5466,9.385403,448.22202,9.79707,129.05898,8.806899,158.81764,8.113,0.019,7.74,0.036,7.629,0.024,7.53,0.031,7.592,0.02,7.522,0.016,7.447,0.065,19.482799530029297,0.0835,15.232500076293944,0.0057000000961124,,,,,AAA,0000,AAAA,cut,RS,,,,,,,,,,,,,,,
1784,ASAS J075801-6014.8,2MASS 07580133-6014486,5291028971393876992,WISEA J075801.32-601448.6,,119.50554290810209,-60.24682931758722,1613.9575034447291,,40.94,0.49,,11.321024,854.35284,12.004103,252.83994,10.518341,328.0284,9.71,0.023,9.052,0.022,8.822,0.019,8.565,0.022,8.644,0.02,8.51,0.02,8.407,0.18,,,,,,,,,AAA,ph00,AAAB,RS,RS,41.8609323144838,0.016528666,0.0368001311256174,0.022749804,15.059278117678684,0.3273473,,,SB1,0.29094884,0.30832815,0.32515162,0.34148216,0.35737124,0.37286165
1785,V0544 Vel,2MASS 10185591-4825141,5365266381602474880,WISEA J101855.93-482514.3,,154.73306195848664,-48.42065646835119,326.65053825154257,,9.12,0.41,-0.0097,9.654193,461.67404,10.221315,131.90303,8.940453,185.523,7.979,0.024,7.389,0.038,7.242,0.021,7.107,0.039,7.212,0.02,7.116,0.016,7.044,0.073,,,,,,,,,AAA,0000,AAAA,RS,RS,,,,,,,,,,,,,,,
1786,V1376 Cen,2MASS 11582330-4557315,5377913685890701952,WISEA J115823.28-455731.4,,179.59695040963186,-45.95876057251718,494.110112922016,,8.87,0.29,0.0352,11.407067,302.35367,12.069547,89.873795,10.607574,114.92342,9.491,0.026,8.858,0.046,8.654,0.021,8.613,0.023,8.603,0.02,8.439,0.021,8.541,0.259,,,,,,,,,AAA,0000,AAAB,RS,SSG,,,,,,,,,,,,,,,
1787,V0829 Cen,2MASS 11392224-3923073,5384525839580589440,WISEA J113922.22-392308.0,GALEX J113922.2-392307,174.84264937927938,-39.385679327401704,145.93878383728637,,11.79,0.36,-0.137,7.335571,859.1498,7.818725,254.88237,6.664694,286.79825,5.887,0.032,5.345,0.034,5.186,0.016,5.136,0.199,4.963,0.053,5.108,0.014,5.027,0.029,18.446399688720703,0.0847,14.148599624633787,0.0070000002160668,,,,,AAA,0000,BAAA,RS,RS,,,,,,,,,,,,,,,
1788,ASAS J111022-3557.3,2MASS 11102202-3557162,5400500644021610624,WISEA J111022.02-355716.3,GALEX J111021.9-355717,167.5917459883768,-35.954565993338015,1150.331818033088,,33.85,0.23,-0.1299,11.557957,553.1031,12.157421,168.98189,10.8086405,232.34811,9.758,0.024,9.193,0.022,9.038,0.019,9.001,0.023,9.042,0.021,8.842,0.03,8.345,,,,19.203399658203125,0.1018000021576881,,,,,AAA,0h00,AAAU,RS,SSG,,,,,,,,,,,,,,,
1789,CL Ant,2MASS 10223043-3950140,5417525997464159104,WISEA J102230.42-395014.0,,155.62664490393811,-39.837224513646554,396.45506273319467,,49.9,0.34,,8.328507,2440.7112,8.97203,566.6806,7.561249,836.7039,6.57,0.034,5.968,0.04,5.755,0.02,5.685,0.149,5.61,0.049,5.644,0.015,5.56,0.039,,,,,,,,,AAA,0000,BAAA,cut,RS,51.21741770431786,0.005969485,0.0059857449842492,0.003714413,13.897771133101916,0.05403892,,,SB1,0.2867503,0.3039009,0.32050338,0.3366197,0.35230064,0.3675884
1790,CM Ant,2MASS 10321019-3905465,5441212467222721152,WISEA J103210.16-390546.5,GALEX J103210.3-390547,158.04228668152106,-39.09628790849437,245.41618884967576,,61.11,0.2,-0.1615,8.9420595,596.7903,9.485481,169.37605,8.241036,227.1085,7.428,0.026,6.825,0.027,6.731,0.021,6.598,0.082,6.633,0.022,6.597,0.016,6.528,0.062,20.40900039672852,0.3043,16.351600646972656,0.0149999996647238,,,,,AAA,0000,AAAA,cut,RS,37.38347996124362,0.0032812923,0.3424021083281233,0.0036873452,34.890499459169426,0.103002295,,,SB1,0.7465856,0.7857284,0.82356477,0.86024374,0.8958874,0.93059707
1791,CK Ant,2MASS 10202177-3612134,5445339552837499008,WISEA J102021.75-361213.8,GALEX J102021.7-361214,155.0906767996108,-36.20378975745688,321.9602652139487,,29.83,0.22,-0.0378,8.004845,972.79,8.534343,294.38263,7.317353,363.17245,6.564,0.021,6.01,0.027,5.841,0.024,5.766,0.13,5.633,0.042,5.673,0.015,5.563,0.038,18.45170021057129,0.0735,14.368000030517578,0.0063000000081956,,,,,AAA,00p0,BAAA,RS,RS,,,,,,,,,,,,,,,
1792,ASAS J102640-3000.0,2MASS 10264042-3000016,5461400909457275136,WISEA J102640.41-300001.5,GALEX J102640.4-300001,156.66837348637355,-30.000412914287132,824.3465263972167,,27.29,0.15,-0.0354,11.250042,559.734,11.818423,165.04347,10.523827,191.37392,9.548,0.024,8.99,0.025,8.839,0.021,8.818,0.023,8.809,0.019,8.702,0.027,8.622,0.384,20.771299362182617,0.2406,18.17639923095703,0.0375999994575977,,,,,AAA,0000,AAAC,RS,RS,,,,,,,,,,,,,,,
1793,V0835 Car,2MASS 07051230-5734137,5480875699925768320,WISEA J070512.31-573413.8,,106.3013397491949,-57.57055167946996,277.9700191317821,,7.41,0.3,-0.6643,9.686262,1004.2233,10.113222,287.35065,9.088811,344.68674,8.44,0.021,8.033,0.046,7.884,0.023,7.74,0.029,7.804,0.02,7.748,0.017,7.799,0.094,,,,,,,,,AAA,0000,AAAA,RS,RS,,,,,,,,,,,,,,,
1794,TZ Pic,2MASS 06310571-5900164,5482763904987858688,WISEA J063105.80-590015.9,,97.774151536006,-59.00438566757904,144.0990934219541,,13.68,0.2,0.0961,7.3549685,881.5918,7.951823,266.20245,6.6229124,295.53287,5.665,0.018,5.13,0.036,4.947,0.016,4.972,0.179,4.796,0.094,4.912,0.014,4.838,0.026,,,,,,,,,AAA,0000,BAAA,RS,RS,,,,,,,,,,,,,,,
1795,NSV 17367,2MASS 07081258-5437459,5491226360654244864,WISEA J070812.57-543745.9,GALEX J070812.6-543746,107.05241462446038,-54.62944475185989,304.2974667238073,,71.7,0.34,-0.4908,9.156015,683.6173,9.646032,198.04959,8.495961,264.36728,7.668,0.026,7.183,0.047,7.06,0.036,6.93,0.063,7.017,0.02,6.965,0.016,6.907,0.057,,,16.23740005493164,0.0266999993473291,,,,,AAA,0000,AAAA,RS,RS,5.538404743234633,7.825966e-05,0.4372870092179035,0.0051699565,31.415652820116048,0.24410719,28.919480713092227,0.2941563,SB2,1.0863146,1.194946,1.3035774,1.4122089,1.5208404,1.6294718
1796,BC Pic,2MASS 06130599-5620253,5496053289715459200,WISEA J061305.99-562025.2,,93.27494738611207,-56.34038616916114,389.7896068145556,,17.95,0.12,-0.0066,9.28435,844.86926,9.844912,230.82779,8.573096,307.94925,7.686,0.032,7.177,0.033,6.963,0.021,6.774,0.034,6.803,0.02,6.744,0.016,6.686,0.048,,,,,,,,,AAA,hhh0,AAAA,RS,RS,17.899116586402563,0.001391262,0.0091565858552428,0.0092837745,17.38327840417172,0.20640947,,,SB1,0.24746077,0.2624423,0.27694824,0.29103222,0.3047382,0.31810272
1797,V0449 Car,2MASS 06531292-5224366,5498766265938483712,WISEA J065312.90-522436.6,,103.30366588151615,-52.410226736849914,288.75047208839237,,60.13,0.2,-0.0699,8.656008,262.70203,9.208251,78.314316,7.936909,105.3494,7.085,0.019,6.539,0.038,6.363,0.02,6.25,0.087,6.195,0.027,6.184,0.016,6.098,0.043,,,,,,,,,AAA,hh00,AAAA,RS,RS,44.72723035157629,0.019029755,0.0172340009922989,0.014740347,9.947626042313471,0.124016605,,,SB1,0.18575476,0.19722076,0.20832707,0.21911408,0.22961487,0.239857
1798,TY Pic,2MASS 06075694-5426214,5500251018951880832,WISEA J060756.94-542621.0,,91.98728029651627,-54.43918245045078,364.73813302460354,,50.2,0.19,,7.303281,857.96826,7.8559656,232.80785,6.599842,228.52144,5.827,0.027,5.28,0.044,5.024,0.024,4.975,0.198,4.809,0.095,4.9,0.014,4.836,0.027,,,,,,,,,AAA,0000,BAAA,cut,RS,,,,,,,,,,,,,,,
1799,V0836 Car,2MASS 07085425-5057494,5505106599740802176,WISEA J070854.24-505749.5,GALEX J070854.2-505746,107.22604220275711,-50.96376313906439,621.0043615629609,,24.5,0.39,,9.540649,360.26056,9.928493,136.95676,8.949165,108.385445,8.053,0.02,7.573,0.033,7.352,0.026,7.219,0.038,7.299,0.02,7.195,0.016,7.079,0.062,17.19879913330078,0.0686,14.288800239562988,0.0097000002861022,,,,,AAA,0000,AAAA,RS,RS,,,,,,,,,,,,,,,
1800,V0344 Pup,2MASS 07361380-4457275,5531921695480803072,WISEA J073613.86-445727.6,,114.0577120091217,-44.95770601149375,117.48475801616516,,11.75,0.46,-0.0889,6.6278467,1182.9352,7.159413,346.53952,5.9324517,250.64787,5.076,0.024,4.613,0.018,4.405,0.02,4.386,0.269,4.096,0.157,4.383,0.015,4.298,0.023,,,,,,,,,AEA,0000,BBAA,cut,RS,,,,,,,,,,,,,,,
1801,V0706 Pup,2MASS 06204345-4349456,5567562330531287808,WISEA J062043.46-434945.5,GALEX J062043.4-434945,95.18111180922185,-43.829309957102346,1173.3012189848916,,31.36,0.11,-0.1604,10.356206,503.612,10.954684,144.26685,9.614586,182.26367,8.534,0.021,7.982,0.024,7.825,0.024,7.763,0.024,7.809,0.02,7.704,0.017,7.674,0.107,17.80470085144043,0.067,16.913000106811523,0.0272000003606081,,,,,AAA,dd00,AAAA,RS,RS,,,,,,,,,,,,,,,
1802,ASAS J060335-4359.8,2MASS 06033520-4359467,5571063484791390080,WISEA J060335.19-435946.6,,90.89665129809082,-43.99630358809261,649.8327358059004,,7.22,0.23,0.1397,10.312206,567.2343,10.999046,179.10857,9.516806,223.96487,8.447,0.027,7.824,0.031,7.636,0.027,7.55,0.032,7.66,0.02,7.524,0.017,7.419,0.097,,,,,,,,,AAA,0000,AAAA,RS,SSG,,,,,,,,,,,,,,,
1803,EE Pyx,2MASS 08501952-2856387,5642611730074967040,WISEA J085019.51-285638.7,,132.58129857009774,-28.944092139940587,757.1171106921648,,32.64,0.36,,9.904268,655.6205,10.503694,207.25307,9.156324,308.75388,7.97,0.019,7.392,0.029,7.29,0.031,7.108,0.037,7.22,0.021,7.139,0.017,7.021,0.079,,,,,,,,,AAA,0000,AAAA,RS,RS,,,,,,,,,,,,,,,
1804,ASAS J095600-2201.1,2MASS 09555976-2201088,5664027326062255872,WISEA J095559.76-220108.9,GALEX J095559.7-220109,148.99900800072925,-22.01917549606602,1176.7967256851832,,41.57,0.12,-0.046,11.669733,369.59692,12.150861,92.75661,11.0072565,136.66537,10.152,0.024,9.687,0.023,9.544,0.019,9.52,0.022,9.547,0.02,9.451,0.042,8.28,,20.323400497436523,0.1489,18.245399475097656,0.0372000001370906,,,,,AAA,0000,AAAU,RS,RS,,,,,,,,,,,,,,,
1805,ZTF J075441.39-155501.9,2MASS 07544140-1555021,5719175294559135744,WISEA J075441.39-155502.1,,118.6724893808798,-15.917245972678336,1627.1518432599253,,3.35,0.37,-0.4555,14.764831,502.29095,15.41266,145.35872,13.975407,185.98145,12.832,0.023,12.236,0.025,12.041,0.023,12.026,0.023,12.009,0.022,11.911,0.242,9.062,,,,,,,,,,AAA,0000,AABU,RS,SSG,,,,,,,,,,,,,,,
1806,ZTF J090225.73-132519.6,2MASS 09022574-1325196,5735506134602928640,WISEA J090225.73-132519.6,GALEX J090225.7-132519,135.60722948098748,-13.42212348611864,1738.9574817519665,,16.66,0.18,,14.709174,189.50887,15.336371,56.533733,13.926836,69.12255,12.636,0.02,12.061,0.022,11.92,0.025,11.963,0.023,11.935,0.022,11.724,0.236,8.789,,,,21.88349914550781,0.2718999981880188,,,,,AAA,0000,AABU,SSG,SSG,,,,,,,,,,,,,,,
1807,V0414 Hya,2MASS 09225366-1349210,5737644959596666880,WISEA J092253.63-134920.9,,140.72339716747487,-13.822468561525222,234.55513715809164,,18.76,0.12,,8.431973,529.017,9.018527,124.91295,7.706667,156.62872,6.79,0.019,6.185,0.033,6.05,0.017,5.987,0.104,5.927,0.044,5.945,0.015,5.785,0.039,,,,,,,,,AAA,0000,AAAA,cut,RS,,,,,,,,,,,,,,,
1808,ZTF J084325.46-121610.3,2MASS 08432546-1216102,5747276956334216064,WISEA J084325.46-121610.1,,130.85609757032702,-12.269531664229056,1734.0864266953804,,3.45,0.16,-0.0738,15.450884,141.79483,16.161077,42.49088,14.641922,52.90961,13.331,0.03,12.703,0.035,12.571,0.035,12.446,0.023,12.455,0.024,11.813,,8.694,,,,,,,,,,AAA,0000,AAUU,SSG,SSG,,,,,,,,,,,,,,,
1809,CSS J090257.3-062302,2MASS 09025738-0623027,5757437057954647424,WISEA J090257.38-062302.7,GALEX J090257.5-062302,135.7390848576561,-6.38412715090066,1966.10174583957,,1.35,0.12,0.1806,15.541265,153.49391,16.216463,41.133793,14.717025,60.116505,13.699,0.03,13.051,0.026,12.836,0.029,12.681,0.025,12.683,0.025,11.889,,8.808,,,,22.31609916687012,0.4765999913215637,,,,,AAA,0000,AAUU,SSG,SSG,,,,,,,,,,,,,,,
1810,CSS J085408.4-033409,2MASS 08540848-0334091,5761980725332338944,WISEA J085408.47-033409.1,GALEX J085408.5-033408,133.53532837644133,-3.5691905213018393,1357.3202921173136,,12.59,0.05,-0.168,14.345202,895.2494,14.905602,216.34366,13.631412,336.7795,12.67,0.024,12.105,0.024,11.988,0.023,11.934,0.023,11.963,0.022,11.857,0.294,9.127,,,,21.48730087280273,0.268200010061264,,,,,AAA,0000,AABU,RS,SSG,,,,,,,,,,,,,,,
1811,ZTF J090253.37-020820.3,2MASS 09025337-0208204,5763314085043112576,WISEA J090253.37-020820.3,GALEX J090253.3-020820,135.7223815198326,-2.138997115177412,1519.68725974294,,21.23,0.05,,12.074667,346.43564,12.62809,100.55305,11.356129,122.29474,10.361,0.018,9.801,0.015,9.692,0.019,9.629,0.023,9.654,0.021,9.587,0.043,8.834,0.42,,,19.355600357055664,0.0756999999284744,,,,,AAA,0000,AAAC,cut,RS,,,,,,,,,,,,,,,
1812,FF Oct,2MASS 15570550-8730054,5765465416982539520,WISEA J155705.77-873005.2,,239.27427107676849,-87.50143981432961,374.5071614384142,,3.11,0.37,0.3357,12.404872,274.92026,13.113671,82.91727,11.581021,100.77588,10.388,0.023,9.806,0.025,9.583,0.02,9.463,0.023,9.478,0.021,9.272,0.032,8.959,0.377,,,,,,,,,AAA,0000,AAAC,SSG,SSG,,,,,,,,,,,,,,,
1813,V0377 Aps,2MASS 16144603-7601497,5780875523424416256,WISEA J161446.03-760149.9,GALEX J161446.0-760149,243.6918342831596,-76.03056676563766,456.62526629423047,,9.87,0.21,-0.1601,9.930652,524.91095,10.476018,184.05971,9.223371,196.37093,8.244,0.02,7.687,0.033,7.53,0.024,7.384,0.036,7.414,0.02,7.333,0.018,7.266,0.1,20.527299880981445,0.2477,16.043800354003906,0.0193000007420778,,,,,AAA,0000,AAAA,cut,RS,,,,,,,,,,,,,,,
1814,V0384 Aps,2MASS 17184753-7325135,5804085561048983552,WISEA J171847.57-732513.1,GALEX J171847.6-732513,259.6982294563009,-73.42031250389907,235.549762169082,,7.1,0.18,-0.07,9.445262,224.76901,9.977218,68.50814,8.745579,76.84731,7.728,0.024,7.171,0.033,6.992,0.031,6.897,0.065,6.877,0.021,6.798,0.015,6.733,0.073,17.750099182128906,0.0521,15.00450038909912,0.0083999997004866,,,,,AAA,0000,AAAA,RS,RS,,,,,,,,,,,,,,,
1815,V0350 TrA,2MASS 15595801-6433591,5823083953772552704,WISEA J155957.99-643359.2,,239.99166613557512,-64.56649240137386,859.2568070281786,,53.54,0.42,-0.1275,9.106369,441.827,9.748888,123.27746,8.331519,128.19165,7.155,0.023,6.58,0.038,6.376,0.034,6.386,0.081,6.379,0.025,6.337,0.015,6.218,0.053,,,,,,,,,AAA,0000,AAAA,RS,RS,,,,,,,,,,,,,,,
1816,ASAS J172405-5615.1,2MASS 17240468-5615041,5922350921534561280,WISEA J172404.67-561504.2,,261.0194652665564,-56.25117126951744,1134.588095710391,,9.22,0.46,-0.1583,10.377265,681.4617,10.94503,224.8618,9.658779,243.02153,8.691,0.026,8.141,0.024,7.969,0.034,7.888,0.025,7.963,0.02,7.831,0.019,7.595,0.163,,,,,,,,,AAA,0000,AAAB,RS,RS,,,,,,,,,,,,,,,
1817,V1388 Cen,2MASS 13291858-4722504,6083891474812040576,WISEA J132918.61-472250.5,,202.3276089009057,-47.38072211625156,431.49801626404326,,4.41,0.37,0.0236,11.819556,312.39145,12.41995,90.01828,11.062482,110.39539,9.922,0.022,9.343,0.024,9.181,0.021,9.221,0.023,9.172,0.02,9.011,0.026,9.099,0.423,,,,,,,,,AAA,0000,AAAC,RS,SSG,,,,,,,,,,,,,,,
1818,V1265 Cen,2MASS 13105516-4844035,6084991196899106176,WISEA J131055.16-484403.5,,197.7298369009571,-48.73435310246746,324.2890984882328,,3.54,0.46,0.0104,10.501917,237.45943,11.1824875,75.15758,9.691341,87.196945,8.486,0.024,7.852,0.029,7.664,0.026,7.591,0.026,7.624,0.02,7.497,0.017,7.357,0.088,,,,,,,,,AAA,0000,AAAA,RS,SSG,,,,,,,,,,,,,,,
1819,V0998 Cen,2MASS 14141715-4750247,6092685716707582208,WISEA J141417.15-475024.6,GALEX J141417.1-475023,213.5714693784676,-47.84023322762186,353.734028368679,,17.3,0.4,-0.1069,8.632252,951.56464,9.186654,289.64685,7.9234223,356.887,7.057,0.03,6.499,0.046,6.351,0.023,6.306,0.057,6.301,0.022,6.255,0.015,6.155,0.045,20.72590065002441,0.2785,15.63949966430664,0.0091000003740191,,,,,AAA,dd00,AAAA,RS,RS,,,,,,,,,,,,,,,
1820,NSV 20118,2MASS 14301035-4332490,6102562629657918720,WISEA J143010.33-433249.1,,217.543013816298,-43.5470147045417,404.6943433776523,,53.87,0.47,-0.0634,8.575315,337.8493,9.1221895,103.434746,7.8570514,127.38161,6.893,0.023,6.328,0.033,6.151,0.026,6.119,0.064,6.093,0.022,6.079,0.016,5.985,0.041,,,,,,,,,AAA,0000,AAAA,RS,RS,53.4099552053583,0.012959837,0.0033042532440154,0.010918038,24.539526821795494,0.26599705,,,SB1,0.5916545,0.6240174,0.6553097,0.6856533,0.71514845,0.7438782
1821,V1383 Cen,2MASS 12475564-4457348,6132401829045472256,WISEA J124755.64-445734.7,,191.981815262382,-44.95964829237528,816.4915372699052,,8.67,0.26,,10.108676,449.10135,10.775096,138.37901,9.317555,161.72502,8.227,0.024,7.652,0.034,7.43,0.026,7.315,0.034,7.419,0.02,7.292,0.018,7.13,0.099,,,,,,,,,AAA,0000,AAAA,RS,RS,,,,,,,,,,,,,,,
1822,UNSW-V 436,2MASS 12491448-4519588,6135334638874465024,WISEA J124914.48-451958.8,,192.31032551436888,-45.33304280449643,577.1097527697026,,6.98,0.27,,11.438113,885.866,11.914662,327.36066,10.788742,368.88358,9.952,0.024,9.511,0.022,9.348,0.021,9.305,0.024,9.316,0.02,9.232,0.028,9.229,0.455,,,,,,,,,AAA,0000,AAAC,RS,RS,,,,,,,,,,,,,,,
1823,V1390 Cen,2MASS 13433110-3520249,6164147031840305536,WISEA J134331.08-352025.0,GALEX J134331.0-352024,205.87945972478403,-35.3403259038306,394.4899752690977,,27.08,0.15,-0.1608,9.044263,183.584,9.635823,55.49764,8.304578,68.46047,7.136,0.021,6.572,0.034,6.459,0.026,6.463,0.075,6.449,0.024,6.432,0.015,6.335,0.05,20.230600357055664,0.333,16.14240074157715,0.0216000005602836,,,,,AAA,0000,AAAA,RS,RS,,,,,,,,,,,,,,,
1824,V0988 Cen,2MASS 13573397-3139105,6171047257578563456,WISEA J135733.88-313911.1,,209.39102491035015,-31.65314326501924,125.96634897080052,,2.48,0.18,-0.2378,9.255091,367.0641,9.878175,90.331215,8.487034,139.94356,7.462,0.021,6.828,0.026,6.701,0.017,6.586,0.071,6.502,0.023,6.458,0.016,6.4,0.047,,,,,,,,,AAA,0000,AAAA,SSG,SSG,,,,,,,,,,,,,,,
1825,ASAS J133514-2655.0,2MASS 13351406-2655029,6188952559622396288,WISEA J133514.07-265502.9,GALEX J133514.0-265502,203.8086251625,-26.917513978353508,1368.4672790266748,,3.95,0.18,-0.3546,12.336026,211.36792,12.918918,65.66883,11.6099,80.908745,10.636,0.026,10.073,0.022,9.903,0.021,9.86,0.023,9.937,0.02,9.782,0.046,8.729,,,,20.10659980773925,0.0882000029087066,,,,,AAA,h000,AAAU,RS,SSG,,,,,,,,,,,,,,,
1826,V0403 Lup,2MASS 15042865-3924261,6197601528546662656,WISEA J150428.65-392426.1,GALEX J150428.6-392425,226.11940887807523,-39.40727517856549,696.46099036642,,18.23,0.22,-0.0406,10.596671,322.36642,11.126298,104.48186,9.904025,109.00789,8.998,0.023,8.432,0.034,8.293,0.027,8.268,0.022,8.284,0.019,8.166,0.024,8.081,0.236,20.88999938964844,0.5386,16.702999114990234,0.02449999935925,,,,,AAA,0000,AAAB,RS,RS,,,,,,,,,,,,,,,
1827,ZTF J153739.10-124642.9,2MASS 15373910-1246429,6267961201751855360,WISEA J153739.10-124642.9,GALEX J153739.1-124642,234.4129268025449,-12.778598463862435,1785.8102477656566,,8.88,0.35,-0.2165,13.783619,290.26465,14.499072,82.23361,12.947365,104.17342,11.519,0.023,10.948,0.023,10.756,0.021,10.826,0.024,10.803,0.023,10.508,0.11,8.516,,,,20.506500244140625,0.244499996304512,,,,,AAA,0000,AABU,RS,SSG,,,,,,,,,,,,,,,
1828,CSS J145838.5-173011,2MASS 14583854-1730113,6305559345456712448,WISEA J145838.53-173011.5,GALEX J145838.6-173012,224.66055550376169,-17.50323408799367,1663.6871301573672,,1.08,0.28,,15.290634,341.9565,15.930827,92.63072,14.493667,106.222374,13.453,0.026,12.794,0.027,12.649,0.03,12.541,0.024,12.541,0.026,11.851,,8.895,,,,22.35090065002441,0.4643999934196472,,,,,AAA,P000,AAUU,SSG,SSG,,,,,,,,,,,,,,,
1829,HT Lib,2MASS 14460625-1345545,6311514437871316096,WISEA J144606.23-134554.5,GALEX J144606.2-134554,221.52594033064153,-13.76510240127478,611.1030249431349,,39.66,0.24,,8.740929,612.7705,9.432734,170.1405,7.936613,218.79628,6.854,0.024,6.217,0.033,6.027,0.016,5.951,0.072,5.933,0.023,5.922,0.014,5.831,0.041,19.98290061950684,0.2259,16.95439910888672,0.0209999997168779,,,,,AAA,0000,AAAA,cut,RS,,,,,,,,,,,,,,,
1830,NRLib,2MASS 15020725-1201517,6312720636486961152,WISEA J150207.20-120152.4,GALEX J150207.2-120152,225.52991086420872,-12.03134018770592,206.28640462091855,,2.68,0.23,-0.1606,10.756997,184.66646,11.454229,52.85721,9.925547,68.66895,8.744,0.026,8.051,0.031,7.953,0.027,7.858,0.023,7.798,0.018,7.703,0.02,7.627,0.138,20.400999069213867,0.2531,18.01700019836425,0.0511999987065792,No,Emission,No RV Data,No RV Data,AAA,0000,AAAB,SSG,SSG,,,,,,,,,,,,,,,
1831,QY Lib,2MASS 15350761-0849495,6318055496968793344,WISEA J153507.60-084949.6,,233.78170675375785,-8.830500133278441,330.86272488373453,,1.05,0.34,-0.2781,10.173828,456.94418,10.596003,134.66647,9.577694,169.40582,8.877,0.032,8.486,0.053,8.365,0.021,8.326,0.023,8.338,0.02,8.265,0.026,8.591,0.466,,,,,,,,,AAA,0000,AAAC,RS,RS,,,,,,,,,,,,,,,
1832,UZ Lib,2MASS 15322321-0832009,6318307633024991232,WISEA J153223.22-083200.9,,233.0968124530189,-8.533608083132345,213.74413194115616,,4.77,0.37,-0.1902,8.711866,255.00133,9.287804,84.662994,7.9673247,115.18993,6.97,0.024,6.401,0.046,6.299,0.031,6.285,0.089,6.136,0.028,6.173,0.015,6.04,0.049,,,,,,,,,AAA,0000,AAAA,RS,SSG,,,,,,,,,,,,,,,
1833,GX Lib,2MASS 15232606-0636377,6322546250349960064,WISEA J152326.05-063638.9,GALEX J152326.0-063638,230.8585609725471,-6.611025018740624,128.6250215259582,,11.12,0.27,,7.0170197,653.7567,7.5676312,179.36514,6.3032045,196.97966,5.488,0.037,4.832,0.076,4.687,0.026,4.711,0.188,4.558,0.09,4.69,0.017,4.609,0.028,18.780000686645508,0.0731,14.656000137329102,0.006000000052154,,,,,EEA,0000,BAAA,RS,RS,,,,,,,,,,,,,,,
1834,ZTF J143847.45-102435.6,2MASS 14384746-1024358,6325201674009742848,WISEA J143847.45-102435.6,GALEX J143847.5-102435,219.6977456704947,-10.409930842501302,1168.6992326517843,,2.44,0.3,-0.6139,14.447193,150.10336,15.047412,41.095833,13.702326,54.0458,12.592,0.023,12.045,0.027,11.898,0.028,11.863,0.022,11.807,0.022,11.714,0.215,9.232,,,,20.697399139404297,0.2621000111103058,,,,,AAA,0000,AABU,RS,SSG,,,,,,,,,,,,,,,
1835,CSS J143226.7-070729,2MASS 14322680-0707300,6331171609831772928,WISEA J143226.80-070730.1,GALEX J143226.8-070728,218.1116630644103,-7.125080863749383,1774.85543208835,,17.32,0.18,-0.4485,15.208583,230.6571,15.773858,61.879448,14.481468,88.41682,13.501,0.03,12.932,0.023,12.851,0.033,12.788,0.023,12.789,0.026,12.725,0.525,8.947,,,,21.8572998046875,0.3871999979019165,,,,,AAA,0000,AACU,RS,SSG,,,,,,,,,,,,,,,
1836,ZTF J151002.73-072611.6,2MASS 15100271-0726114,6332800497652649088,WISEA J151002.72-072611.5,GALEX J151002.7-072611,227.51138297434412,-7.436573949683073,482.3380168970336,,15.44,0.21,-0.1901,12.235418,244.42229,12.825541,68.71774,11.48704,95.44263,10.602,0.024,10.028,0.022,9.927,0.021,9.65,0.023,9.625,0.02,9.542,0.043,8.675,,,,19.5634994506836,0.0709000006318092,,,,,AAA,0000,AAAU,cut,SSG,,,,,,,,,,,,,,,
1837,ZTF J150611.90-025911.7,2MASS 15061192-0259116,6339437360292199680,WISEA J150611.90-025911.7,GALEX J150611.9-025911,226.5496113699388,-2.9865999308808027,839.6201680430047,,15.99,0.33,-0.0402,13.794805,293.06174,14.533464,82.072845,12.953602,102.798615,11.57,0.026,10.97,0.024,10.794,0.023,10.838,0.024,10.856,0.021,10.643,0.079,8.663,,,,21.73819923400879,0.2545999884605407,,,,,AAA,0000,AAAU,SSG,SSG,,,,,,,,,,,,,,,
1838,FL Oct,2MASS 21265818-8542061,6342932295441231104,WISEA J212658.17-854206.3,GALEX J212657.8-854206,321.7419340283619,-85.70173528893733,249.67825666068245,,9.12,0.41,-0.0403,10.013232,740.6579,10.519578,208.00572,9.344207,246.0724,8.407,0.018,7.986,0.029,7.858,0.029,7.744,0.026,7.78,0.021,7.706,0.018,7.66,0.118,20.87619972229004,0.2352,16.56529998779297,0.016499999910593,,,,,AAA,hh00,AAAB,cut,RS,543.0557430051053,3.088174,0.2481100355983163,0.026238073,,,,,Orbital,0.25845757,0.27405152,0.28914946,0.3038074,0.31807116,0.33197895
1839,FH Oct,2MASS 19052503-7826440,6364286563599950592,WISEA J190525.04-782644.2,,286.35437081788604,-78.44565948515567,419.2854563086364,,2.8,0.46,-0.1651,10.957784,635.0482,11.51467,183.15254,10.233422,228.57771,9.274,0.024,8.74,0.057,8.543,0.021,8.406,0.023,8.383,0.02,8.276,0.021,8.16,0.189,,,,,,,,,AAA,0000,AAAB,RS,RS,,,,,,,,,,,,,,,
1840,EQ Tuc,2MASS 22383570-6334212,6404861806838482944,WISEA J223835.73-633421.6,GALEX J223835.6-633420,339.6489158124834,-63.57270276942637,361.542154943207,,1.11,0.07,-0.0455,8.725044,953.661,9.226127,292.92377,8.054096,350.64014,7.211,0.027,6.712,0.038,6.567,0.024,6.528,0.08,6.484,0.024,6.448,0.017,6.264,0.055,19.7775993347168,0.1038,15.523500442504885,0.0070000002160668,,,,,AAA,0000,AAAA,RS,RS,,,,,,,,,,,,,,,
1841,EX Tuc,2MASS 22231134-6235523,6405199872304652672,WISEA J222311.35-623552.3,GALEX J222311.4-623552,335.7973504730912,-62.59790293923671,234.23723413753223,,6.6,0.06,-0.16,11.3882885,373.60513,12.035367,112.27162,10.593814,146.8247,9.583,0.024,8.979,0.024,8.781,0.019,8.627,0.022,8.607,0.019,8.489,0.025,8.115,0.288,20.8435001373291,0.3423,18.42460060119629,0.0584000013768672,,,,,AAA,0000,AAAB,SSG,SSG,,,,,,,,,,,,,,,
1842,V0452 Pav,2MASS 20465564-6653000,6425072892142893440,WISEA J204655.61-665300.3,,311.7317134609666,-66.88346343817113,616.9285279905234,,39.53,0.13,0.0105,10.389766,453.43692,11.009841,130.46805,9.624918,171.44046,8.657,0.023,8.102,0.042,7.885,0.034,7.788,0.029,7.856,0.021,7.761,0.019,7.86,0.248,,,,,,,,,AAA,0000,AAAB,RS,SSG,,,,,,,,,,,,,,,
1843,V0451 Pav,2MASS 19485340-6207527,6442006951757521664,WISEA J194853.36-620752.6,GALEX J194853.4-620752,297.2223439240125,-62.13131275522047,346.34549529746874,,42.43,0.18,-0.0737,9.086336,660.9718,9.69482,222.82993,8.332318,246.70499,7.264,0.029,6.749,0.031,6.573,0.027,6.514,0.073,6.511,0.022,6.452,0.015,6.366,0.048,19.499799728393555,0.1557,16.488300323486328,0.0232999995350837,,,,,AAA,0000,AAAA,RS,SSG,,,,,,,,,,,,,,,
1844,CY Ind,2MASS 21204409-5437592,6463546350186454144,WISEA J212044.08-543759.2,,320.1836453471681,-54.633105555805805,200.1307324015034,,2.4,0.13,-0.19,10.334653,286.74936,10.930648,90.17438,9.583086,103.89838,8.383,0.027,7.87,0.051,7.671,0.031,7.623,0.03,7.63,0.02,7.517,0.017,7.396,0.136,,,,,,,,,AAA,0000,AAAB,SSG,SSG,,,,,,,,,,,,,,,
1845,BH Ind,2MASS 21281987-5249147,6465245404888566784,WISEA J212819.89-524914.5,GALEX J212819.8-524913,322.08293462630536,-52.820709499101625,293.00041602288115,,22.59,0.04,,8.469212,777.1255,9.034862,188.35698,7.748328,289.57205,6.791,0.019,6.252,0.024,6.067,0.02,6.027,0.113,5.93,0.04,5.959,0.015,5.833,0.05,19.1259994506836,0.0602,15.294300079345703,0.0060999998822808,,,,,AAA,0000,BAAA,RS,RS,,,,,,,,,,,,,,,
1846,Z Ind,2MASS 21542436-4956412,6559052816392332288,WISEA J215424.37-495641.1,GALEX J215424.3-495641,328.6016048687864,-49.944782635480266,195.54969698853697,,2.46,0.07,-0.158,10.366532,236.0004,11.045015,70.4195,9.565741,90.568985,8.43,0.029,7.831,0.051,7.608,0.016,7.4,0.035,7.427,0.02,7.316,0.016,7.152,0.099,19.75169944763184,0.1124,17.274499893188477,0.0172000005841255,,,,,AAA,0000,AAAA,SSG,SSG,,,,,,,,,,,,,,,
1847,EI Gru,2MASS 21561694-4008271,6572863438352844800,WISEA J215616.94-400827.1,GALEX J215616.9-400826,329.07065690214296,-40.14090234605218,478.5595773081771,,2.74,0.05,-0.1078,11.59074,394.26962,12.1119175,116.65665,10.898836,152.09213,9.893,0.021,9.398,0.022,9.244,0.02,9.27,0.023,9.293,0.02,9.158,0.03,8.945,0.437,20.93160057067871,0.2036,18.07539939880371,0.0357999987900257,,,,,AAA,0000,AAAC,RS,SSG,,,,,,,,,,,,,,,
1848,V0382 Tel,2MASS 20095522-4559465,6672578457112712576,WISEA J200955.22-455946.7,GALEX J200955.1-455946,302.4801032413886,-45.996359408452406,567.8328826515813,,10.7,0.11,-0.1224,9.017089,725.27185,9.584889,210.6923,8.297235,252.81075,7.382,0.024,6.812,0.04,6.648,0.02,6.618,0.075,6.622,0.024,6.567,0.015,6.493,0.065,20.27359962463379,0.1667,15.974900245666504,0.0130000002682209,,,,,AAA,0000,AAAA,cut,RS,,,,,,,,,,,,,,,
1849,DN Mic,2MASS 20451153-4049576,6678187272084174592,WISEA J204511.55-404957.7,GALEX J204511.5-404957,311.2982385935235,-40.83273164171061,212.9032052777229,,3.59,0.12,-0.4057,10.516449,257.0923,11.106654,79.0034,9.764528,84.39457,8.707,0.017,8.118,0.018,7.923,0.017,7.668,0.029,7.644,0.021,7.553,0.017,7.379,0.111,18.89550018310547,0.0815,16.4419002532959,0.015599999576807,,,,,AAA,0000,AAAB,SSG,SSG,,,,,,,,,,,,,,,
1850,DO Mic,2MASS 20453679-3949566,6678683014390392064,WISEA J204536.80-394956.7,,311.403360769732,-39.832434756170706,280.27924364966964,,12.49,0.12,-0.1607,9.765028,314.18604,10.331837,99.62377,9.044754,116.85061,7.929,0.024,7.378,0.021,7.194,0.027,7.154,0.036,7.199,0.019,7.114,0.018,6.906,0.085,,,,,,,,,AAA,0000,AAAA,RS,SSG,,,,,,,,,,,,,,,
1851,ASAS J201036-4110.3,2MASS 20103596-4110199,6686619461117630336,WISEA J201035.92-411020.0,GALEX J201036.0-411019,302.6497771201339,-41.1721889421119,346.02611711422793,,22.81,0.17,-0.0256,8.525797,596.82855,9.097849,139.99998,7.801703,209.94269,6.832,0.02,6.318,0.042,6.164,0.02,6.146,0.085,6.072,0.036,6.071,0.016,5.993,0.057,19.18880081176757,0.0649,15.822500228881836,0.0092000002041459,,,,,AAA,hh00,AAAA,RS,RS,,,,,,,,,,,,,,,
1852,ASAS J180504-5241.2,2MASS 18050369-5241104,6701698782063560704,WISEA J180503.70-524110.6,GALEX J180503.7-524111,271.26545129668415,-52.686288134992985,1620.187261642502,,41.41,0.36,0.0407,11.604981,563.82245,12.29232,164.9192,10.784446,229.29324,9.753,0.023,9.077,0.025,8.915,0.025,8.698,0.022,8.77,0.019,8.622,0.026,8.484,0.36,,,19.444299697875977,0.0834999978542327,,,,,AAA,0000,AAAC,RS,SSG,,,,,,,,,,,,,,,
1853,QU Ara,2MASS 18050458-5127255,6702801691000981376,WISEA J180504.59-512725.5,,271.26916591215996,-51.457101118140315,1699.4143757090585,,37.23,0.38,-0.1903,12.266085,602.21906,12.873729,173.01712,11.518003,228.80354,10.603,0.021,9.944,0.024,9.833,0.025,9.674,0.023,9.721,0.02,9.644,0.043,8.539,,,,,,,,,,AAA,hh00,AAAU,RS,RS,37.48477440375275,0.019333811,0.0307893222213016,0.029917179,36.43895917248663,1.0756978,,,SB1,0.86840814,0.91250134,0.95511717,0.9964238,1.036559,1.0756373
1854,V0832 Ara,2MASS 18070025-4814500,6707215100624157312,WISEA J180700.23-481450.1,,271.75104809651884,-48.24722011355125,182.98252623762087,,34.6,0.37,,6.885382,897.7848,7.3877816,279.2022,6.2216816,334.3848,5.383,0.021,4.94,0.023,4.801,0.02,4.78,0.212,4.57,0.113,4.735,0.016,4.658,0.029,,,,,,,,,AAA,0000,BBAA,cut,RS,,,,,,,,,,,,,,,
1855,V0753 CrA,2MASS 19174375-4400163,6712758941319393664,WISEA J191743.75-440017.0,,289.43230907573997,-44.004789201830455,118.05891376802649,,9.42,0.24,-0.2994,9.494879,244.15623,10.102952,69.34948,8.748181,94.82704,7.781,0.021,7.175,0.017,7.022,0.017,6.873,0.061,6.869,0.021,6.807,0.017,6.747,0.102,,,,,,,,,AAA,0000,AAAA,RS,SSG,,,,,,,,,,,,,,,
1856,V4139 Sgr,2MASS 19280556-4050050,6737487335786082816,WISEA J192805.58-405005.1,,292.02339982450206,-40.834791864047226,285.4176412749321,,44.77,0.22,0.0954,8.051158,255.29185,8.718222,82.01109,7.2843738,100.69098,6.19,0.021,5.628,0.04,5.409,0.023,5.487,0.123,5.325,0.058,5.377,0.015,5.268,0.032,,,,,,,,,AAA,0000,BAAA,cut,SSG,,,,,,,,,,,,,,,
1857,V5840 Sgr,2MASS 19283203-3507587,6744215934631292160,WISEA J192832.00-350758.9,GALEX J192832.0-350758,292.1333096784772,-35.13307987885469,196.5780124738554,,3.24,0.4,-0.5794,9.373202,477.9676,9.852936,161.94604,8.707138,144.70853,7.716,0.021,7.193,0.021,7.015,0.018,6.945,0.032,6.875,0.02,6.864,0.014,6.702,0.088,19.495100021362305,0.1227,14.965200424194336,0.0091000003740191,,,,,AAA,HHd0,AAAA,RS,RS,,,,,,,,,,,,,,,
1858,ASAS J193352-2955.1,2MASS 19335190-2955040,6752360356559059840,WISEA J193351.91-295504.2,GALEX J193351.9-295504,293.4663134364681,-29.917846935364494,764.1778772585941,,40.38,0.35,-0.0474,9.330635,275.496,10.0351715,74.71217,8.5053,108.437225,7.386,0.024,6.776,0.031,6.566,0.024,6.569,0.075,6.492,0.021,6.497,0.017,6.396,0.062,19.957799911499023,0.1511,17.118799209594727,0.0197000000625848,,,,,AAA,0000,AAAA,RS,RS,,,,,,,,,,,,,,,
1859,V5651 Sgr,2MASS 19113469-3435087,6755551933876228992,WISEA J191134.71-343509.1,GALEX J191134.7-343508,287.89467556457663,-34.58590510301707,215.66613709618616,,3.38,0.23,-0.1465,9.72404,653.35046,10.198462,193.29187,9.072686,192.52124,8.238,0.019,7.755,0.018,7.61,0.023,7.481,0.033,7.514,0.02,7.425,0.022,7.387,0.172,19.410999298095703,0.0877,15.531299591064451,0.0108000002801418,,,,,AAA,0000,AAAB,RS,RS,,,,,,,,,,,,,,,
1860,V5655 Sgr,2MASS 19390645-2544057,6767054573547825536,WISEA J193906.44-254405.8,GALEX J193906.4-254405,294.77686917609003,-25.735002683523977,298.0088457240499,,12.76,0.32,,10.651276,147.22464,11.308177,47.274193,9.861252,51.00557,8.633,0.023,8.063,0.038,7.885,0.021,7.809,0.027,7.797,0.019,7.703,0.02,7.841,0.196,21.2106990814209,0.4549,17.891799926757812,0.0588000006973743,,,,,AAA,0000,AAAB,RS,SSG,,,,,,,,,,,,,,,
1861,ASAS J210831-3425.4,2MASS 21083057-3425251,6777665930205059712,WISEA J210830.57-342525.2,GALEX J210830.5-342525,317.12742167001176,-34.42371840605233,617.8392274497029,,5.09,0.18,-0.1598,11.994202,935.8567,12.561185,270.60242,11.265623,317.8745,10.328,0.024,9.738,0.022,9.604,0.021,9.484,0.023,9.491,0.02,9.353,0.039,8.664,,22.61720085144043,0.3786,18.64859962463379,0.0284000001847744,,,,,AAA,0000,AAAU,RS,SSG,,,,,,,,,,,,,,,
1862,DQ Mic,2MASS 21121898-3336204,6777818453083495552,WISEA J211218.96-333620.7,GALEX J211218.9-333620,318.0789804835349,-33.60580053588269,747.0376516086352,,9.14,0.28,0.0087,12.160203,439.45236,12.825063,126.079,11.362048,160.54102,10.175,0.021,9.549,0.022,9.359,0.021,9.368,0.022,9.358,0.02,9.157,0.035,8.148,,21.9424991607666,0.4703,19.78779983520508,0.068800002336502,,,,,AAA,0000,AAAU,RS,SSG,,,,,,,,,,,,,,,
1863,BN Mic,2MASS 21145271-3111013,6787179866880802816,WISEA J211452.67-311101.6,GALEX J211452.6-311101,318.7193125218222,-31.183908019941107,169.53165715874792,,54.46,0.3,-0.1308,7.604359,478.79562,8.202111,124.98804,6.8596673,159.43852,5.717,0.021,5.227,0.02,4.994,0.023,5.048,0.195,4.917,0.086,5.004,0.014,4.935,0.031,18.649599075317383,0.0931,15.188599586486816,0.0104999998584389,,,,,AEA,0000,BAAA,cut,RS,,,,,,,,,,,,,,,
1864,BM Mic,2MASS 21143114-3045269,6787577134175422848,WISEA J211431.14-304527.3,GALEX J211431.1-304526,318.6297508376557,-30.757658852477757,145.13404955873335,,14.6,0.33,-0.1884,8.103262,736.6759,8.560543,167.91052,7.4790606,267.65274,6.645,0.018,6.211,0.038,6.065,0.017,6.057,0.114,5.905,0.041,6.006,0.015,5.961,0.054,18.35199928283692,0.0749,13.89459991455078,0.0059000002220273,,,,,AAA,0000,BAAA,RS,RS,,,,,,,,,,,,,,,
1865,AU Cap,2MASS 21212967-1509216,6836407098399575424,WISEA J212129.67-150922.0,GALEX J212129.6-150921,320.37369141486454,-15.156174391608952,285.0315567052588,,17.22,0.19,-0.3719,7.5999527,1419.1361,8.244601,473.63147,6.8257737,329.13654,5.831,0.026,5.181,0.034,5.02,0.021,4.971,0.215,4.88,0.071,4.97,0.016,4.892,0.035,18.944499969482425,0.0933,15.752300262451172,0.0113000003620982,,,,,AAA,0000,BAAA,RS,SSG,,,,,,,,,,,,,,,
1866,CSS J213205.4-151437,2MASS 21320544-1514372,6841465745240183552,WISEA J213205.44-151437.4,GALEX J213205.5-151435,323.02270257818395,-15.243757502060202,896.9148503806265,,4.39,0.2,,14.097361,474.90793,14.824065,124.82108,13.259051,168.18329,12.089,0.026,11.463,0.026,11.231,0.021,11.139,0.023,11.097,0.021,11.012,0.138,8.712,,,,21.55780029296875,0.4546999931335449,,,,,AAA,0000,AABU,cut,SSG,,,,,,,,,,,,,,,
1867,BY Cap,2MASS 21413286-1402511,6841803123511245696,,,325.38635549078754,-14.048990118451911,35.89052196515454,,12.1,0.16,,4.9743676,1516.9932,5.324221,728.69635,4.4708266,387.15405,4.125,0.266,3.634,0.244,3.69,0.268,,,,,,,,,,,,,,,,,DDD,,,cut,RS,,,,,,,,,,,,,,,
1868,AS Cap,2MASS 21341656-1329015,6842778837001852288,WISEA J213416.58-132901.4,GALEX J213416.6-132900,323.56912329000295,-13.483737174075468,185.79400163321307,,60.64,0.19,-0.0679,7.436908,335.9482,7.96583,97.00833,6.7496815,105.02468,5.929,0.024,5.374,0.029,5.255,0.016,5.124,0.191,5.038,0.078,5.141,0.014,5.076,0.029,19.00589942932129,0.097,14.583900451660156,0.0085000004619359,,,,,AAA,0000,BAAA,cut,RS,,,,,,,,,,,,,,,
1869,CSS J215021.3-112311,2MASS 21502136-1123104,6844287951070576512,WISEA J215021.36-112310.7,GALEX J215021.3-112309,327.58901173322744,-11.386344746565976,1732.1940247824468,,9.56,0.14,-0.1623,14.761354,345.38992,15.329807,105.56462,14.042369,122.91458,12.989,0.022,12.446,0.022,12.32,0.026,12.275,0.023,12.261,0.026,12.185,0.443,8.368,,,,22.06439971923828,0.3260999917984009,,,,,AAA,0000,AACU,RS,SSG,,,,,,,,,,,,,,,
1870,ASAS J200155-2239.2,2MASS 20015462-2239131,6852177599838326272,WISEA J200154.62-223913.2,GALEX J200154.6-223913,300.4775750299215,-22.65370520933148,1298.272239283472,,31.7,0.4,-0.155,11.485899,688.95844,12.180926,222.54054,10.676037,284.4564,9.57,0.023,8.948,0.022,8.733,0.02,8.685,0.023,8.748,0.02,8.664,0.029,8.195,0.344,,,19.54400062561035,0.0869999974966049,,,,,AAA,0000,AAAB,RS,SSG,32.293788892801516,0.009299656,0.0046867138519556,0.01319554,35.76817227190943,0.46883625,,,SB1,0.78803813,0.82890105,0.86839795,0.9066846,0.9438885,0.9801157
1871,AT Cap,2MASS 20293685-2107346,6859133316553762944,WISEA J202936.86-210734.8,GALEX J202936.8-210734,307.40358622403255,-21.126363495261096,492.2423940820943,,23.18,0.16,,8.50305,804.0068,9.118602,252.64175,7.747945,300.33795,6.779,0.021,6.171,0.031,5.998,0.033,5.913,0.132,5.877,0.041,5.904,0.017,5.79,0.051,20.010099411010746,0.1392,15.53439998626709,0.0094999996945261,,,,,AAA,0000,BAAA,RS,RS,,,,,,,,,,,,,,,
1872,CSS J203348.9-191839,2MASS 20334902-1918395,6859785842344124800,WISEA J203349.01-191839.4,GALEX J203349.0-191839,308.4542209584582,-19.31096963901689,1401.7637070406718,,7.15,0.22,-0.0403,13.970851,334.83926,14.597167,106.35363,13.193701,135.7755,12.111,0.024,11.534,0.022,11.412,0.023,11.348,0.023,11.368,0.021,11.11,0.165,8.1,,,,21.74620056152344,0.2736000120639801,,,,,AAA,0h00,AABU,RS,SSG,,,,,,,,,,,,,,,
1873,CSS J203315.5-173955,2MASS 20331554-1739547,6862402989255571200,WISEA J203315.55-173954.9,GALEX J203315.4-173953,308.31480849527,-17.66526384958943,1660.6037650027183,,1.26,0.18,-0.4682,14.917407,441.98184,15.599101,92.726715,14.121502,117.18374,12.87,0.025,12.276,0.026,12.144,0.031,12.143,0.024,12.064,0.024,11.637,0.253,8.961,,,,21.74970054626465,0.3980000019073486,,,,,AAA,0000,AABU,SSG,SSG,,,,,,,,,,,,,,,
1874,V4091 Sgr,2MASS 20060266-1842156,6867572716834202624,WISEA J200602.67-184215.5,,301.51111010562465,-18.704374625382904,243.78540337398192,,16.92,0.34,-0.3688,8.008774,1473.605,8.644966,424.4558,7.2447686,510.47284,6.302,0.021,5.688,0.031,5.539,0.018,5.435,0.152,5.331,0.064,5.43,0.017,5.328,0.038,,,,,,,,,AAA,0000,BAAA,RS,SSG,,,,,,,,,,,,,,,
1875,V5844 Sgr,2MASS 19350379-1833570,6869662514781770112,WISEA J193503.79-183356.8,GALEX J193503.8-183357,293.76582855394287,-18.565807477240153,558.2873898800525,,45.6,0.28,0.0698,8.687061,353.61987,9.363998,97.85741,7.893817,107.40605,6.931,0.018,6.337,0.044,6.083,0.031,6.041,0.092,5.955,0.032,6.024,0.015,5.895,0.048,20.39550018310547,0.163,16.74839973449707,0.0209999997168779,,,,,AAA,0000,AAAA,RS,RS,,,,,,,,,,,,,,,
1876,BPS CS 22950-0027,2MASS 20190296-1402045,6876368298759473024,WISEA J201902.98-140204.5,,304.76246172096717,-14.03461588382997,208.39805386625463,,11.78,0.19,-0.0382,10.157715,256.3793,10.819265,71.25642,9.357618,93.84236,8.328,0.018,7.715,0.042,7.562,0.024,7.407,0.035,7.406,0.021,7.318,0.018,7.23,0.124,,,,,Yes,Variable H-alpha,Normal Emission,Variable,AAA,0000,AAAB,SSG,SSG,11.7364,0.1499,0.0084,0.0106,26.006,0.157,,,SB1,0.3110646,0.33007476,0.348495,0.3663911,0.383817,0.40081772
1877,ZTF J201126.08-103032.7,2MASS 20112609-1030327,6881347024849536896,WISEA J201126.09-103032.8,GALEX J201126.0-103032,302.8587036854879,-10.509112071319564,1108.8480265050912,,8.25,0.26,-0.4317,13.792786,651.6216,14.341404,211.08955,13.081275,231.66525,12.036,0.021,11.509,0.022,11.416,0.023,11.36,0.023,11.374,0.022,11.53,0.233,9.0,,,,20.314599990844727,0.1483000069856643,,,,,AAA,0000,AABU,RS,SSG,,,,,,,,,,,,,,,
1878,CSS J205936.3-155455,2MASS 20593640-1554551,6883325733458260096,WISEA J205936.38-155455.1,,314.9016039137501,-15.91532197929462,854.5193762904007,,12.83,0.14,-0.3137,13.442678,442.40744,14.006626,126.93607,12.680238,162.62006,11.65,0.027,11.09,0.028,10.926,0.025,10.786,0.023,10.81,0.02,10.832,0.139,8.861,,,,,,,,,,AAA,0000,AABU,RS,SSG,,,,,,,,,,,,,,,
1879,CSS J205535.2-153510,2MASS 20553520-1535107,6883572264581205632,WISEA J205535.19-153510.7,,313.8966487965512,-15.58632320528795,1441.8780184039642,,10.65,0.18,,12.821631,331.7328,13.404345,92.97399,12.083112,122.10275,11.103,0.022,10.525,0.022,10.405,0.023,10.203,0.023,10.189,0.021,10.036,0.069,8.201,,,,,,,,,,AAA,0000,AAAU,RS,RS,,,,,,,,,,,,,,,
1880,CSS J211726.2-142909,2MASS 21172615-1429083,6884548729690126464,WISEA J211726.16-142908.1,GALEX J211726.1-142907,319.35901528687776,-14.485612567888811,1421.0480893374022,,3.14,0.16,-0.702,14.874966,242.26505,15.408408,74.69024,14.15812,85.05526,13.211,0.027,12.599,0.028,12.578,0.029,12.478,0.023,12.438,0.025,11.692,0.248,8.34,,,,21.05340003967285,0.2590999901294708,,,,,AAA,0000,AABU,RS,SSG,,,,,,,,,,,,,,,
1881,CSS J211505.3-144444,2MASS 21150532-1444443,6884609413283181824,WISEA J211505.32-144444.3,GALEX J211505.3-144443,318.7721939906664,-14.7456841467536,1295.3478026154228,,10.24,0.23,-0.1337,13.784959,572.9614,14.336866,188.88777,13.070995,162.63237,12.237,0.024,11.617,0.026,11.516,0.024,11.421,0.023,11.447,0.023,11.428,0.244,8.7,,,,20.69599914550781,0.1498000025749206,,,,,AAA,0000,AABU,RS,SSG,,,,,,,,,,,,,,,
1882,CSS J210325.1-144013,2MASS 21032517-1440138,6885176795643046016,WISEA J210325.16-144013.9,,315.85486961897954,-14.670527404394797,1905.1533462753,,3.6,0.13,-0.501,15.531066,268.74835,16.169765,77.460686,14.7367735,93.89946,13.652,0.024,12.968,0.022,12.86,0.031,12.823,0.024,12.792,0.028,11.435,,8.531,,,,,,,,,,AAA,0000,AAUU,SSG,SSG,,,,,,,,,,,,,,,
1883,CSS J213752.2-102233,2MASS 21375227-1022336,6893394579908556928,WISEA J213752.27-102233.7,,324.46781448639535,-10.37606483429782,1632.3784913376392,,11.41,0.11,-0.0441,15.076989,271.41315,15.701503,77.031944,14.30739,101.55537,13.16,0.027,12.582,0.021,12.501,0.026,12.422,0.024,12.453,0.026,11.809,0.323,9.041,,,,,,,,,,AAA,0000,AABU,SSG,SSG,,,,,,,,,,,,,,,
1884,CSS J211323.5-111315,2MASS 21132359-1113165,6895169569632891008,WISEA J211323.60-111316.6,,318.3483367293273,-11.221254895415436,1042.5906957427478,,6.36,0.11,,14.175289,351.8246,14.765144,101.95292,13.425119,125.06103,12.32,0.032,11.736,0.029,11.606,0.027,11.617,0.033,11.591,0.031,11.319,0.268,8.171,,,,,,,,,,AAA,0000,AABU,SSG,SSG,,,,,,,,,,,,,,,
1885,ZTF J211654.90-082709.4,2MASS 21165490-0827094,6896135628037171456,WISEA J211654.89-082709.4,,319.22875611499836,-8.452638868286224,1306.7486678541657,,6.07,0.33,-0.1297,14.32285,199.91151,15.035426,60.24982,13.479491,69.89963,12.069,0.022,11.459,0.022,11.306,0.021,11.327,0.023,11.336,0.023,11.388,0.222,8.72,,,,,,,,,,AAA,0000,AABU,SSG,SSG,,,,,,,,,,,,,,,
1886,CSS J211448.8-074932,2MASS 21144892-0749324,6898478549876628096,WISEA J211448.92-074932.4,GALEX J211448.8-074932,318.70387015932647,-7.825669398609127,1427.375050083029,,50.14,0.38,0.0186,13.949275,252.98541,14.659907,78.414024,13.123626,89.856285,12.09,0.025,11.423,0.024,11.236,0.029,11.129,0.023,11.143,0.021,11.002,0.143,8.922,,,,22.296499252319336,0.3973999917507171,,,,,AAA,0000,AABU,SSG,SSG,,,,,,,,,,,,,,,
1887,CSS J212324.6-045923,2MASS 21232464-0459231,6899495838650916736,WISEA J212324.65-045923.0,GALEX J212324.6-045922,320.85275329923473,-4.989712395011515,992.2582878515988,,11.13,0.2,-0.2968,13.805248,333.81088,14.400937,88.254105,13.062539,120.87471,12.096,0.024,11.502,0.022,11.393,0.021,11.268,0.023,11.258,0.021,11.17,0.136,8.969,,,,21.757999420166016,0.3246000111103058,,,,,AAA,d000,AABU,RS,SSG,,,,,,,,,,,,,,,
1888,ZTF J205426.56-092453.5,2MASS 20542655-0924535,6902758330168660992,WISEA J205426.56-092453.6,GALEX J205426.6-092455,313.61070071724794,-9.414889152685191,1647.0552705647278,,5.72,0.2,-0.7642,15.596624,172.6511,16.230125,47.30385,14.7881,63.424774,13.639,0.027,13.023,0.027,12.911,0.032,12.904,0.024,12.851,0.028,11.733,,8.589,,,,22.399799346923828,0.4643000066280365,,,,,AAA,0000,AAUU,SSG,SSG,,,,,,,,,,,,,,,
1889,CY Cap,2MASS 20284227-0943169,6904895196660191488,WISEA J202842.28-094317.0,GALEX J202842.2-094317,307.17621843754125,-9.721411817475822,356.3287832636468,,2.4,0.23,-0.1304,8.989002,1035.46,9.440846,266.53314,8.363445,411.33194,7.687,0.018,7.277,0.031,7.131,0.024,6.98,0.056,7.055,0.02,7.008,0.017,6.903,0.095,18.75180053710937,0.0556,15.173800468444824,0.0057999999262392,,,,,AAA,0000,AAAA,RS,RS,,,,,,,,,,,,,,,
1890,CSS J210416.7-073638,2MASS 21041682-0736385,6909188171089910912,WISEA J210416.81-073638.7,GALEX J210416.7-073637,316.0700402790969,-7.610753709373955,1265.3191961033422,,4.04,0.22,,14.552477,196.69424,15.267395,53.499508,13.706828,69.335594,12.573,0.024,11.926,0.027,11.717,0.024,11.57,0.023,11.536,0.023,11.67,0.273,8.61,,,,21.40699958801269,0.2721999883651733,,,,,AAA,0000,AABU,SSG,SSG,,,,,,,,,,,,,,,
1891,CSS J211623.4-045719,2MASS 21162342-0457196,6911474055762733056,WISEA J211623.42-045719.6,,319.09766056830694,-4.955455058351673,717.8711037513207,,10.51,0.22,-0.2563,13.834829,266.09125,14.488072,88.23346,13.0114975,129.32329,11.915,0.024,11.329,0.023,11.132,0.021,11.052,0.024,11.092,0.021,11.208,0.174,8.709,,,,,,,,,,AAA,0000,AABU,cut,SSG,,,,,,,,,,,,,,,
1892,ZTF J205114.59-054224.6,2MASS 20511459-0542247,6913291926440962816,WISEA J205114.59-054224.8,,312.8108275651635,-5.706873784781279,1787.2468321142228,,5.1,0.17,-0.3914,15.628636,633.4801,16.200417,168.12291,14.892386,195.48224,13.946,0.026,13.4,0.031,13.288,0.038,13.241,0.025,13.285,0.03,12.165,,8.694,,,,,,,,,,AAA,d000,AAUU,SSG,SSG,,,,,,,,,,,,,,,
1893,CSS J204457.8-035836,2MASS 20445781-0358372,6914639412301202048,WISEA J204457.82-035837.2,GALEX J204457.7-035836,311.2409144871264,-3.97700729008904,1311.3493848926844,,2.89,0.13,,14.523856,431.99057,15.117197,135.18668,13.784661,128.13849,12.676,0.023,12.099,0.026,11.98,0.025,11.955,0.022,11.956,0.022,11.765,0.264,8.002,,,,21.56279945373535,0.25450000166893,,,,,AAA,0000,AABU,SSG,SSG,,,,,,,,,,,,,,,
1894,V0365 Aqr,2MASS 20540922-0245338,6916516686669984000,WISEA J205409.22-024533.7,,313.53847279548836,-2.759387171322357,352.66024522740815,,1.58,0.25,-0.1411,10.392559,535.88855,10.903224,200.76855,9.6942425,232.52567,8.806,0.02,8.318,0.036,8.16,0.033,8.115,0.023,8.184,0.021,8.09,0.03,7.903,0.48,,,,,,,,,AAA,0000,AAAC,cut,RS,,,,,,,,,,,,,,,
